review,clean_review,voted_up,label
I really loved the game but itll take you a long time to learn all the tactics and things to become really good at the game!,really loved game itll take long time learn tactic thing become really good game,True,1
i cant join the game for some reason,cant join game reason,False,0
"these new games are just living in the MASSIVE shadow of black ops 3. to revive the franchise they must remaster the good games. they did it once with mwr. that remaster did amazingly. they now need to remaster  bo1, bo2, bo3 and bo4. mw19 is still too new to remaster but that was the very last good call of duty. oh, and the prices... theyre insane. charging £70 for mid at best multiplayer and zombies. the main aspects of these new games are the store. appauling. and theyre doing nothing about it... know why? i do! microsoft. money hungry pigs. dont care about anything else, as long as theyre making money. never again buying a call of duty, unless its an amazing remastered call of duty, with as little microtransactions as possible.",new game living massive shadow black ops revive franchise must remaster good game mwr remaster amazingly need remaster bo bo bo bo mw still new remaster last good call duty oh price theyre insane charging mid best multiplayer zombie main aspect new game store appauling theyre nothing know microsoft money hungry pig dont care anything else long theyre making money never buying call duty unless amazing remastered call duty little microtransactions possible,False,0
Its fun of course you have cheaters but besides that its a game ment to be fun even though some people take it to serious,fun course cheater besides game ment fun even though people take serious,True,1
I play this game as a casual player on PC. I have no mods or hack and I was shadow banned. I have two accounts. Both have been placed in limited matchmaking. Not spending any more money with Activision.,play game casual player pc mod hack shadow banned two account placed limited matchmaking spending money activision,False,0
shit game i downloaded 120 gb for nothing to be played for free,shit game downloaded gb nothing played free,False,0
the gameplay is super fun but everything else is dogshit you need at least an hour to just configure your SETTINGS and as you probably know the community (in warzone specifically) is super toxic. in fact so many people reported me for being a noob that i got shadow-banned.,gameplay super fun everything else dogshit need least hour configure setting probably know community warzone specifically super toxic fact many people reported noob got shadowbanned,False,0
"Its very fun but makes your DAMN computer lag
",fun make damn computer lag,True,1
"dont you dare click the download button
",dont dare click download button,False,0
i dont get why people hate bo6 or warzone so much ive been playing call of duty since bo2 and ive never hated a single game the only one i didnt really like was vanguard,dont get people hate bo warzone much ive playing call duty since bo ive never hated single game one didnt really like vanguard,True,1
"The game is full of cheaters and trolls, yet Activision will ban you for being “toxic” while ignoring the real problems. Terrible experience.

Rating: 1/5 stars",game full cheater troll yet activision ban toxic ignoring real problem terrible experience rating star,False,0
At some point an update made this game take up all of my CPU utilization and doesn't run anymore. Literally unplayable,point update made game take cpu utilization doesnt run anymore literally unplayable,False,0
they ban me for no reason.,ban reason,False,0
The devs has lost touch with what people want. Profit over gameplay.,devs lost touch people want profit gameplay,False,0
i like the game it so amazing for me that all..,like game amazing,True,1
no idea what they have done recently to the servers for black ops 6 zombies but its horrible. out of 5 games 4 of them i have crashed whiles spending a very long time playing in a match just for the game to crash. not happy...,idea done recently server black ops zombie horrible game crashed while spending long time playing match game crash happy,False,0
"game is mid at best. Gunplay is good and thats about it. perks glitching every 2 days maps are shit and players camp a lot. Including me lol. and you get chat banned for saying literally any fucking curse word call of duty has gone soft i miss when you could curse somebody out and have a laugh, now you get voice banned for weeks at a time. so bad just so bad",game mid best gunplay good thats perk glitching every day map shit player camp lot including lol get chat banned saying literally fucking curse word call duty gone soft miss could curse somebody laugh get voice banned week time bad bad,False,0
i have a bug now where i cant load and the loading screen freezes 8.25/10,bug cant load loading screen freeze,True,1
its a good game it give you all the action you want,good game give action want,True,1
"The game punishes good, honest players. You pay for skins, you get buffs. You are good with no cheats, your damage and health are lowered. You can get banned for saying ""No h*m*"" but are totally fine saying ni**er. I spelled out the word flaggot and got banned on voice chat. Too easy for cheaters to not get caught by the ""anti-cheat"" software. It's essentially become fortnight military edition, its absolute garbage now. but warzone can still be fun sometimes with an honest lobby.",game punishes good honest player pay skin get buff good cheat damage health lowered get banned saying hm totally fine saying nier spelled word flaggot got banned voice chat easy cheater get caught anticheat software essentially become fortnight military edition absolute garbage warzone still fun sometimes honest lobby,False,0
this is a great game if you wnat to have fun and a violen ce game also be ready for the sweats,great game wnat fun violen ce game also ready sweat,True,1
"I can't in good conscience recommend this. The graphics are worse than Black Ops 2, the skins ruin the entire aesthetic, and it'll be replaced by another in a year.

The zombies mode is fun, but man it has issues.",cant good conscience recommend graphic worse black ops skin ruin entire aesthetic itll replaced another year zombie mode fun man issue,False,0
"i would rather have a dog munch on my balls for 16 hours inch by inch than playing againts these sweaty no grass touching gays they munch on eachothers balls fun . Very positive experience if u want to rip your hair off,of your scalp overall rating 10/10 (i was forced by an activision employee sent to my house with a swat team to do the 10/10 rating )",would rather dog munch ball hour inch inch playing againts sweaty grass touching gay munch eachothers ball fun positive experience want rip hair offof scalp overall rating forced activision employee sent house swat team rating,True,1
fix your fucking game. cant even use heaphones on stereo mode on this shit game. how can a single software developer make better games than AAA studios. ffs. This game was free and I still want my money back!,fix fucking game cant even use heaphones stereo mode shit game single software developer make better game aaa studio ffs game free still want money back,False,0
"I downloaded a 140GB ""game"" and all i got was a launcher and a prompt telling me to download another 150GB for warzone. wtf?",downloaded gb game got launcher prompt telling download another gb warzone wtf,False,0
good game bot a little suck at the servers,good game bot little suck server,True,1
An amazing shooting game (Story mode is awesome R.I.P soap),amazing shooting game story mode awesome rip soap,True,1
"Specs:
RX 9070
Ryzen 5600
32 GB RAM
Installed on 2TB SSD

I've only played Warzone's Casual Battle Royale (150 + bots) and I am enjoying it. However, the game has problems that do hinder the experience.

The short version is if you like COD, have a decent rig, and have friends who want to play Warzone then download and play it. Otherwise you're better off playing something else.

Good:
- Gameplay is fast
- Loads of weapons
- Challenges to do in-between shootouts
- Lots of customisation
- Vehicles speed up traversing the map
- Plenty of unique battlegrounds
- Multiple ways to respawn/revive

Cons:
- Performance is sluggish (all low settings and not getting higher than 110fps)
- Slow load times between matches and respawn states (Running on SSD)
- Map is too big
- Lots of nothing going on
- Game heavily leans on mid to long-range combat so weapons like shotguns are underwhelming
- Grenades and abilities feel useless
- Time to kill is inconsistent
- Challenges are basic 'go here' or 'wait here' missions
- Over 150GB's of storage required (even if only playing warzone)
- Extremely messy and cluttered UI
- Store is completely pointless and full of awful skins",spec rx ryzen gb ram installed tb ssd ive played warzones casual battle royale bot enjoying however game problem hinder experience short version like cod decent rig friend want play warzone download play otherwise youre better playing something else good gameplay fast load weapon challenge inbetween shootout lot customisation vehicle speed traversing map plenty unique battleground multiple way respawnrevive con performance sluggish low setting getting higher fps slow load time match respawn state running ssd map big lot nothing going game heavily lean mid longrange combat weapon like shotgun underwhelming grenade ability feel useless time kill inconsistent challenge basic go wait mission gb storage required even playing warzone extremely messy cluttered ui store completely pointless full awful skin,False,0
very fun i just started 10x better than fortnite one of the best anti cheat systems i have seen no hackers at all,fun started better fortnite one best anti cheat system seen hacker,True,1
"The best game to listen to music 
",best game listen music,True,1
"100 gb for a freaking launcher is crazy, and that doesn't even include the free games, you still have to download warzone, and if you have any paid games, seperately. If you like COD expect to use about 500gb for 2-3 games. Also I'm lazy and use copypasta review templates for most of my reviews soooooooo here also i said it's free cause warzone is but you still have to buy the other games.


---{ Graphics }---
☐ You forget what reality is
☑ Beautiful
☐ Good
☐ Decent
☐ Bad
☐ Don‘t look too long at it
☐ MS-DOS

---{ Gameplay }---
☑ Very good
☐ Good
☐ It's just gameplay
☐ Mehh
☐ Watch paint dry instead
☐ Just don't

---{ Audio }---
☑ Eargasm
☐ Very good
☐ Good
☐ Not too bad
☐ Bad
☐ I'm now deaf

---{ Audience }---
☐ Kids
☑ Teens
☑ Adults
☐ Grandma

---{ PC Requirements }---
☐ Check if you can run paint
☐ Potato
☐ Decent
☑ Fast
☐ Rich boi
☐ Ask NASA if they have a spare computer

---{ Game Size }---
☐ Floppy Disk
☐ Old Fashioned
☐ Workable
☐ Big
☐ Will eat 15% of your 1TB hard drive
☐ You will want an entire hard drive to hold it
☑ You will need to invest in a black hole to hold all the data

---{ Difficulty }---
☐ Just press 'W'
☐ Easy
☑ Easy to learn / Hard to master
☐ Significant brain usage
☐ Difficult
☐ Dark Souls

---{ Grind }---
☐ Nothing to grind
☑ Only if u care about leaderboards/ranks
☐ Isn't necessary to progress
☐ Average grind level
☐ Too much grind
☐ You'll need a second life for grinding

---{ Story }---
☑ No Story
☐ Some lore
☐ Average
☐ Good
☐ Lovely
☐ It'll replace your life

---{ Game Time }---
☐ Long enough for a cup of coffee
☐ Short
☐ Average
☑ Long
☐ To infinity and beyond

---{ Price }---
☑ It's free!
☐ Worth the price
☐ If it's on sale
☐ If u have some spare money left
☐ Not recommended
☐ You could also just burn your money

---{ Bugs }---
☑ Never heard of
☐ Minor bugs
☐ Can get annoying
☐ ARK: Survival Evolved
☐ The game itself is a big terrarium for bugs

---{ ? / 10 }---
☐ 1
☐ 2
☐ 3
☐ 4
☐ 5
☐ 6
☐ 7
☑ 8
☐ 9
☐ 10

---{ Author }---
☑ https://vojtastruhar.github.io/steam-review-template 

Still recommend but only if you have a 500GB-1TB hard drive dedicated to it.",gb freaking launcher crazy doesnt even include free game still download warzone paid game seperately like cod expect use gb game also im lazy use copypasta review template review soooooooo also said free cause warzone still buy game graphic forget reality beautiful good decent bad dont look long msdos gameplay good good gameplay mehh watch paint dry instead dont audio eargasm good good bad bad im deaf audience kid teen adult grandma pc requirement check run paint potato decent fast rich boi ask nasa spare computer game size floppy disk old fashioned workable big eat tb hard drive want entire hard drive hold need invest black hole hold data difficulty press easy easy learn hard master significant brain usage difficult dark soul grind nothing grind care leaderboardsranks isnt necessary progress average grind level much grind youll need second life grinding story story lore average good lovely itll replace life game time long enough cup coffee short average long infinity beyond price free worth price sale spare money left recommended could also burn money bug never heard minor bug get annoying ark survival evolved game big terrarium bug author still recommend gbtb hard drive dedicated,True,1
thus shi makes me wanna buy a shotgun and 1 single shell and just blow my shi smooth off twin.,thus shi make wanna buy shotgun single shell blow shi smooth twin,False,0
Membazir masa dan menjadikan orang islam tidak mengaji dan melewatkan solat.. semoga bertaubat,membazir masa dan menjadikan orang islam tidak mengaji dan melewatkan solat semoga bertaubat,False,0
117GB for a launcher is insane. Doesnt even install anything with it. THEY'RE ALL SEPARATE,gb launcher insane doesnt even install anything theyre separate,False,0
"to many sweats  but fun to play:D
",many sweat fun playd,True,1
"so more heavier than wz2 for i3 10105F
",heavier wz,False,0
there is alot of sweats but it is not that bad from when you start out the game,alot sweat bad start game,True,1
"Be sensible, don't buy BO7, if you want just buy the older COD/BF games or buy BF6",sensible dont buy bo want buy older codbf game buy bf,False,0
I love cod but everyone is hating until they play the game,love cod everyone hating play game,True,1
Game is a hot mess every update breaks more than it fixes and every game plays as if money on the line,game hot mess every update break fix every game play money line,False,0
"The pros do not outway the cons of this game.
+ it's straightforward
+ zombies is great fun
+ good for a few rounds

- it's becoming fortnite because skins skins skins
- the game is 250 GB, I mean...
- every week or so there is an update of 20 GB
- battle pass is annoying, because you can't earn the in game currency back it requires",pro outway con game straightforward zombie great fun good round becoming fortnite skin skin skin game gb mean every week update gb battle pas annoying cant earn game currency back requires,False,0
this is the beast game ever i love this game,beast game ever love game,True,1
I just downloaded this 120GB only to find out it has NO GAME INSIDE!!,downloaded gb find game inside,False,0
Game is shit way too laggy can't even drop without getting shot out of the air,game shit way laggy cant even drop without getting shot air,False,0
"ts pmo, only playing to do everything but prob gonna drop after bo7 comes out. Massive L cod again",t pmo playing everything prob gonna drop bo come massive cod,False,0
PERSONALLY i love this game but i did find it tricky to get used to,personally love game find tricky get used,True,1
have not been able to play in weeks do due a Travis Rilea error.,able play week due travis rilea error,False,0
"Maps are pretty bland and repetitive, Movement is almost excessive to anyone but the adderal lined nostrils of leet gamers.... And the sheer amount of micro transactions ruin the in game experience and that is to say nothing of the ridiculous file size. Nearly 400gigs of a soulless game.",map pretty bland repetitive movement almost excessive anyone adderal lined nostril leet gamers sheer amount micro transaction ruin game experience say nothing ridiculous file size nearly gig soulless game,False,0
I would really recommend to play this game if you want to get a aggresive 4 stage testicular cancer. Free Kanye arrest Ye,would really recommend play game want get aggresive stage testicular cancer free kanye arrest ye,False,0
"It's gritty fortnight. I'm not sure who the target demographic is, but it's somebody. I play with my girlfriend, but if not for her, I'd never touch it again. Also, with the new ""anti-cheat"" stuff going off so poorly, they're going to ban half their pc base because their software is inadequate. And yes, I have TPM 2.0 and Secureboot both active. I still get the notification that they aren't. All drivers are up to date. No other game has these issues.",gritty fortnight im sure target demographic somebody play girlfriend id never touch also new anticheat stuff going poorly theyre going ban half pc base software inadequate yes tpm secureboot active still get notification arent driver date game issue,False,0
"I bought this game on steam years ago, logged 25 hours on it, but now can't launch it and some error message claims ""no licenses"".

Pre-ordering Battlefield now.",bought game steam year ago logged hour cant launch error message claim license preordering battlefield,False,0
this games a piece of shit can't even log the fuck in,game piece shit cant even log fuck,False,0
"A time-wasting series. I do not advise anyone to spend a single dollar on this failed series, which belongs to the exploitative company Activision.",timewasting series advise anyone spend single dollar failed series belongs exploitative company activision,False,0
retards who get ZERO game no lfe this game.,retard get zero game lfe game,False,0
"imagine hating what cod has become, you leave the game for 3+ years and then come back to play some wz with co-workers that are going through a tough time.... you naai mense l/r/center and after spending a K on a poes game you have to get kicked out to verify files, but the poes bots and hckrs continue.... this is why i stoped playing as this is a dying legacy... much like tyson and jake paul
",imagine hating cod become leave game year come back play wz coworkers going tough time naai mense lrcenter spending poe game get kicked verify file poe bot hckrs continue stoped playing dying legacy much like tyson jake paul,False,0
"Just uninstalled this piece of shit, worst call of duty ever. Ranked is absolutely awful. Half the time you are trying to regain your SR from crashes and dumbass dev errors that have been in the game since launch. Fuck this dogshit game and fuck activision.",uninstalled piece shit worst call duty ever ranked absolutely awful half time trying regain sr crash dumbass dev error game since launch fuck dogshit game fuck activision,False,0
"If you Like COD, This is COD...",like cod cod,True,1
If you have fun having your gameplay be altered and controlled for monetary gain then this is the game for you!!!!!,fun gameplay altered controlled monetary gain game,False,0
"very bad game that give me ban after 1k and 300 hrs in game and steam for nothing 
i just played ranked and never cheat . anti cheat here not working well . giving you ban after some reports from players without any prove or check even",bad game give ban hr game steam nothing played ranked never cheat anti cheat working well giving ban report player without prove check even,False,0
"If you seriously need to read a review for a... COD game

Are you living in a rock?

Nah, stop it. We dont need your validation to tell me or anyone else how bad this game is. 

WE. KNOW. 

Just stop. 

You dont like it? Well dont read the review then? Why are you here?

Seriously, we dont need you to tell us how bad the game is, how stupid the microtransaction and skins, WE. KNOW.

Just go, go play your own game, let us play our own game. Easy right?",seriously need read review cod game living rock nah stop dont need validation tell anyone else bad game know stop dont like well dont read review seriously dont need tell u bad game stupid microtransaction skin know go go play game let u play game easy right,True,1
a lot of cheaters and lag in the server,lot cheater lag server,False,0
This game does not respect the player.,game respect player,False,0
"definitly not as good as previous cods but its alright
",definitly good previous cod alright,True,1
took almost 3hrs to only play 3 match,took almost hr play match,False,0
"Honestly, I thought this game was going to be worth it but the amount of time I have spent. I really wish it was put into another game. This game has constant bugs, crashes 3-4 times a day and I've been trying to update this and update that all night, this game is not what COD should've become I grew up playing the old COD 4 and loved it, but this... is a waste of time. I just am not looking forward to BO7, because I know it'll be the same thing where it crashes constantly and I will not have enjoyment. To this day I still hop on BF4 and BF1 and I have had 0 issues! BF6 for the win.  :[]",honestly thought game going worth amount time spent really wish put another game game constant bug crash time day ive trying update update night game cod shouldve become grew playing old cod loved waste time looking forward bo know itll thing crash constantly enjoyment day still hop bf bf issue bf win,False,0
Trash. Full of cheaters and goofy skins.,trash full cheater goofy skin,False,0
"everyone and their mother love to sit in corners with shotguns and stroke their e peen

10/10 would recommend if your looking to kys",everyone mother love sit corner shotgun stroke peen would recommend looking ky,True,1
okay its good if you play max grapics and a good pc like 4070 and higher with ryzen 7 and higer but with bad devices like ps5 then no it sucks,okay good play max grapics good pc like higher ryzen higer bad device like p suck,False,0
cod is absolutely dead. treyarch/sledgehammer only care about money and it shows. SO many cheaters and a lot of bugs. they would rather drop a $20 shitty skin bundle than fix whats left of the hollow soul Call Of Duty once was. can we go back to when the put time into this game and it wasn't just a reskin of the year before? this game needs to fully die for activision to realize this game is terrible :/,cod absolutely dead treyarchsledgehammer care money show many cheater lot bug would rather drop shitty skin bundle fix whats left hollow soul call duty go back put time game wasnt reskin year game need fully die activision realize game terrible,False,0
its not for everyone but if you really are into it give it a go!,everyone really give go,True,1
What's the point in removing carry forward when you could've added a skin filter to the next game instead,whats point removing carry forward couldve added skin filter next game instead,False,0
dosnt work half th etime and they remove any fun game modes,dosnt work half th etime remove fun game mode,False,0
"Full of cheaters, console auto-aim morons, players flying like monkeys above you cause of the game's ""movement"".",full cheater console autoaim moron player flying like monkey cause game movement,False,0
"new anticheat update bricked my multiplayer, fuck this new wave of lazy companies putting the onus on us to change settings and shit cause theyre too dumb to make working anticheat",new anticheat update bricked multiplayer fuck new wave lazy company putting onus u change setting shit cause theyre dumb make working anticheat,False,0
"Where to start?
If you like constant software patches, game crashes, random disconnects, lobbies with no audio, stupid fortnite skins, lobbys filled with cheaters and my personal favorite CHAT BANS; Then this is the game for you! 
I knew they were going to fail us, as they always do but man oh man if their level of failing was gradable id say they did a solid B+.",start like constant software patch game crash random disconnect lobby audio stupid fortnite skin lobby filled cheater personal favorite chat ban game knew going fail u always man oh man level failing gradable id say solid,False,0
"
Activision: 
Here comes the money (here we go, money talks)
Here comes the money
Money, money, money, money
Money, money, money, money, money (dolla dolla, dolla dolla)
Ching ching, bling bling, cut the chatter
You ain't talkin' money, then your talking don't matter
Ching ching, bling bling, pattin' pockets
We take the dolla dolla, can't a damn soul stop it
Shock it (uh)
Here comes the new kid on the block
Hold all your bets, here's where the buck stops
See first of all, I'm steppin' out on my own
'Bout time I elevated to claim my own thrown
Success in my blood, call it home grown
Pores reekin' testosterone
Power and money got me crazy, cocky
No longer need you, papi
I know you're mad because you can't stop me
And if you wonder how this playa done scooped your honey
I think she smelled my cologne, it's called brand new money
Making major moves, man, ain't a damn thing funny
Pimpin' hood rats to playboy bunnies, they see the
Money, money, money, money
Money, money, money, money, money
(They see it, they see it)
Money, money, money, money
Money, money, money, money, money
(Say what? Say what? Say what? Money)
I'm global dolla dolla and roll with 'bout fifty
Like to go out smelling fresh and lookin' spiffy
Don't like clean money, I want my rich to be filthy
Plus with the retirement fund I can't touch 'til I'm sixty?
So what am I supposed to do? Rollin' through
Steady paddin' them pockets, 'till I'm stackin', holdin' too
Ching ching, bling bling, catchin' cash in lumps
It's a cold world, get a jacket, I'm selling 'em out my trunk
Whenever, whatever it takes to shake down a dolla
More dough in that direction, wait a minute, holla, holla
All wants to know, where they go, where they went
In a mink on Monday, smellin' just like a mint
Money, money, money, money
Money, money, money, money, money (uh, money)
Money, money, money, money
Money, money, money, money, money (nanana, nanana)
If you can't see the money
Get your eyes cleaned with Visine
I need fine things, plus seven digits at a time, team
My chil'ren chillin, the best, never worst
See, we never give them pebbles they get the rocks first
Bank vaults on lock'n, ching-ching, we're mockin'
I'm rockin', my family's Christmas stockings are shockin'
Fine women, any weather, naughty denim and leather
Call a chicken whatever, son, they get better
I'm one smart cookie, the vet that smacks rookies
My stocks on top, your checks bounce while mine boogie
Wrists, I must rock it, chicks stop it, I knock it
Cash looks like I got a gang of fists in my pocket
Here comes the money (fists in my, fists in my pocket, fists in my pocket)
Here comes the money
Money, money, money, money
Money, money, money, money, money",activision come money go money talk come money money money money money money money money money money dolla dolla dolla dolla ching ching bling bling cut chatter aint talkin money talking dont matter ching ching bling bling pattin pocket take dolla dolla cant damn soul stop shock uh come new kid block hold bet here buck stop see first im steppin bout time elevated claim thrown success blood call home grown pore reekin testosterone power money got crazy cocky longer need papi know youre mad cant stop wonder playa done scooped honey think smelled cologne called brand new money making major move man aint damn thing funny pimpin hood rat playboy bunny see money money money money money money money money money see see money money money money money money money money money say say say money im global dolla dolla roll bout fifty like go smelling fresh lookin spiffy dont like clean money want rich filthy plus retirement fund cant touch til im sixty supposed rollin steady paddin pocket till im stackin holdin ching ching bling bling catchin cash lump cold world get jacket im selling em trunk whenever whatever take shake dolla dough direction wait minute holla holla want know go went mink monday smellin like mint money money money money money money money money money uh money money money money money money money money money money nanana nanana cant see money get eye cleaned visine need fine thing plus seven digit time team chilren chillin best never worst see never give pebble get rock first bank vault lockn chingching mockin im rockin family christmas stocking shockin fine woman weather naughty denim leather call chicken whatever son get better im one smart cookie vet smack rookie stock top check bounce mine boogie wrist must rock chick stop knock cash look like got gang fist pocket come money fist fist pocket fist pocket come money money money money money money money money money money,True,1
If you manage to fix Humene Negev error pls lmk this game is dumb asf,manage fix humene negev error pls lmk game dumb asf,False,0
"Hope you made your money off of those terrible skins. now the game looks like fortnite. I'm deleting the game now for good. never ever ill buy anything call of duty. Once upon a time COD was the OG now its unicorns running around shooting lasers, dumping 2 mags to kill each other. Goodbye cod",hope made money terrible skin game look like fortnite im deleting game good never ever ill buy anything call duty upon time cod og unicorn running around shooting laser dumping mag kill goodbye cod,False,0
"Multiple Crashes on 9800x3d and RTX 5080, Verifying Files Doesnt seem to work.",multiple crash xd rtx verifying file doesnt seem work,False,0
COD and Warzone is complete trash.,cod warzone complete trash,False,0
"Honestly, best Call of Duty to come out in a long time. I like that for the most part its not over the top. There isnt a lot of unrealistic jump suits making the warfare even more difficult. The new Zombies on Black Ops 6 is probably the best zombie shooter on the gaming market.",honestly best call duty come long time like part top isnt lot unrealistic jump suit making warfare even difficult new zombie black ops probably best zombie shooter gaming market,True,1
"I installed JUST the campaign. I just want to play the campaign, I don't want to install the multiplayer or the stupid fucking Warzone. I don't own Black Ops 6, I don't want Black Ops 7, I don't want to see the Battle Pass or look at the store. Just let me play the FUCKING CAMPAIGN.",installed campaign want play campaign dont want install multiplayer stupid fucking warzone dont black ops dont want black ops dont want see battle pas look store let play fucking campaign,False,0
Great game. I could do without some of the cartoony add-ins.,great game could without cartoony addins,True,1
ive been playing cod since bo1,ive playing cod since bo,True,1
"HELL NO.

They release new games as ""DLCs"" and Steam will refuse your refund if you've got beyond 10 hours of playtime. Which you will because Warzone is included here and that's a free game. If you want the new COD, but you put in consistent hours to Warzone, you will never receive a refund because it's a ""DLC"" to Warzone, rather than it's own game.

They've built it this way to up the sales numbers, and Activision doesn't care, because it's working. People don't realise you cannot refund these new games until they try for the first time, and see that they were denied a refund on the new COD game because they have 50 hours in Warzone, despite them never playing their newly acquired ""Game"".

Very obvious scam. They're forcing you into a no-refund zone when you have over 2 hours, and buy a ""game"".",hell release new game dlcs steam refuse refund youve got beyond hour playtime warzone included thats free game want new cod put consistent hour warzone never receive refund dlc warzone rather game theyve built way sale number activision doesnt care working people dont realise cannot refund new game try first time see denied refund new cod game hour warzone despite never playing newly acquired game obvious scam theyre forcing norefund zone hour buy game,False,0
Life is already painful and now this,life already painful,False,0
"It's just an okay game, not necessarily a bad game, but not a good game. I personally don't care about the skins that people complain about, but rather dislike the skill based match making, and the maps could've been better. There have been better Call of Duty games in the past, but that era is most likely gone. Haven't had any game issues like crashes or anything either.",okay game necessarily bad game good game personally dont care skin people complain rather dislike skill based match making map couldve better better call duty game past era likely gone havent game issue like crash anything either,True,1
highly recommended to all gamer like me,highly recommended gamer like,True,1
"one of the best game, you'll love it
",one best game youll love,True,1
Good Game good fun with a fun team.,good game good fun fun team,True,1
If u like shooting warzone games then i recommend this game,like shooting warzone game recommend game,True,1
yep lets just stop making good games oh wait why don't people like us anymore,yep let stop making good game oh wait dont people like u anymore,False,0
"I like Black Ops 6 on my playstation. I just have this on my pc for traveling. Lots of lag, bad graphics, wants to upload shade all the time. I'm surprised my crew still plays with me with all the drops and rendering problems.",like black ops playstation pc traveling lot lag bad graphic want upload shade time im surprised crew still play drop rendering problem,False,0
people call you the n word im talking hard r,people call word im talking hard,False,0
it's a great game but i got banned directly after i purchased the blackcell and i didn't do anything illegal so i'm gonna stop the game forever because it is not fair,great game got banned directly purchased blackcell didnt anything illegal im gonna stop game forever fair,False,0
this game is filled with raging immigrants who call you the n word and the game is shit in general. stupid GHAME DIE DDIE DIE DIE DIE DIE,game filled raging immigrant call word game shit general stupid ghame die ddie die die die die,False,0
The Devs really cooked this Game in to a pile of smoldering clinkers,devs really cooked game pile smoldering clinker,False,0
"game full of bugs, while searching for a ranked game it just throws me out of it and give me a timed suspension + decreasing my SR with an amount that even I cant gain when winning a game",game full bug searching ranked game throw give timed suspension decreasing sr amount even cant gain winning game,False,0
"I have a skill issue I don't know how to lock onto ppl like he pros, I also don't have boxes around them like the pros. Also it crashes to much. ",skill issue dont know lock onto ppl like pro also dont box around like pro also crash much,False,0
"This game is ok but to be honest this game is filled with tons of micro transactions and advertisments to buy more stuff, and it throws it in your face constantly. Not only that many of the pre rendered cutscenes in the game are incredibly glitchy and just out right broken at times. Whats more frustrating about this is that this game isnt even a year old and they are already pumping out Black ops 7. I dropped 90 bucks on the deluxe edition of the game and now its already being replaced which means they are gonna stop supporting this game so that we are forced to buy the next one that comes out so we arent forced to deal with hackers and constant cheating like in previous call of duty games due to them being abandoned. It goes to show that Activision does not care for the consumer and they only care for profits and not for any enjoyment of the video game that they have made. The couple good things I do however have to say on this game is that the movement is fluid and satisfying and overall gameplay is enjoyable. I just wish to see more love put into these games because as far as Im concerned they pump these dime a dozen games in and out every single year negating the value of it. And to the people who religiously play call of duty and hate the direction its going, stop buying and playing these games, you are only making it worse for yourselves because your are actively supporting a company that hates you and does not have your best interest at heart.",game ok honest game filled ton micro transaction advertisments buy stuff throw face constantly many pre rendered cutscenes game incredibly glitchy right broken time whats frustrating game isnt even year old already pumping black ops dropped buck deluxe edition game already replaced mean gonna stop supporting game forced buy next one come arent forced deal hacker constant cheating like previous call duty game due abandoned go show activision care consumer care profit enjoyment video game made couple good thing however say game movement fluid satisfying overall gameplay enjoyable wish see love put game far im concerned pump dime dozen game every single year negating value people religiously play call duty hate direction going stop buying playing game making worse actively supporting company hate best interest heart,False,0
"This game makes me not feel good on the inside, it is full of 5 year olds who are better than you,  and your teammates who are 50 year olds who are worst than said 5 year olds. Plants VS. Zombies is by miles more fun than call of duty go play this great game instead.",game make feel good inside full year old better teammate year old worst said year old plant v zombie mile fun call duty go play great game instead,False,0
"THIS IS THE MOST DOGSHIT DOOKIEWATER KAK THAT I HAVE SEEN IN THE ENTIRETY OF MY LIFE.

1. Open Steam
2. Go to the WARZONE PAGE
3. Click install
4. Download 110 GB onto my pc.
5. Launch what i thought was warzone

CALL OF DUTY HQ. I downloaded a 110 GB FUCKING LAUNCHER?! 

That's BLOAT TO THE TEETH. 

Then i needed to install another 150GB of KAK?!

No fck this game, fck this company",dogshit dookiewater kak seen entirety life open steam go warzone page click install download gb onto pc launch thought warzone call duty hq downloaded gb fucking launcher thats bloat teeth needed install another gb kak fck game fck company,False,0
1500+ hours playtime on multiple platforms and yet this game. it sucks sometimes.,hour playtime multiple platform yet game suck sometimes,True,1
"Call of Duty is still a very fun game to play with friends. Multiplayer is good, Zombies an absolute blast to play, and Warzone can still be enjoyable. However, there are some things that drag the overall experience down, such as AI-generated assets being used in the game, aggressive monetization, the strict online-only requirement and the game overall feeling stagnant currently.

In addition, the game refuses to function under Proton, making it impossible to play on SteamOS-based handhelds and Linux desktops. Warzone and Black Ops 7 will also soon require ""Secure Boot"" to be enabled, which sounds like a good idea on paper, but it will make it more difficult for people to dual-boot with certain distros and it will kill off support entirely for older machines that could otherwise run the game just fine.

If some of these things were resolved, I would easily give this game a positive rating, but it is hard to in its current state.",call duty still fun game play friend multiplayer good zombie absolute blast play warzone still enjoyable however thing drag overall experience aigenerated asset used game aggressive monetization strict onlineonly requirement game overall feeling stagnant currently addition game refuse function proton making impossible play steamosbased handhelds linux desktop warzone black ops also soon require secure boot enabled sound like good idea paper make difficult people dualboot certain distros kill support entirely older machine could otherwise run game fine thing resolved would easily give game positive rating hard current state,False,0
POUJBOUTC87RYXCIUTCVOIYVPOV957RSA84 6DXCIT7DFCR VRDFCR6C I6RC V6RC865TXC 86YVC 8IB7C X9,poujboutcryxciutcvoiyvpovrsa dxcitdfcr vrdfcrc irc vrctxc yvc ibc,True,1
"Love Cod & everything about but the community & devs are completely unfair, was banned on my last account for being to good at the game basically was dropping 20-30 kills on warzone public matches to warmup for ranked play until one day I could not sign in, I beg of you if your're not a fan of Cod already do not get into it, they'll ban good players but do not have enough security for cheaters. Hopefully B07 will be different but thats only hope & faith at this point.",love cod everything community devs completely unfair banned last account good game basically dropping kill warzone public match warmup ranked play one day could sign beg yourre fan cod already get theyll ban good player enough security cheater hopefully different thats hope faith point,False,0
"At first, you will download this 150gb laucher through Steam. THEN you download another 150gb to play Warzone. Cross play with console players is all rainbows and sunshine with legitimate players and 90% of the time worse than a PC player so easy wins and 12k damage/35 elimination games. However; If you want to play solo or purely with your PC friends you are in for a game where every 1/5th person is lvl 1 player who insta locks to heads with 60 kills, 1/3 will be running at the speed of light, 90% genuinely tryhard to a point I can hear their heavy breathing through their in-game character",first download gb laucher steam download another gb play warzone cross play console player rainbow sunshine legitimate player time worse pc player easy win damage elimination game however want play solo purely pc friend game every th person lvl player insta lock head kill running speed light genuinely tryhard point hear heavy breathing ingame character,False,0
"This game is vary compatativ if you like competativ games you wold like this one
",game vary compatativ like competativ game wold like one,True,1
"i like geamplay of this game can i have some cp for betllepass ?
",like geamplay game cp betllepass,True,1
Call of Duty won't change as long as the players still spending money on Blackcell and skin bundles. They only cares about how to get a money from players not to make fun and interesting game Call of Duty for them,call duty wont change long player still spending money blackcell skin bundle care get money player make fun interesting game call duty,False,0
"Although I DESPISE the COD HQ, I don't mind Warzone. BUT I hate the amount of in-app purchases. 
7.5/10",although despise cod hq dont mind warzone hate amount inapp purchase,True,1
"Black Ops6 is my first cod so i dont know about the game a lot but i enjoyed the game but only one problem i like more of a military shooter game so some skins made me feel a bit out of the box,i did not expect cartoon skins in this type of game so sometimes it takes the fun away",black ops first cod dont know game lot enjoyed game one problem like military shooter game skin made feel bit boxi expect cartoon skin type game sometimes take fun away,True,1
"The Call of Duty launcher is absolutely awful. Truly awful. It takes minutes to load up, find the game you want to play only to launch the game maybe 50% of the time - every other time it errors with ""No license"" despite the fact I own the game and it works every other time.

Do not recommend.",call duty launcher absolutely awful truly awful take minute load find game want play launch game maybe time every time error license despite fact game work every time recommend,False,0
worst fucking battle royal ever made. this is why you dont hire a bunch of foreign retards out of college that isnt even ranked top 50 cor programming,worst fucking battle royal ever made dont hire bunch foreign retard college isnt even ranked top cor programming,False,0
"Just let the franchise die, the devs only care about cash grabbing for cosmetics at this point and don't actually care about the gameplay and enjoyment of the playerbase. Only nostalgia has people coming back until we stop playing a few of their games, nothing will change",let franchise die devs care cash grabbing cosmetic point dont actually care gameplay enjoyment playerbase nostalgia people coming back stop playing game nothing change,False,0
game keeps crashing when trying to play the campaign and it will not let me join any lobby... after 5 minutes of waiting the game just crashes... tried this 5 times and nothing,game keep crashing trying play campaign let join lobby minute waiting game crash tried time nothing,False,0
"the beast thing is the zombie
",beast thing zombie,True,1
"game gotta be the worst, literally dog water, not buying Black ops 7 going to battle field.",game gotta worst literally dog water buying black ops going battle field,False,0
Has it's flaws but still the best FPS in the biz,flaw still best fps biz,True,1
"Activision please stop. You have ruined COD. You do not deserve to own what once was a fantastic game. You have ruined it with your micro transactions and shitty story lines. I never want to be apart of this community again. B06 was my last. Unfortunately, I was psy-opped for to long thinking. ""This is going to be it, this is going to bring it back"" B06 Shattered that dream into a million fucking pieces. GG Activision you win the Award for ruining the first best fps to exist. I wish I could refund the money I wasted on your shitty ass 2 year games, if they even last 2 years before people migrate back to BF. Oh yeah thanks for a 70 DLC (MW3) we really needed that.",activision please stop ruined cod deserve fantastic game ruined micro transaction shitty story line never want apart community last unfortunately psyopped long thinking going going bring back shattered dream million fucking piece gg activision win award ruining first best fps exist wish could refund money wasted shitty as year game even last year people migrate back bf oh yeah thanks dlc mw really needed,False,0
"I love the nostalgia & mechanics of omnimovement! As an ex-destiny player, the weapons and meta are an exciting and welcome change of pace! Also as ex-destiny, y'all don't understand how good you have it when it comes to the MINOR bugs in this game! XD",love nostalgia mechanic omnimovement exdestiny player weapon meta exciting welcome change pace also exdestiny yall dont understand good come minor bug game xd,True,1
"It scratches the itch every now and then, but there are plenty of better shooters out there. I miss the good old WWII and Modern Warfare campaigns, they started well with the relaunch of Modern Warfare but derailed too soon. Also, they're really losing the plot with the multiplayer, Warzone was very fun but CoD should not aim to be more Fortnite.

This is the fast food of gaming. You'll feel good for a few minutes, and then you'll question if it was the good choice. I would recommend it, but I feel the developers need some hate to get back to the good path.",scratch itch every plenty better shooter miss good old wwii modern warfare campaign started well relaunch modern warfare derailed soon also theyre really losing plot multiplayer warzone fun cod aim fortnite fast food gaming youll feel good minute youll question good choice would recommend feel developer need hate get back good path,False,0
fun but can be very buggy,fun buggy,True,1
"Absolute copy and paste slop, i regret every cent i spent on it falling for that sweet sweet nostalgia trip",absolute copy paste slop regret every cent spent falling sweet sweet nostalgia trip,False,0
it's Ok if you have friends,ok friend,True,1
Fucking bullshit so much rules blah blah blah you fucking bot developers . why this game shows me my acc is signed out after every game and reastart fucking bitch,fucking bullshit much rule blah blah blah fucking bot developer game show acc signed every game reastart fucking bitch,False,0
Best Battle Royale game for Competitive gamers out there,best battle royale game competitive gamers,True,1
vac banned for unlock tooling. Stingey company. Cares about losing 10 dollars but wont do anything about the aimbotters and the cheaters,vac banned unlock tooling stingey company care losing dollar wont anything aimbotters cheater,False,0
very bad game i dont like it!,bad game dont like,True,1
this game gave me cancer; 400 hours on console gave me brain damage. addiction is crazy. never again.,game gave cancer hour console gave brain damage addiction crazy never,True,1
"For Black Ops 6:

Every time I come back to this game, it's just mind-numbing. Oh, you haven't played multiplayer in weeks or months, have a lobby full of prestige masters who haven't gotten off of the game since launch so you enjoy the game even less. At launch this game was fun, but with the lack of content, broken updates, and overall enjoyment of the game at an all time low, it's just disappointing.

I'm sorry but MWIII clears this game out of the water; Weekly challenges and events that were fun to grind, limited time events, something worth grinding for with event and prestige camos, and maps that felt nice to play on, and that game was developed in 16 MONTHS compared to this games development cycle.

Do better.",black ops every time come back game mindnumbing oh havent played multiplayer week month lobby full prestige master havent gotten game since launch enjoy game even less launch game fun lack content broken update overall enjoyment game time low disappointing im sorry mwiii clear game water weekly challenge event fun grind limited time event something worth grinding event prestige camo map felt nice play game developed month compared game development cycle better,False,0
"I’ve put in over 470 hours, and Call of Duty® continues to deliver a mix of fast-paced action, satisfying gunplay, and constant updates that keep things fresh. The maps are diverse, the weapon customization is deep, and when the servers run smooth, the experience is intense and addicting.

I’ve been playing first-person shooters since I was about 8 years old, and I’ve gone through so many of these games over the years. Call of Duty has always stood out as one of my favorites. I may not be a fan of the real world’s chaos, but in-game, it’s pure fun — an escape that lets me focus on skill, teamwork, and progression.

That said, it’s not without flaws. Performance issues, occasional bugs, and balancing problems do creep in, and the skill-based matchmaking can sometimes make casual sessions feel sweaty. The grind can also feel heavy at times if you’re chasing every unlock.

Still, at its core, this is a solid FPS that rewards time, practice, and dedication. Whether you’re jumping in solo, squadding up with friends, or grinding ranked matches, there’s always something to chase and improve on.

If you’re into competitive shooters, it’s worth the hours — I’d definitely recommend it. I very proud of Call of Duty are starting out new movie and yep I gonna watch it! 

I hope you enjoy this game the way I truly mean it, just like I do. See you all in there, Call of Duty fans —you’ll never know when I might drop in. And when I do… better be ready, because when I drop in, it’s always a surprise you won’t forget. 
",ive put hour call duty continues deliver mix fastpaced action satisfying gunplay constant update keep thing fresh map diverse weapon customization deep server run smooth experience intense addicting ive playing firstperson shooter since year old ive gone many game year call duty always stood one favorite may fan real world chaos ingame pure fun escape let focus skill teamwork progression said without flaw performance issue occasional bug balancing problem creep skillbased matchmaking sometimes make casual session feel sweaty grind also feel heavy time youre chasing every unlock still core solid fps reward time practice dedication whether youre jumping solo squadding friend grinding ranked match there always something chase improve youre competitive shooter worth hour id definitely recommend proud call duty starting new movie yep gonna watch hope enjoy game way truly mean like see call duty fan youll never know might drop better ready drop always surprise wont forget,True,1
"I’ve been a long-time CoD fan, especially of the Black Ops era, but the current state of the franchise is nothing short of toxic. The core gunplay still has potential, yet the entire experience is ruined by manipulative design choices that make the game feel more like a psychological trap than a fair competitive shooter.

Matchmaking Hell (SBMM/EBMM):
The game constantly throws me into lobbies where my team plays like bots while the enemy team is stacked with highly skilled players. It doesn’t matter how well I perform; the system deliberately handicaps me. Even when I carry with insane numbers or earn a Kill Chain, the outcome is already rigged by bad teammates.

Shotguns and snipers—my main weapons—become a joke. I can land a perfect point-blank shot, and it registers as a hitmarker while my opponent walks away untouched. Meanwhile, enemies melt me instantly. This isn’t bad aim—it’s intentional netcode manipulation and engagement balancing.

Despite top performance, I rarely get Play of the Game. Wins are scarce not because I underperform, but because the system keeps punishing me for doing well. After hours of grinding, maybe one match feels enjoyable, while the rest are pure frustration.

The game no longer respects player skill or time. It manipulates outcomes to keep you hooked, cycling you through loss streaks and rare “dopamine” wins. This is gambling mechanics disguised as matchmaking.

Final Verdict

CoD has become unplayable, unfair, and unethical. It’s no longer about skill or competition; it’s about being controlled by an algorithm that decides whether you’re allowed to enjoy the game.

I’m done. Like many others, I’d rather quit than continue supporting a franchise that punishes its most dedicated players.

⭐ Rating: 2/10 – fun gunplay buried under one of the dirtiest matchmaking systems in gaming.",ive longtime cod fan especially black ops era current state franchise nothing short toxic core gunplay still potential yet entire experience ruined manipulative design choice make game feel like psychological trap fair competitive shooter matchmaking hell sbmmebmm game constantly throw lobby team play like bot enemy team stacked highly skilled player doesnt matter well perform system deliberately handicap even carry insane number earn kill chain outcome already rigged bad teammate shotgun snipersmy main weaponsbecome joke land perfect pointblank shot register hitmarker opponent walk away untouched meanwhile enemy melt instantly isnt bad aimits intentional netcode manipulation engagement balancing despite top performance rarely get play game win scarce underperform system keep punishing well hour grinding maybe one match feel enjoyable rest pure frustration game longer respect player skill time manipulates outcome keep hooked cycling loss streak rare dopamine win gambling mechanic disguised matchmaking final verdict cod become unplayable unfair unethical longer skill competition controlled algorithm decides whether youre allowed enjoy game im done like many others id rather quit continue supporting franchise punishes dedicated player rating fun gunplay buried one dirtiest matchmaking system gaming,False,0
amazing game! cant wait for BO7,amazing game cant wait bo,True,1
play this game its worth it,play game worth,True,1
good game but so much hackers,good game much hacker,True,1
"I’ve played Warzone since launch, and it has officially become one of the most frustrating games out there. The matchmaking is completely broken—instead of fair lobbies, you get thrown into sweat-filled matches against players way above your skill level, making the game feel more like torture than fun on top of that every lobby you will across cheaters.

And don’t even get me started on controller aim assist. It’s basically an aimbot that gives controller players a ridiculous advantage over mouse & keyboard. The game claims to be “crossplay friendly,” but it’s laughable when controller players can beam across the map with sticky aim assist while PC players have to fight recoil, tracking, and movement without any help.

The developers clearly don’t care about balancing the experience. Every update promises “fixes,” yet the core problems never get addressed. Instead, they pump out new skins and microtransactions while the actual gameplay suffers.

At this point, Warzone feels less like a competitive shooter and more like a rigged casino where the odds are stacked against you. Until they fix unfair SBMM and tone down aim assist abuse, this game is nothing more than a broken mess pretending to be an esport.

⭐ Rating: 1/5 – Only fun if you enjoy unfair lobbies and getting outgunned by controller aimbots.",ive played warzone since launch officially become one frustrating game matchmaking completely brokeninstead fair lobby get thrown sweatfilled match player way skill level making game feel like torture fun top every lobby across cheater dont even get started controller aim assist basically aimbot give controller player ridiculous advantage mouse keyboard game claim crossplay friendly laughable controller player beam across map sticky aim assist pc player fight recoil tracking movement without help developer clearly dont care balancing experience every update promise fix yet core problem never get addressed instead pump new skin microtransactions actual gameplay suffers point warzone feel less like competitive shooter like rigged casino odds stacked fix unfair sbmm tone aim assist abuse game nothing broken mess pretending esport rating fun enjoy unfair lobby getting outgunned controller aimbots,False,0
this game gave me ball cancer never again will i play this shit,game gave ball cancer never play shit,False,0
good idk what please are saying that the game sukc,good idk please saying game sukc,True,1
i love call of duty you just have to be good and its really fun i hate stackers,love call duty good really fun hate stacker,True,1
"bo6 was fun for a bit but the ai slop and lazy content made drift away from this  hope bo7 is better but who knows
god this game had so much potential to be one of my fav black ops besides black ops 4 but  i guess black ops molded with mw  wasnt  a great of a mix for me",bo fun bit ai slop lazy content made drift away hope bo better know god game much potential one fav black ops besides black ops guess black ops molded mw wasnt great mix,False,0
"Re downloaded after a while to play with some friends. Safe to say, my entire account for no reason got reset, I still have my operators but thats it, level reset and all my progress gone.",downloaded play friend safe say entire account reason got reset still operator thats level reset progress gone,False,0
"holy is this game so ass, you'd think that after so many years that it would be a good and enjoyable game to play with stable servers to run but no its a piece  of shit that will crash after 3 games of you playing such a shitty game",holy game as youd think many year would good enjoyable game play stable server run piece shit crash game playing shitty game,False,0
"-The launcher is 120GB
-The game is another 180GB
-Ads constantly to nag you to buy the fucking Battle pass. Every game. Non-stop and it's as if it pisses the game off if you don't by popping up ads for events or skin that you will never ever buy.
-Isn't fun
-Hackers EVERYWHERE
",launcher gb game another gb ad constantly nag buy fucking battle pas every game nonstop piss game dont popping ad event skin never ever buy isnt fun hacker everywhere,False,0
"Campaign, multiplayer and Warzone is fun. Can't complain.",campaign multiplayer warzone fun cant complain,True,1
"Cod Experience: 4 grown men holding each others weiners and raping you with their 30 round mag automatic fire rounds shotgun, Sweaty unemployed american dad and butt head players yying and shoving their gun up your ass. Taking a minimum of 400 hours trying to unlock all the good guns that are ""Meta"" so that you can have a chance to not get in a match with a hacker that just wipes the whole lobby with one bullet that travels throughout the map and blowing everyone's heads off while they spin in circles a million times a minute with and their walls and aimbot. Costs 70 bucks btw",cod experience grown men holding others weiners raping round mag automatic fire round shotgun sweaty unemployed american dad butt head player yying shoving gun as taking minimum hour trying unlock good gun meta chance get match hacker wipe whole lobby one bullet travel throughout map blowing everyones head spin circle million time minute wall aimbot cost buck btw,False,0
most of the time it crashes,time crash,False,0
its a great game in sense but the devs do so little to make a decent anti cheat work so were stuck with people using wall hacks and other hacks/cheats to reck you.... 10/10 for mecanics when vs a friend and no cheats are involved. but -30/10 when playing resurgance with some looser in his moms basement who recently learnt how to hack!,great game sense devs little make decent anti cheat work stuck people using wall hack hackscheats reck mecanics v friend cheat involved playing resurgance looser mom basement recently learnt hack,False,0
"THIS DAMN GAME WOULDN'T LET ME PLAY NORMALLY LIKE THE OLD DAYS
",damn game wouldnt let play normally like old day,False,0
Very popular and good if you like gun games you have to try this game out.,popular good like gun game try game,True,1
"got the game have not been able to play it, got a new laptop, has 1 tb of storage, basically the newest of the new pf laptops a 2500 laptop, then when i was just about to start the game it said my graphics card is out of date?????!!!! So i just skiped that then tried to download Warzone got in the game then didnt even load up. if you want to wait half a day for a 300+ gb game its for you screw this game i used to dig CoD now i dont because they allow modders and they use your webcam for bots in the game. Just get Body Cam or another game like this. Body Cam is better than this pile of crap.",got game able play got new laptop tb storage basically newest new pf laptop laptop start game said graphic card date skiped tried download warzone got game didnt even load want wait half day gb game screw game used dig cod dont allow modders use webcam bot game get body cam another game like body cam better pile crap,False,0
"this is a fun game that too good
",fun game good,True,1
i play call of duty #CUTTRClan4Life,play call duty cuttrclanlife,True,1
cod is so bad now and i am so sad.......,cod bad sad,False,0
"game will proceed to always have issues update after update that will never be fixed but hey don't worry they dropped a new 30$ skin bundle. terrible game, even worse company.",game proceed always issue update update never fixed hey dont worry dropped new skin bundle terrible game even worse company,False,0
"Great game, dont know what everyone is complaining about, the gameplay and the game is great and lots of fun!!",great game dont know everyone complaining gameplay game great lot fun,True,1
 this game is so much fun and if see this comment i highly reccomend this game,game much fun see comment highly reccomend game,True,1
TERRIBLE parent company. SBMM that spies on you alongside ruining your lobbies for the game you paid for just so they can push the next barely fun game next year. Their whole business practice is based off of addiction and making you chase the dragon. If you think they can't get worse you are wrong. They ALWAYS find a deeper way to SCREW YOU.,terrible parent company sbmm spy alongside ruining lobby game paid push next barely fun game next year whole business practice based addiction making chase dragon think cant get worse wrong always find deeper way screw,False,0
Been in Limited Match making twice.,limited match making twice,False,0
"BO6 is the biggest joke yet in terms of devs just huffing glue and putting completely random and useless shit in the game, tried to launch for the first time to play zombies, and 4 different screen telling me to but or preorder  the next pile of shit the are making, not woth it even if its free, zombies are the only good part of this sad flop of stupidity, and now I cant even do that with out speding 10 mins getting harrassed by ads or a preveiw for the next stupid thing they are putting in the game",bo biggest joke yet term devs huffing glue putting completely random useless shit game tried launch first time play zombie different screen telling preorder next pile shit making woth even free zombie good part sad flop stupidity cant even speding min getting harrassed ad preveiw next stupid thing putting game,False,0
It's modern COD what else needs said.,modern cod else need said,False,0
"TL;DR - Games like BO6 are on Life Support and are dead and gone the moment Activision disable the Servers, due to forced Texture Streaming, meaning even the Singleplayer will be completely unplayable, unless the Game is patched. 
Be aware, your game might be DOA


I don't see many others mentioning this - and it remains to be seen if it will be the case for BO7 as well - but I'd personally be VERY worried about the fact that Texture Streaming (streaming highres textures from Activision's Servers so as to make the game less bloated) might be becoming mandatory for CoD. The reason this is worrying - aside from having to always be online - is the simple fact that that means that the day Activision shut down the Servers these games, Singleplayer and all, are dead. Six feet under, pushing up Daysies to forever be remembered, but not played. 

Considering the impact SKG had on the whole Gaming scene, I genuinely expected to see more people throwing a fuss about this, but I haven't seen any big figures covering it. And I don't have much reason to believe that BO6 was the exception. 

So yeah, steer clear, because Call of Duty might just become a giant Graveyard for Content. Seems to me that Activision didn't learn much from Destiny 2 and its content vaulting.",tldr game like bo life support dead gone moment activision disable server due forced texture streaming meaning even singleplayer completely unplayable unless game patched aware game might doa dont see many others mentioning remains seen case bo well id personally worried fact texture streaming streaming highres texture activisions server make game less bloated might becoming mandatory cod reason worrying aside always online simple fact mean day activision shut server game singleplayer dead six foot pushing daysies forever remembered played considering impact skg whole gaming scene genuinely expected see people throwing fuss havent seen big figure covering dont much reason believe bo exception yeah steer clear call duty might become giant graveyard content seems activision didnt learn much destiny content vaulting,False,0
"Need bigger maps with able to add more players like 6 players at a time,
I'm part of a group which we have over 4 players yet there is some of us that miss out due to unable to add more than four players at a time in Zobies directed with out playing mulit player play.",need bigger map able add player like player time im part group player yet u miss due unable add four player time zobies directed playing mulit player play,True,1
"its call of duty, dont play it",call duty dont play,False,0
Warzone not working after latest update! always stuck at loading   >:( tsk.,warzone working latest update always stuck loading tsk,False,0
THESE CODES IT GAVE ME ARE NOT RIGHT I HAVE TO DELETE THE GAME AND RE DOWNLOAD IT,code gave right delete game download,False,0
ITS A GOOD GAME YOU SHOULD REALLY TRY IT,good game really try,True,1
What do you mean i need a phone number to play? Get the f out of here with this crap!,mean need phone number play get crap,False,0
"I would probably hate this game if I were a CoD player, but I do really like this game because of the gameplay. The controls are awesome and feel good to use. I only wish I could run this on my pc without the use of another app. Don't get this for original Cod vibes, but do consider this a different game completely.",would probably hate game cod player really like game gameplay control awesome feel good use wish could run pc without use another app dont get original cod vibe consider different game completely,True,1
game is shit movement feels cluncky i get the unemployed lobbies feel like im playing in cdl pro tournament every time i play a match chats bans are fucked game is really for dog shit player and pussies who cant handle the being called a rat cod is sad now,game shit movement feel cluncky get unemployed lobby feel like im playing cdl pro tournament every time play match chat ban fucked game really dog shit player pussy cant handle called rat cod sad,False,0
"Screw Microsoft and there TPM2 requirement for a video game. Just another BS attempt to lock out older hardware that is still perfectly capable. All it means for me is I stop playing Call Of Duty, Not a big deal since in its current state it sucks anyway. Never buying another Microsoft owned anything. Looking hard at switching to POP OS Linux.",screw microsoft tpm requirement video game another b attempt lock older hardware still perfectly capable mean stop playing call duty big deal since current state suck anyway never buying another microsoft owned anything looking hard switching pop o linux,False,0
its good but they need to fix it like go back to og warzone,good need fix like go back og warzone,True,1
"instead of fixing this hacker infested game they just shove micro transactions down your throat. This game is stale and boring, the new ""anti cheat"" doesn't exist.",instead fixing hacker infested game shove micro transaction throat game stale boring new anti cheat doesnt exist,False,0
"Why have a 110GB+ ""game"" that just list the available COD games which each require their own individual download of over 100GB.",gb game list available cod game require individual download gb,False,0
"No other game to play with friends. Essentially pay to win, lobbies are not balanced. Needs to constantly update with marketing bloatware and loot box menus taking up a ton of hard dive space for all the extras it constantly wants to shove down your throat.",game play friend essentially pay win lobby balanced need constantly update marketing bloatware loot box menu taking ton hard dive space extra constantly want shove throat,False,0
Greatest issue for me is the server stability. Has gone down severely with bo6 and makes a lot of matches unplayable with the extreme sbmm,greatest issue server stability gone severely bo make lot match unplayable extreme sbmm,False,0
"Amazing that COD has Consistently put out trash games, I somewhat enjoyed the ranked play minus the fact every other game i get dropped or kicked with no error code which results in SR loss and suspension and have contacted support multiple times just to be told nothing, Id recommend everyone stop buying cod games until they go back to decent play ability like the first Black ops and at least fix their servers. This trash is a joke.",amazing cod consistently put trash game somewhat enjoyed ranked play minus fact every game get dropped kicked error code result sr loss suspension contacted support multiple time told nothing id recommend everyone stop buying cod game go back decent play ability like first black ops least fix server trash joke,False,0
how can you be releasing BO7 right after you completely fucked BO6?? fuck you treyarch,releasing bo right completely fucked bo fuck treyarch,False,0
"damn this getting bored, just wanna play warzone but had crash issue, the hell is going on with this game?",damn getting bored wanna play warzone crash issue hell going game,False,0
"I have put in 190 hours just on Steam, and another couple hundred between consoles. As of late, upon launch, the game crashes. Updates barely seem to help. I've verified files, uninstalled, reinstalled, updated graphics, renamed folders to trick it into updating, and still, this is a constant battle. As a player since World at War, it feels like there is no support for things like this. 
While I will always love the franchise, I am walking away from CoD for a while.",put hour steam another couple hundred console late upon launch game crash update barely seem help ive verified file uninstalled reinstalled updated graphic renamed folder trick updating still constant battle player since world war feel like support thing like always love franchise walking away cod,False,0
I like this game i play for and and enjoy playing.,like game play enjoy playing,True,1
WZ is full of blatant cheaters only game-play that's fun is BR Casual less cheaters bots are annoying but fun.,wz full blatant cheater gameplay thats fun br casual less cheater bot annoying fun,False,0
This game is the worst 1st person shooter out on the market. Its full of hacks. it goes unchecked. The anti cheat is bullshit and you might as well not even have it. I mean the fact that they put their name on this product is a complete shame.,game worst st person shooter market full hack go unchecked anti cheat bullshit might well even mean fact put name product complete shame,False,0
"(Reviewing BO6 not WZ) The gunplay, movement, and aesthetics are all peak and I'm hyped for BO7. That being said, there is a HUGE problem with console players using Cronus/Strikepacks and it's honestly pathetic how common they have become. 99% of my lobbies will have 10 out of 12 players on console with one or two of them blatantly using keyboard + mouse with aim assist or controller with aim assist that locks onto you like it does in GTA.

Unfortunately you cannot disable crossplay on PC as far as I know so we are stuck with them, they rarely ever get banned on top of that because of how subtle those cheat devices are. Wallhackers are pretty common too but harder to identify because good gamesense is easily mistakable for walls, it's a tossup whether somebody is just listening to footsteps or walling. If they have the trademark Cronus aim assist then it is easier to tell.

Gamepass has almost ruined this game IMO because it lowered the cost of entry to less than $5. Too many lobbies where someone who hasn't even hit level 55 yet will be making inhuman plays and absolutely dominating, as if these players couldn't be less blatant and shameless about it. They should have never put BO6 on Gamepass.",reviewing bo wz gunplay movement aesthetic peak im hyped bo said huge problem console player using cronusstrikepacks honestly pathetic common become lobby player console one two blatantly using keyboard mouse aim assist controller aim assist lock onto like gta unfortunately cannot disable crossplay pc far know stuck rarely ever get banned top subtle cheat device wallhackers pretty common harder identify good gamesense easily mistakable wall tossup whether somebody listening footstep walling trademark cronus aim assist easier tell gamepass almost ruined game imo lowered cost entry less many lobby someone hasnt even hit level yet making inhuman play absolutely dominating player couldnt less blatant shameless never put bo gamepass,True,1
got killed by a yy ing crippled nan made of toast,got killed yy ing crippled nan made toast,True,1
A true example of an asymmetric warfare,true example asymmetric warfare,True,1
"Berry nice Game! 
If you search for an Multiplayer pvp is this Game the best!!",berry nice game search multiplayer pvp game best,True,1
the worst interface I've ever seen.,worst interface ive ever seen,False,0
i have mad addition to this game idk why man 8kd though,mad addition game idk man kd though,True,1
"super fun, easy to grind, i recommend",super fun easy grind recommend,True,1
Keeps crashing. Fuckass game pls dont install this shit game,keep crashing fuckass game pls dont install shit game,False,0
im crashing tf out on this game,im crashing tf game,True,1
"Game rarely wants to work with the amount of bugs and glitches in the start menus. Resulted in me only wanting to play BF. Oh well, BF is a better made first person shooter anyways
",game rarely want work amount bug glitch start menu resulted wanting play bf oh well bf better made first person shooter anyways,False,0
"buggy mess of a game. they just dont care anymore. 2590 hours and i cant even make a class because of the state of the game. perks are broken, classes dont work. sbmm is a joke outside of ranked. keep sbmm inside of ranked. what more reasons to keep playing? games crashes all the time. i have a 5080 and thats my fault? you spends hours playing ranked to earn sr all to have it taken because it crashes. every update seems to break more of the game. ",buggy mess game dont care anymore hour cant even make class state game perk broken class dont work sbmm joke outside ranked keep sbmm inside ranked reason keep playing game crash time thats fault spends hour playing ranked earn sr taken crash every update seems break game,False,0
Cash grab deluxe edition now with 20+ Gb updates every hour!,cash grab deluxe edition gb update every hour,False,0
there is alot of issues ingame but still i love this game.,alot issue ingame still love game,True,1
"after the updte my game uninstalld by it self and now that i have downlode it now it doesnt want to open the game
",updte game uninstalld self downlode doesnt want open game,False,0
its like the last cod but worse,like last cod worse,False,0
"This game excels in being dog shit, such a feat should be studied",game excels dog shit feat studied,False,0
crashes A LOT LIKE ALL THE TIME DOLLAR STORE GAME,crash lot like time dollar store game,False,0
Achievements now impossible to get after MWII and MWIII removed from the game,achievement impossible get mwii mwiii removed game,False,0
Although this mode has been around for a long time I still enjoy dropping in and ruining the top players chances in Plunder. Weapon choices are vast although there a few load outs that majority of players use. Hopefully map updates will come out with the chance to drop into a few created maps similar to multiplayer mode.,although mode around long time still enjoy dropping ruining top player chance plunder weapon choice vast although load out majority player use hopefully map update come chance drop created map similar multiplayer mode,True,1
This game is so buggy. I wanted to play the campaign and it keeps crashing while trying to install shaders. First it installed shaders for multiplayer which worked fine but then I decided to play the campaign...The game backs you out to the Steam dashboard to launch the campaign only to find that campaign shaders need to be pre-loaded...What???,game buggy wanted play campaign keep crashing trying install shaders first installed shaders multiplayer worked fine decided play campaignthe game back steam dashboard launch campaign find campaign shaders need preloadedwhat,False,0
"game goes something like this
> join a game of resurgence
> drop a 30 bomb
> get shadow banned for dropping said 30 bomb
> proceed to play against only cheaters for the next 10 matches
> go back to normal lobbies
> rinse and repeat",game go something like join game resurgence drop bomb get shadow banned dropping said bomb proceed play cheater next match go back normal lobby rinse repeat,True,1
"this game the most disgusting game ever created. this game is not fun and will never be fun. played mostly by unemployed, never touching grass, not been with women type of people that play this game. do not and i repeat do not buy or even play this game. its a waste of time and space in this world.",game disgusting game ever created game fun never fun played mostly unemployed never touching grass woman type people play game repeat buy even play game waste time space world,False,0
"if you think someone is cheating its prolly cause you're bad , not the best cod they've ever put out but its aight , warzone is better than anything this year",think someone cheating prolly cause youre bad best cod theyve ever put aight warzone better anything year,True,1
BEST GAME EVERBEST GAME EVERBEST GAME EVERBEST GAME EVERBEST GAME EVERBEST GAME EVERBEST GAME EVERBEST GAME EVERBEST GAME EVERBEST GAME EVERBEST GAME EVERBEST GAME EVERBEST GAME EVERBEST GAME EVERBEST GAME EVERBEST GAME EVERBEST GAME EVERBEST GAME EVERBEST GAME EVERBEST GAME EVERBEST GAME EVERBEST GAME EVERBEST GAME EVERBEST GAME EVERBEST GAME EVERBEST GAME EVERBEST GAME EVERBEST GAME EVERBEST GAME EVERBEST GAME EVERBEST GAME EVERBEST GAME EVERBEST GAME EVERBEST GAME EVERBEST GAME EVERBEST GAME EVERBEST GAME EVERBEST GAME EVERBEST GAME EVERBEST GAME EVERBEST GAME EVERBEST GAME EVERBEST GAME EVERBEST GAME EVERBEST GAME EVERBEST GAME EVERBEST GAME EVERBEST GAME EVERBEST GAME EVERBEST GAME EVERBEST GAME EVERBEST GAME EVERBEST GAME EVERBEST GAME EVERBEST GAME EVERBEST GAME EVERBEST GAME EVERBEST GAME EVERBEST GAME EVERBEST GAME EVERBEST GAME EVERBEST GAME EVERBEST GAME EVERBEST GAME EVERBEST GAME EVERBEST GAME EVERBEST GAME EVERBEST GAME EVERBEST GAME EVERBEST GAME EVERBEST GAME EVERBEST GAME EVERBEST GAME EVERBEST GAME EVERBEST GAME EVERBEST GAME EVERBEST GAME EVERBEST GAME EVERBEST GAME EVERBEST GAME EVERBEST GAME EVERBEST GAME EVERBEST GAME EVERBEST GAME EVERBEST GAME EVERBEST GAME EVERBEST GAME EVERBEST GAME EVERBEST GAME EVERBEST GAME EVERBEST GAME EVERBEST GAME EVERBEST GAME EVERBEST GAME EVERBEST GAME EVERBEST GAME EVERBEST GAME EVERBEST GAME EVERBEST GAME EVERBEST GAME EVERBEST GAME EVERBEST GAME EVERBEST GAME EVERBEST GAME EVERBEST GAME EVERBEST GAME EVERBEST GAME EVERBEST GAME EVERBEST GAME EVERBEST GAME EVERBEST GAME EVERBEST GAME EVERBEST GAME EVERBEST GAME EVERBEST GAME EVERBEST GAME EVERBEST GAME EVERBEST GAME EVERBEST GAME EVERBEST GAME EVERBEST GAME EVERBEST GAME EVERBEST GAME EVERBEST GAME EVERBEST GAME EVERBEST GAME EVERBEST GAME EVERBEST GAME EVERBEST GAME EVERBEST GAME EVERBEST GAME EVERBEST GAME EVERBEST GAME EVERBEST GAME EVERBEST GAME EVERBEST GAME EVERBEST GAME EVERBEST GAME EVERBEST GAME EVERBEST GAME EVERBEST GAME EVERBEST GAME EVERBEST GAME EVERBEST GAME EVERBEST GAME EVERBEST GAME EVERBEST GAME EVERBEST GAME EVERBEST GAME EVERBEST GAME EVERBEST GAME EVERBEST GAME EVERBEST GAME EVERBEST GAME EVERBEST GAME EVERBEST GAME EVERBEST GAME EVERBEST GAME EVERBEST GAME EVERBEST GAME EVERBEST GAME EVERBEST GAME EVERBEST GAME EVERBEST GAME EVERBEST GAME EVERBEST GAME EVERBEST GAME EVERBEST GAME EVERBEST GAME EVERBEST GAME EVERBEST GAME EVERBEST GAME EVERBEST GAME EVERBEST GAME EVERBEST GAME EVERBEST GAME EVERBEST GAME EVERBEST GAME EVERBEST GAME EVERBEST GAME EVERBEST GAME EVERBEST GAME EVERBEST GAME EVERBEST GAME EVERBEST GAME EVERBEST GAME EVERBEST GAME EVERBEST GAME EVERBEST GAME EVERBEST GAME EVERBEST GAME EVERBEST GAME EVERBEST GAME EVERBEST GAME EVERBEST GAME EVERBEST GAME EVERBEST GAME EVERBEST GAME EVERBEST GAME EVERBEST GAME EVERBEST GAME EVERBEST GAME EVERBEST GAME EVERBEST GAME EVERBEST GAME EVERBEST GAME EVERBEST GAME EVERBEST GAME EVERBEST GAME EVERBEST GAME EVERBEST GAME EVERBEST GAME EVERBEST GAME EVERBEST GAME EVERBEST GAME EVERBEST GAME EVERBEST GAME EVERBEST GAME EVERBEST GAME EVERBEST GAME EVERBEST GAME EVERBEST GAME EVERBEST GAME EVERBEST GAME EVERBEST GAME EVERBEST GAME EVERBEST GAME EVERBEST GAME EVERBEST GAME EVERBEST GAME EVERBEST GAME EVERBEST GAME EVERBEST GAME EVERBEST GAME EVERBEST GAME EVERBEST GAME EVERBEST GAME EVERBEST GAME EVERBEST GAME EVERBEST GAME EVERBEST GAME EVERBEST GAME EVERBEST GAME EVERBEST GAME EVERBEST GAME EVERBEST GAME EVERBEST GAME EVERBEST GAME EVERBEST GAME EVERBEST GAME EVERBEST GAME EVERBEST GAME EVERBEST GAME EVERBEST GAME EVERBEST GAME EVERBEST GAME EVERBEST GAME EVERBEST GAME EVERBEST GAME EVERBEST GAME EVERBEST GAME EVERBEST GAME EVERBEST GAME EVERBEST GAME EVERBEST GAME EVERBEST GAME EVERBEST GAME EVERBEST GAME EVERBEST GAME EVERBEST GAME EVERBEST GAME EVERBEST GAME EVERBEST GAME EVERBEST GAME EVERBEST GAME EVERBEST GAME EVERBEST GAME EVERBEST GAME EVERBEST GAME EVERBEST GAME EVERBEST GAME EVERBEST GAME EVERBEST GAME EVERBEST GAME EVERBEST GAME EVERBEST GAME EVERBEST GAME EVERBEST GAME EVER,best game everbest game everbest game everbest game everbest game everbest game everbest game everbest game everbest game everbest game everbest game everbest game everbest game everbest game everbest game everbest game everbest game everbest game everbest game everbest game everbest game everbest game everbest game everbest game everbest game everbest game everbest game everbest game everbest game everbest game everbest game everbest game everbest game everbest game everbest game everbest game everbest game everbest game everbest game everbest game everbest game everbest game everbest game everbest game everbest game everbest game everbest game everbest game everbest game everbest game everbest game everbest game everbest game everbest game everbest game everbest game everbest game everbest game everbest game everbest game everbest game everbest game everbest game everbest game everbest game everbest game everbest game everbest game everbest game everbest game everbest game everbest game everbest game everbest game everbest game everbest game everbest game everbest game everbest game everbest game everbest game everbest game everbest game everbest game everbest game everbest game everbest game everbest game everbest game everbest game everbest game everbest game everbest game everbest game everbest game everbest game everbest game everbest game everbest game everbest game everbest game everbest game everbest game everbest game everbest game everbest game everbest game everbest game everbest game everbest game everbest game everbest game everbest game everbest game everbest game everbest game everbest game everbest game everbest game everbest game everbest game everbest game everbest game everbest game everbest game everbest game everbest game everbest game everbest game everbest game everbest game everbest game everbest game everbest game everbest game everbest game everbest game everbest game everbest game everbest game everbest game everbest game everbest game everbest game everbest game everbest game everbest game everbest game everbest game everbest game everbest game everbest game everbest game everbest game everbest game everbest game everbest game everbest game everbest game everbest game everbest game everbest game everbest game everbest game everbest game everbest game everbest game everbest game everbest game everbest game everbest game everbest game everbest game everbest game everbest game everbest game everbest game everbest game everbest game everbest game everbest game everbest game everbest game everbest game everbest game everbest game everbest game everbest game everbest game everbest game everbest game everbest game everbest game everbest game everbest game everbest game everbest game everbest game everbest game everbest game everbest game everbest game everbest game everbest game everbest game everbest game everbest game everbest game everbest game everbest game everbest game everbest game everbest game everbest game everbest game everbest game everbest game everbest game everbest game everbest game everbest game everbest game everbest game everbest game everbest game everbest game everbest game everbest game everbest game everbest game everbest game everbest game everbest game everbest game everbest game everbest game everbest game everbest game everbest game everbest game everbest game everbest game everbest game everbest game everbest game everbest game everbest game everbest game everbest game everbest game everbest game everbest game everbest game everbest game everbest game everbest game everbest game everbest game everbest game everbest game everbest game everbest game everbest game everbest game everbest game everbest game everbest game everbest game everbest game everbest game everbest game everbest game everbest game everbest game everbest game everbest game everbest game everbest game everbest game everbest game everbest game everbest game everbest game everbest game everbest game everbest game everbest game everbest game ever,True,1
"GO FOR IT IF YOU WANT TO RAGE
",go want rage,True,1
its a fun game (in my opinion),fun game opinion,True,1
"game cannot recognize my controller as a useable device, continues to either crash or disconnect from the server, classic cod.",game cannot recognize controller useable device continues either crash disconnect server classic cod,False,0
ts shit is buns on God brah so skibidi,t shit bun god brah skibidi,False,0
"not bad to pass time , i enjoy old verdansk too!",bad pas time enjoy old verdansk,True,1
i liked the fun and polite players in this game highly recomend,liked fun polite player game highly recomend,True,1
"Probably the worst garbage i ever downloaded, the menu is laggy for no reason  it downloaded 150 gb of nothing and i still have to download warzone when i get in the game cause it wont allow you to play anything this is a scam lol",probably worst garbage ever downloaded menu laggy reason downloaded gb nothing still download warzone get game cause wont allow play anything scam lol,False,0
i only play on leg day.,play leg day,False,0
"[b]Note: This is written from the perspective of someone who dabbled in Fortnite when it first came out, Warzone for a few months in 2020 and Rainbow for about a year, but aside from that has never played shooters consistently, or well. [/b]

As someone who didn't grow up liking shooters due to my severe inability to aim, this was the first time my friends convinced me to buy one and play with them. I dumped the cash and played through the single-player first.

I absolutely loved it. 
I loved the characters (though I wish they fleshed out some of their backgrounds more) and the interactive nature of the base home you stayed at. The little puzzles, the stealth, the story itself--it was all unique to me, and I appreciated just walking through some of the areas to see how far I could push the game. The gun play was forgiving, even on harder modes, which allowed me to not get frustrated or heated. And the environments were just nice to look at.

The multiplayer was a different experience, but I enjoyed practicing and seeing my aim and overall skill improve over time. I liked the guns, I appreciated that the overall lack of recoil on a lot of the guns made it hard to blame anything except my own aim. I enjoyed the struggle of being bad at games because I knew how to improve. Seeing my guns unlock cool camos and add-ons was satisfying. 

Warzone was the same as always, and it was nice when Verdansk came back, the map I originally played in. Dying to snipers sucks as always.


My main issues with this game, which is similar to most folks, is the amount of space this game takes up. Aside from that, I'm not a fan of the ridiculous skins that have come out, and the absurdity of announcing BO7 less than a year after 6's release.

[u]The Software Itself[/u]
I have had to buy a new hard drive for this game. I've personally never had a severe crash more than once or twice, but have had semi-consistent graphic bugs (probably cuz I have a GEFORCE 1080).

[u]The Skins[/u]
The skins that have come out since launch have gotten increasingly unserious, and I'm not trying to pretend that this game has to be 100% gritty and militaristic, but I refuse to accept death from the hands of Beavis and Butthead. This is a game about humans, people from military organizations. It completely rips you out of any kind of immersion, and more than that, it just looks like the cheap money grab that it is. I have a handful of skins, but at the very least they keep operators realistic, human, and wearing nothing more than a funky outfit or cool shades. 

[u]Black Ops 7[/u]
I can't say much about BO7's (personally) premature announcement other than it feeling like an absolute spit in my face after dropping so many hours and dollars on this game. Everyone knows that their efforts are going to the new game, and it won't be long until 6 is completely thrown to the side. The worst part is, I know everyone is going to buy 7 because they know that. 

Admittedly, it's sad to see a company that seemingly has a bad track record with its community and truly listening to its desires for the game. 
But, I have, and still do, enjoy this game heavily, and it is the first time I've spent this long on any mainstream game. It scratches a particular itch in my brain. So anyone that's new to this franchise, enjoy it as much as you can. Deal with the hard drive sacrifice, and have fun. 
I am planning on going back to MW1-3. I hear they're great.

At the end of the day we're all addicted and need help but hey, it is what it is.",bnote written perspective someone dabbled fortnite first came warzone month rainbow year aside never played shooter consistently well someone didnt grow liking shooter due severe inability aim first time friend convinced buy one play dumped cash played singleplayer first absolutely loved loved character though wish fleshed background interactive nature base home stayed little puzzle stealth story itselfit unique appreciated walking area see far could push game gun play forgiving even harder mode allowed get frustrated heated environment nice look multiplayer different experience enjoyed practicing seeing aim overall skill improve time liked gun appreciated overall lack recoil lot gun made hard blame anything except aim enjoyed struggle bad game knew improve seeing gun unlock cool camo addons satisfying warzone always nice verdansk came back map originally played dying sniper suck always main issue game similar folk amount space game take aside im fan ridiculous skin come absurdity announcing bo less year release uthe software itselfu buy new hard drive game ive personally never severe crash twice semiconsistent graphic bug probably cuz geforce uthe skinsu skin come since launch gotten increasingly unserious im trying pretend game gritty militaristic refuse accept death hand beavis butthead game human people military organization completely rip kind immersion look like cheap money grab handful skin least keep operator realistic human wearing nothing funky outfit cool shade ublack ops cant say much bos personally premature announcement feeling like absolute spit face dropping many hour dollar game everyone know effort going new game wont long completely thrown side worst part know everyone going buy know admittedly sad see company seemingly bad track record community truly listening desire game still enjoy game heavily first time ive spent long mainstream game scratch particular itch brain anyone thats new franchise enjoy much deal hard drive sacrifice fun planning going back mw hear theyre great end day addicted need help hey,True,1
This is by far the worst game I have ever played ever.,far worst game ever played ever,False,0
"Gay, Gay, Gay, More Gayness..... Big Gay Game. Nothing else to say.",gay gay gay gayness big gay game nothing else say,False,0
"very fun and players are gay soometimes but its fun
",fun player gay soometimes fun,True,1
Played this game for many hours and im not sure what they did with season 5 reloaded but they absolutely butchered sbmm. Every. Single. Game. is 6v6 ranked and its not even fun. Would recommend staying away from this update. Oh and the cherry on top is they broke ninja and every game you get sound whored a mile away. Trash update.,played game many hour im sure season reloaded absolutely butchered sbmm every single game ranked even fun would recommend staying away update oh cherry top broke ninja every game get sound whored mile away trash update,False,0
Game has become more fun now that there are casual lobbies for lower level players and a few high level players in those games. More manageable to get that score streak up!,game become fun casual lobby lower level player high level player game manageable get score streak,True,1
Love it can't wait for bo7,love cant wait bo,True,1
full of sweats but other than that its ok,full sweat ok,True,1
"BECUS ITSA A REAlly good game 


",becus itsa really good game,True,1
it makes me suicidal but i love the game,make suicidal love game,True,1
i love being constantly rammed up the crum by stupid little idiots made of pre cum and cabbage highly recommend if your willing to spend alot of money on a new setup,love constantly rammed crum stupid little idiot made pre cum cabbage highly recommend willing spend alot money new setup,True,1
"great game, and free to play",great game free play,True,1
"Every Update is the same thing :
new patch update installs
fight to connect with network 
repeat
i have had it with the non sense, consider me officially out ! 
i have never had such an incredibly hard time EVER trying more times than i can count to stay online or even attempt to get online.
 re-configuring, un-installing, TPM , DNS 
ALL GARBAGE !",every update thing new patch update installs fight connect network repeat non sense consider officially never incredibly hard time ever trying time count stay online even attempt get online reconfiguring uninstalling tpm dns garbage,False,0
"""your account is in a limited matchmaking state""

I am a middle aged talentless old fart tooling around verdansk and resurgence with a bunch of other middle aged dads. I am not pushing ranked. I am not hacking. I am not pulling off incredible kills, I am not some slidey sweat. I keep getting these limited matchmaking states. they never tell me why Im in them. I cant appeal them. I keep getting screwed out of double xp weekends and I have no idea why it keeps happening.",account limited matchmaking state middle aged talentless old fart tooling around verdansk resurgence bunch middle aged dad pushing ranked hacking pulling incredible kill slidey sweat keep getting limited matchmaking state never tell im cant appeal keep getting screwed double xp weekend idea keep happening,False,0
Game keeps freezing and buggin after new update. Never did that before. Cant play for shite now.,game keep freezing buggin new update never cant play shite,False,0
this game are NO'1 in the world,game world,True,1
"it s so nice even a 10 yr old would like it
",nice even yr old would like,True,1
"Call of duty won’t be good until they fire all the blue haired, nose ringed, they/then bio-ed idiots. Replace leadership at the top - everything else will fall into place. I could come up with a better call of duty! I could come up with one right now - call of duty tactical warfare. A dynamic tactical open world call of duty. make the map destructible. You keep the fast pace mode by making a 2V2 or 1V1 mode called tactical blitz or something. Take notes from Tarkov, Arma and maybe even battlefield six.",call duty wont good fire blue haired nose ringed theythen bioed idiot replace leadership top everything else fall place could come better call duty could come one right call duty tactical warfare dynamic tactical open world call duty make map destructible keep fast pace mode making mode called tactical blitz something take note tarkov arma maybe even battlefield six,False,0
Exactly as fun as people say it isn't.,exactly fun people say isnt,True,1
"very peaceful , no racist people and very kind community",peaceful racist people kind community,True,1
Great game hope they dont ruin it with BO7 to much,great game hope dont ruin bo much,True,1
"Bad game, Bad community, Too hard to add friends 1 star",bad game bad community hard add friend star,False,0
Game is fun if you have friends who you can troll,game fun friend troll,True,1
if you play with keyboard and mouse this isn't the game for you,play keyboard mouse isnt game,False,0
"the size of the game and the launcher and the anticheat are fucked up but still the gameplay is better than the other
",size game launcher anticheat fucked still gameplay better,True,1
Add me inside this game please,add inside game please,True,1
"Just download HMW-mod (used to be H2M) and don't waste your time on this garbage. It runs better than this, has an active player base and they don't lock anything behind a paywall unlike these money hungry goblins.",download hmwmod used hm dont waste time garbage run better active player base dont lock anything behind paywall unlike money hungry goblin,False,0
"no
dont buy this game what a waste",dont buy game waste,False,0
best one yet they go to town onthese game series .,best one yet go town onthese game series,True,1
"Very nice game especially when you play with friends

",nice game especially play friend,True,1
Fuck this piece of shit game,fuck piece shit game,False,0
shits lowkey ass but in a great way.,shit lowkey as great way,True,1
"If you love developers that don't listen to their fanbase and hackers in every map, then call of dookie is for you",love developer dont listen fanbase hacker every map call dookie,False,0
"I've been playing call of duty since 2002. This is the last COD i will buy and/or play. i don't care if i got it for free, it's on battlepass, or at a friends house. With every game, you think to yourself, ""this is peak Activision greed."" only to be shown you are wrong with the next installment.

Ridiculous skins at even more ridiculous prices.

Boring rehashed maps, each with there match breaking exploits.

same old guns, with useless attachments. ""if it's not the meta, it's not worth it"".

game-breaking glitches with every update, this latest update (Sept 1st? 2025) every time i try to load a match, it hangs at the loading screen indefinitely. this coming hot ion the heals if having to completely reintstall the entire game, due to the same update deleting half of the launcher file.

if you work for Acti or one of its bought-out slave studios, I feel bad for you. Activision needs to die as a company before it can have its renaissance and second chance.",ive playing call duty since last cod buy andor play dont care got free battlepass friend house every game think peak activision greed shown wrong next installment ridiculous skin even ridiculous price boring rehashed map match breaking exploit old gun useless attachment meta worth gamebreaking glitch every update latest update sept st every time try load match hang loading screen indefinitely coming hot ion heals completely reintstall entire game due update deleting half launcher file work acti one boughtout slave studio feel bad activision need die company renaissance second chance,False,0
"Just make a good game and stop with the annual release bs and al the fortnight style skins for fucks sake
",make good game stop annual release b al fortnight style skin fuck sake,False,0
"I played 1000 hours of BO6, don't be like me
it's a waste of time ...Be productive.",played hour bo dont like waste time productive,False,0
">Spend time getting a computer
>Get computer
>Install steam
>Install COD
>Get screamed at by 50 year-old men
>Cry yourself to sleep after
>Overall? 10/10 experience wouldn't recommend for the weak",spend time getting computer get computer install steam install cod get screamed yearold men cry sleep overall experience wouldnt recommend weak,True,1
"Constant Crashes, most amount of storage of any game but the shittiest graphics of any game. SBMM where??",constant crash amount storage game shittiest graphic game sbmm,False,0
I GOT FUCKING RIPPED OFF! I BOUGHT BO6 BUT IT SAYS I HAVE TO BUY IT AGAIN!! AND I KEEP GETTING SIGNED OUT EVERY FUCKING 2 MINUTES!!!!!!!!!,got fucking ripped bought bo say buy keep getting signed every fucking minute,False,0
"american dad? beavis and butthead, cyber robots, zombies, ninja turtles skins... genre turned into a joke. no realism whatsoever. might as well play fortnite for free. barely any progress in battlepass. waste of money imo",american dad beavis butthead cyber robot zombie ninja turtle skin genre turned joke realism whatsoever might well play fortnite free barely progress battlepass waste money imo,False,0
"cant play the game due to a glitch with cod6, bought it had no issues and now everytime i load into a game i get stuck at the loading screen of a match.",cant play game due glitch cod bought issue everytime load game get stuck loading screen match,False,0
Very good zombies. Really love the updated maps and weapons. Enjoying story lines and challenging easter eggs keep me coming back.,good zombie really love updated map weapon enjoying story line challenging easter egg keep coming back,True,1
left a dent in the bank 70 squids for the game is defo to steap for a game price account but all the swear words came out to play all the sweats need baning as the game is to sweaty i thought fortnite and splitgate 2 was bad for sweats this game is sommet else but over all a banging game i nearly broke my monitor i went down a full packet of fags while playing the game but a good game apart from the price and the sweats and i also play on the keybored and mouse so its alot harder due to the aim assist,left dent bank squid game defo steap game price account swear word came play sweat need baning game sweaty thought fortnite splitgate bad sweat game sommet else banging game nearly broke monitor went full packet fag playing game good game apart price sweat also play keybored mouse alot harder due aim assist,True,1
"You will not have a good time, SBMM makes sure if it.",good time sbmm make sure,False,0
Just lagging lagging lagging lagging dead!!! Just cheating  is horrendous,lagging lagging lagging lagging dead cheating horrendous,False,0
"All is fine, but the random updates arent good especcialy when you are in the place where the limited internet is. It would be nice if they would give a date when there is planning the 20-30gb updates coming out that would be perfect.",fine random update arent good especcialy place limited internet would nice would give date planning gb update coming would perfect,True,1
"not fun anymore, no way to be silent and push engagements. not going to play until the change is reverted",fun anymore way silent push engagement going play change reverted,False,0
"It is a really good game especially for people that don't want to buy to play. The only bad part is CODS anticheat, so their might be a bit of cheaters.",really good game especially people dont want buy play bad part cod anticheat might bit cheater,True,1
"I cant even play it now
",cant even play,False,0
"Call of Duty has lost the plot, its soul, and anything that made the game a fun experience since 2022. This latest cash grab is even worse. chock filled with MTX like it's a preservative filled stereotypical TV Dinner. It makes me sad to see a franchise I loved so much as a kid turn into something you'd expect out of Mike Pondsmith's Cyberpunk universe made by some corporation like Arasaka that you are supposed to be against: a corpo product designed to take money from you continuously where you rage against the dying of the light to try and enjoy it.

You will barely able to play a game without loading multiple times for game (MTX shop) updates, precache'd shaders for warzone and not to mention the file size as well as the MTX that DO NOT MAKE SENSE.",call duty lost plot soul anything made game fun experience since latest cash grab even worse chock filled mtx like preservative filled stereotypical tv dinner make sad see franchise loved much kid turn something youd expect mike pondsmiths cyberpunk universe made corporation like arasaka supposed corpo product designed take money continuously rage dying light try enjoy barely able play game without loading multiple time game mtx shop update precached shaders warzone mention file size well mtx make sense,False,0
Game is fun but crashes often,game fun crash often,True,1
"0 out of 10 stars. i got locked out of my account that i spent to much money on, dont get this game, the same will happen to you. this game is the worst game i have ever played.",star got locked account spent much money dont get game happen game worst game ever played,False,0
"hackers everywhere i some times think that the developers are the ones who sell the hacks
",hacker everywhere time think developer one sell hack,False,0
"actually, never play this fuck ass game, doing an easter egg for 3 hours and this fuck ass game decides that were playing for too long, and said your done and kicked us out, buggiest, shittiest cod, with a gazillion dollar budget and voice lines dont even match with the character mouths. 0/10",actually never play fuck as game easter egg hour fuck as game decides playing long said done kicked u buggiest shittiest cod gazillion dollar budget voice line dont even match character mouth,False,0
"I love it when after a new update comes out, i can't play the game because i'm stuck on a loading screen until my hair grows white. I love activision.",love new update come cant play game im stuck loading screen hair grows white love activision,False,0
"Hello person reading this, I recommend this game (COD) for controller players, first in aiming advanced settings use either linear or dynamic look curve with 1 slope speed, they both give AIMBOT aim assist, I use linear and 1.78 look x and y look sens and 0.62 ads and my aim feels INSANE, so please use these settings plus settings from atlanta faze and berger on youtube.",hello person reading recommend game cod controller player first aiming advanced setting use either linear dynamic look curve slope speed give aimbot aim assist use linear look look sen ad aim feel insane please use setting plus setting atlanta faze berger youtube,True,1
"dogshit like the rest of them
",dogshit like rest,False,0
"How to get angry issues free <3
i love this game",get angry issue free love game,True,1
"god demn it how can you make this game like trashcan i don;t understand, just trashcan",god demn make game like trashcan dont understand trashcan,False,0
"Since the latest patch, I have to flash my BIOS so I don't get the TPM 2.0 error. If you don't flash your BIOS, you won't be able to play the game. I'm not going to risk killing my entire processor for BO6. How can something like this even happen?",since latest patch flash bios dont get tpm error dont flash bios wont able play game im going risk killing entire processor bo something like even happen,False,0
I want to help them others players,want help others player,True,1
"Couldn't even launch the damn game. Crashed 100 times trying to launch Warzone. I'm done trying for now, maybe at some point in the future I'll try again.",couldnt even launch damn game crashed time trying launch warzone im done trying maybe point future ill try,False,0
game sucks.   you get to only play on 2 maps in warzone only cause everything else is a seperate overpriced purchase.   each gamemode only works on a single map.... and the last update introduced a bug in making a weapon loadout where trying to scroll the gun list to pick one causes it to reset back to the damned battle pass play menu.   screw this broken crap. going back to tf2.,game suck get play map warzone cause everything else seperate overpriced purchase gamemode work single map last update introduced bug making weapon loadout trying scroll gun list pick one cause reset back damned battle pas play menu screw broken crap going back tf,False,0
Good god they have actually ruined cod and they think people like it.,good god actually ruined cod think people like,False,0
not good not bad .. . . just meh,good bad meh,False,0
"I love seeing 200+GB free up in my storage when I get rid of this carbon copy of the last 3 releases. I had high hopes and pre-ordered 6 which was fun at launch but the consistently terrible matchmaking, cheaters not being dealt with, the chat bans for nothing, activision just not listening to the general fan base, and more micro-transactions than Fortnite turned this game into straight up slop. What happened to the good classic boots on the ground arcade shooter we all enjoyed lol. Time to hope BF6 delivers this year for at least one good shooter since we all know BO7 is just gonna be BO6 re-skinned.",love seeing gb free storage get rid carbon copy last release high hope preordered fun launch consistently terrible matchmaking cheater dealt chat ban nothing activision listening general fan base microtransactions fortnite turned game straight slop happened good classic boot ground arcade shooter enjoyed lol time hope bf delivers year least one good shooter since know bo gonna bo reskinned,False,0
good fun and challenging i recommend if you want a challange,good fun challenging recommend want challange,True,1
"Afigenas grajus , vienas iš geriausių ;} <333 ONE SIMPLE WORD ABOUT COD IS: BEST. All you need to know is: TASK FORCE 141 Price , Soap , Ghost , Alex , Gazz",afigenas grajus vienas geriausi one simple word cod best need know task force price soap ghost alex gazz,True,1
its good but the game size is too large ngl,good game size large ngl,True,1
"new update that made me that had low knowledge of advance core pc operating sytem. must change the bios or add something at the system. i just end user and play this for fun. i know sometimes someone out there still using cheat/hack software for ruining the fun  and this is it MUST to do if i wanted to play.
well back again with just got low knowledge for it that scary me to do the change or asking help for professional's. because i don't know if i change this one what the implication for other software i install in my pc. are there will be the risk of data leaks for other software I install on my PC due to changing one thing in the operating system for this game? that still questionable that shady right?
well for now because new development for provider to stop cheating player made change in operating system. i may be postpone play this game for while. wait and see for now. 
thanks",new update made low knowledge advance core pc operating sytem must change bios add something system end user play fun know sometimes someone still using cheathack software ruining fun must wanted play well back got low knowledge scary change asking help professional dont know change one implication software install pc risk data leak software install pc due changing one thing operating system game still questionable shady right well new development provider stop cheating player made change operating system may postpone play game wait see thanks,False,0
me personally i really like this game however its very competitive,personally really like game however competitive,True,1
This is a money grab and that's all it is. i hope every single person involved in ruining this franchise ends up homeless. Rich people ruin everything.,money grab thats hope every single person involved ruining franchise end homeless rich people ruin everything,False,0
"TPM 2.0 is not detecting, everything is enabled on my pc, since after the update yesterday, i can't play. i keep getting TPM 2.0 not enabled but it's enabled on my PC",tpm detecting everything enabled pc since update yesterday cant play keep getting tpm enabled enabled pc,False,0
"Zombies is good fun, movement is good, but the settings and setup for the game can be abit tedious. Need a few YT tutorials to help get everything going which is abit annoying but overall a good game.",zombie good fun movement good setting setup game abit tedious need yt tutorial help get everything going abit annoying overall good game,True,1
"as a first time player,i love this game and i love it 
",first time playeri love game love,True,1
the most ass game there so many glitches not even worth your cash,as game many glitch even worth cash,False,0
"Too many bugs, runs like shit, I'm on i9-14900kf and 4070 super.. Overclocked professionally too and game feels like ps4. Too many cheaters also.

Don't buy just have a wank instead.",many bug run like shit im ikf super overclocked professionally game feel like p many cheater also dont buy wank instead,False,0
"This is a review of the Warzone games. It's good. It's fun. It's thrilling. Time well spent with friends.

But really the controllers aim assist is broken. Switched to Apex when it comes to the Battle Royale genre.

6.5/10",review warzone game good fun thrilling time well spent friend really controller aim assist broken switched apex come battle royale genre,True,1
how do I have 2 hours on this? I don't remember ever playing this game what,hour dont remember ever playing game,False,0
Gameplay ist gut aber leider viele Werbungen im Spiel um Sachen zu kaufen,gameplay ist gut aber leider viele werbungen im spiel um sachen zu kaufen,True,1
"Game says that my computer doesnt have a thing it does. And going through what it tells me to yields no results as a user who is having issues with no concievable way to resolve the issue i have no reason to recommend this game.
P.S. if you look up your tpm version and it says its 2.0 but the manufacturer of your mobo is amd and it has the manufacture version of 3.x.0.x then you will get constant notifs about your computer not having something it has and it will prevent you from playing black ops 7 so dont even bother getting i.",game say computer doesnt thing going tell yield result user issue concievable way resolve issue reason recommend game p look tpm version say manufacturer mobo amd manufacture version xx get constant notifs computer something prevent playing black ops dont even bother getting,False,0
"It's Call of Duty, I don't know why you're reading this.",call duty dont know youre reading,True,1
i want to deliver the meanest knuckle sandwich to anyone who uses a shotgun,want deliver meanest knuckle sandwich anyone us shotgun,True,1
"too many gbs no reason for it
",many gb reason,False,0
The only game besides Bethesda titles to crash due to generic DirectX Errors. To make things worse the game's system cannot detect when your TPM is initiated.,game besides bethesda title crash due generic directx error make thing worse game system cannot detect tpm initiated,False,0
the new updted cant load a game,new updted cant load game,False,0
"Its just obvious now they only care about money now. I wish that it was not the case but so many of their actions have so much greed behind them it is quiet horrible to see. You cant even play zombies offline anymore, like i bet if someone good enough could remake all the cold war and bo6 maps into a mod it would play and run better on bo3 AND you can play offline WITHOUT being spammed with bundles and battlepass and bo7 ads before you hop on the game. I understand doing art for money to an extent but once the greed goes too far into the art, the art is ruined. The zombie maps are just 6/10 for bo6 and cold war is 5/10 barely. so yeah the rest of everything else is 0/10 and ruins zombies.",obvious care money wish case many action much greed behind quiet horrible see cant even play zombie offline anymore like bet someone good enough could remake cold war bo map mod would play run better bo play offline without spammed bundle battlepass bo ad hop game understand art money extent greed go far art art ruined zombie map bo cold war barely yeah rest everything else ruin zombie,False,0
Love how the game will not let you launch in a offline mode to just play some solo zombies literally the gayest thing ever. this alone make WaW better than COD 6 because I don't have to get network errors to play a SINGLE player game. Like your a multi billion dollar business and you cant make zombies offline trash.,love game let launch offline mode play solo zombie literally gayest thing ever alone make waw better cod dont get network error play single player game like multi billion dollar business cant make zombie offline trash,False,0
this game is so cool it has like everything for god to noob players and its freee i bought my first skin in couple weeks after playing it but lets say bad things about this game the anticheat detects as a virus and there is so much cheaters still in this game,game cool like everything god noob player freee bought first skin couple week playing let say bad thing game anticheat detects virus much cheater still game,True,1
"Terrible game... Call of duty continues to cater to woke leftist fruit cakes... Can't make a good game, so they instead pump it full of fluff. Not even good fluff. Lame ass skins, fruit cakes only here...",terrible game call duty continues cater woke leftist fruit cake cant make good game instead pump full fluff even good fluff lame as skin fruit cake,False,0
A triple A game that can't even allow you launch into a game after the latest update - each day I find a new reason to be upset that I purchased this game.,triple game cant even allow launch game latest update day find new reason upset purchased game,False,0
"this game is ass but also good its VARRY VARRY FUN WHEN U ARE WINING 
",game as also good varry varry fun wining,True,1
call of duty has become the biggest most unreliable dumpster fire cant wait to preorder BF6,call duty become biggest unreliable dumpster fire cant wait preorder bf,False,0
"updated and now cant load a game, shocking",updated cant load game shocking,False,0
this game is rlly good cause i like the way how it,game rlly good cause like way,True,1
absolute shit. never fucking launches or give reasons as to why it doesn't launch. filled with so much shit it looks like a shittier fortnite. takes up all your storage space and still finds more shit for you to download or else it wont even sign you the fuck in. never buy anything from this piece of shit company pumping out so much bullshit,absolute shit never fucking launch give reason doesnt launch filled much shit look like shittier fortnite take storage space still find shit download else wont even sign fuck never buy anything piece shit company pumping much bullshit,False,0
never can load up a normal match alwayus crashiong or gettings stuck on a screen,never load normal match alwayus crashiong getting stuck screen,False,0
it funny game and joyfull to play but it fking taking huge space on my driver and why the fuuck i need to download base game and i just need warezone,funny game joyfull play fking taking huge space driver fuuck need download base game need warezone,False,0
Only 400 GB to enjoy playing.  BF6 looks nice now,gb enjoy playing bf look nice,False,0
Im a newbie to this game and I love it!!!,im newbie game love,True,1
"Matches are based off of skill level and purchases.
Game has bugs that have been present since release showcasing the fact they don't give a fuck about anything except money with their low-tier dog-shit modeling they call ""operators""
When you think it ends there it doesn't! EVERY game has an anti-cheat yet this one seems to let hackers slip right on through using ESP and once again they're able to simply re-create a new account and hop right back into it if they do by chance get banned.

Takeaways:
Skill based matchmaking based off of purchases. (Check the patents.)
Full-Stack Dev-Team only care about money.
Can't make a working anti-cheat.
Can't patch glitches that actually matter.
Players are brain damaged.


Revision 2
Still Dogshit.


",match based skill level purchase game bug present since release showcasing fact dont give fuck anything except money lowtier dogshit modeling call operator think end doesnt every game anticheat yet one seems let hacker slip right using esp theyre able simply recreate new account hop right back chance get banned takeaway skill based matchmaking based purchase check patent fullstack devteam care money cant make working anticheat cant patch glitch actually matter player brain damaged revision still dogshit,False,0
"its a fun high action game
",fun high action game,True,1
"played for prolly 2 weeks and got shadowban, im off ts now but havent played since, prestige master acc got banned for hardware or modifying n shi and steam ban but this bo6 acc is fine so anti cheat is total shit needs fixed, save ur money n dont buy ts",played prolly week got shadowban im t havent played since prestige master acc got banned hardware modifying shi steam ban bo acc fine anti cheat total shit need fixed save ur money dont buy t,False,0
"I like it but its kind of a big game
",like kind big game,True,1
Sick ass game if you want to be killed and made fun of an e girl,sick as game want killed made fun girl,True,1
"Lol, I've been using this ghetto ass CoD Launcher exclusively for playing Black Ops 6. And it crashes every fucking time I change the window resolution.

Hilariously broken! 69/10.",lol ive using ghetto as cod launcher exclusively playing black ops crash every fucking time change window resolution hilariously broken,False,0
"I’ve really enjoyed my time playing Call of Duty®. What I like the most is how smooth and fast the gameplay feels—it’s easy to pick up but still challenging enough to keep me hooked. The campaign is exciting and cinematic, while the multiplayer is where the game truly shines with its variety of modes and constant action.

Of course, there are a few things that could be better. Sometimes the game feels a bit repetitive, especially if you’ve played older Call of Duty titles. Also, the extra content and cosmetics can be a bit much at times.

Overall, though, I’d definitely recommend Call of Duty® to anyone who enjoys first-person shooters. It’s fun, polished, and has a strong community that keeps the experience alive.",ive really enjoyed time playing call duty like smooth fast gameplay feelsits easy pick still challenging enough keep hooked campaign exciting cinematic multiplayer game truly shine variety mode constant action course thing could better sometimes game feel bit repetitive especially youve played older call duty title also extra content cosmetic bit much time overall though id definitely recommend call duty anyone enjoys firstperson shooter fun polished strong community keep experience alive,True,1
"Its a relatively good game its just you are going to find hackers every once in a while
",relatively good game going find hacker every,True,1
Fun lots of guns but would not recoumend if you play on weak pc,fun lot gun would recoumend play weak pc,True,1
"TMP now required. Can't run the game without it. If I had known they would ever introduce that on purchase I would never have purchased the game. That is me now fully done with Activision, Treyarch and Raven Software games. Missed the last few and this was my step back into the franchise. But, no sir. No more money from my pockets. I do not trust you to fiddle around with my kernel. The audacity to spring this on someone who has already paid for the game. You release them so frequently you may as well wait for the next one to do it so I can just not buy that, no need to nuke my game.",tmp required cant run game without known would ever introduce purchase would never purchased game fully done activision treyarch raven software game missed last step back franchise sir money pocket trust fiddle around kernel audacity spring someone already paid game release frequently may well wait next one buy need nuke game,False,0
becaiuse its friendly depends on diffrent game sessions but most of people are a n word spammer machine,becaiuse friendly depends diffrent game session people word spammer machine,True,1
what fuck is wrong with bo6,fuck wrong bo,False,0
1000 gb of total bullshit total  waste of time and health on a fucking 3000 gb battleroyal shit,gb total bullshit total waste time health fucking gb battleroyal shit,False,0
most ass game that literaly makes updates to ruin their game more. They dont fix a thing. Ive gotten thousands of sr taken from me from dev errors. the matchmaking is horrible. They make no effort to stop hackers. worst game ive played in a while hands down. Dont buy. and dont buy bo7 2,as game literaly make update ruin game dont fix thing ive gotten thousand sr taken dev error matchmaking horrible make effort stop hacker worst game ive played hand dont buy dont buy bo,False,0
"I'm not describing what I liked or disliked. If I want to recommend this game to others without saying why, then that's what I'll do.",im describing liked disliked want recommend game others without saying thats ill,True,1
waste of money. every update brings new glitches and basically makes the game unplayable.,waste money every update brings new glitch basically make game unplayable,False,0
"Thank you so much for uninstalling MW2 from my computer, I enjoy having to reinstall a nearly 100gb game with my abysmal internet connection.",thank much uninstalling mw computer enjoy reinstall nearly gb game abysmal internet connection,False,0
meow the cat said. The dog replied with woof woof,meow cat said dog replied woof woof,True,1
"Reloading shaders is needes half the time when you start the game (wich takes a few minutes). 

Then you have to click through tons of advertisements for ingame-stuff to get to the playing-part of the game and ofc it then crashes half the time. They don't even try anymore ...",reloading shaders needes half time start game wich take minute click ton advertisement ingamestuff get playingpart game ofc crash half time dont even try anymore,False,0
I love the game cna't waitr for bo7,love game cnat waitr bo,True,1
"If you want to get gangbanged this is the perfect game to do so.
",want get gangbanged perfect game,False,0
"This game is so good, I think everyone should play this game its so fun to play with friends and just to play by yourself. And you can play zombies and warzone which are also fun game modes",game good think everyone play game fun play friend play play zombie warzone also fun game mode,True,1
it's very nice game i recommend it to anyone who like shooter games,nice game recommend anyone like shooter game,True,1
"Fun Game, the updates they have for the game seem like they take forever sometimes",fun game update game seem like take forever sometimes,True,1
"this game is addicting as heck man, can't wait for bo7, always use game pass to get the newest COD cheaper!!!!",game addicting heck man cant wait bo always use game pas get newest cod cheaper,True,1
"Absolutely one of the top-tier battle royale experiences out there! Super fun after level 40, and unlike other shooters, you can engage in battles without looting tons of items.",absolutely one toptier battle royale experience super fun level unlike shooter engage battle without looting ton item,True,1
Looking forward to battlefield. That's about it. 5/10,looking forward battlefield thats,False,0
lags and freezes to much they need to update their server for it to run right and they chat ban you for saying basically what some of the characters say its a rated M game so why monitor the chat,lag freeze much need update server run right chat ban saying basically character say rated game monitor chat,False,0
"the most unoptimized 287 gb of trash . 
",unoptimized gb trash,False,0
"Don't buy mw2, mw3,  bo6 or even pre-order bo7 dont even think of playing warzone this game is so ass",dont buy mw mw bo even preorder bo dont even think playing warzone game as,False,0
"Call of Duty has completely abandoned its identity, turning what was once a military shooter into a shіt show full of TikTok skins, rappers and whatever brand collab makes them quick cash to wipe their ass with.

Activision hates their player base.

This franchise has been systematically puѕѕyfied, chasing microtransactions over authenticity, and every update proves they care more about being 'politically correct' than about the players.

Add blacked out spec-ops skins, instead of Peter Griffin running around with Dark Matter, you absolute puѕѕies.

""Just take the money and get over it""
- Activision executive",call duty completely abandoned identity turning military shooter sht show full tiktok skin rapper whatever brand collab make quick cash wipe as activision hate player base franchise systematically puyfied chasing microtransactions authenticity every update prof care politically correct player add blacked specops skin instead peter griffin running around dark matter absolute puies take money get activision executive,False,0
ERROR ERROR ERROR ERROR ERROR ERROR.... FUCK U,error error error error error error fuck,False,0
every update to the game makes it worse. they got rid of alot of things and where my computer use to run the game with this update it wont load a game at all now.,every update game make worse got rid alot thing computer use run game update wont load game,False,0
its fun but only when ur not beingBumbed irl byadildo,fun ur beingbumbed irl byadildo,True,1
"Fun game, no complaints - besides not staying in the same lobby. I don't get why you have to leave the lobby after every match and not show the scoreboard.",fun game complaint besides staying lobby dont get leave lobby every match show scoreboard,True,1
"too many sweats,not for casual players",many sweatsnot casual player,False,0
"Full of bugs 

but i love black ops <3",full bug love black ops,False,0
great fun. game play is desent.,great fun game play desent,True,1
"All the obvious issues aside, I got a taste for same FPS game today and downloaded the game while I was working. 2 hours later after I finished work and ready to start the game I was hit with a 21GB update. I remember that this was a (almost) daily occurrence but its baffling that this trend still persists. I mean, you people are okay with downloading a writing over 20GB updates on almost a daily basis?",obvious issue aside got taste fps game today downloaded game working hour later finished work ready start game hit gb update remember almost daily occurrence baffling trend still persists mean people okay downloading writing gb update almost daily basis,False,0
you have to be good at the game to have fun other wise you will rage lots,good game fun wise rage lot,True,1
Poor connection to cod server -   poor support - wasting time,poor connection cod server poor support wasting time,False,0
"Nobody will read my review
so I Will Eat 1 Tablespoon of ketchup For Every Like this gets.",nobody read review eat tablespoon ketchup every like get,True,1
"I'd rather play roblox then this to be honest. It gets boring fast, especially when you run into hackers every time you play. And it feels like I die way quicker, Activision you should change it back to the old way, also, what's up with the head-shot snipe only cracking plates.",id rather play roblox honest get boring fast especially run hacker every time play feel like die way quicker activision change back old way also whats headshot snipe cracking plate,False,0
its really fun but there is a isue when i join the ganme it says my account was signed out and i dont know how to fix it,really fun isue join ganme say account signed dont know fix,True,1
"it's cod, nothing more, nothing less.",cod nothing nothing less,True,1
genuinely just unplayable it shuts down my pc after like a certain amnt of play time i have a 5080 32 gb of ram ryzen 7 9800x3d genuinely unplayable and they just wont fix it,genuinely unplayable shuts pc like certain amnt play time gb ram ryzen xd genuinely unplayable wont fix,False,0
"Great game, although a ton of sweats that haven't touched grass in awhile, quite hard as a mid player to win in Warzone, BO6 had a cool campain, although in general Its quite good",great game although ton sweat havent touched grass awhile quite hard mid player win warzone bo cool campain although general quite good,True,1
This game become a Clown of Duty,game become clown duty,False,0
It's fun and has good movement but that's kinda it. It's fun to hop in and hop out every now and then.,fun good movement thats kinda fun hop hop every,True,1
"WORST FUCKING GAME. WHENEVER I LOAD IN MY AUDIO STOPS WORKING. I TRIED EVERYTHING, FUCK THIS MONEY GRABBING GAME, FIX UR ASS FUCKING GAME U FUCKING JEWS",worst fucking game whenever load audio stop working tried everything fuck money grabbing game fix ur as fucking game fucking jew,False,0
Utter Garbage to little too late Activision,utter garbage little late activision,False,0
"Black Ops 6 is pure fucking dogshit masquerading as a video game. Activision’s only priority is shoving overpriced bundles down your throat while the actual gameplay rots in a corner. Skill based matchmaking pairs you with teammates who play like brain-dead vegetables, movement feels like hot ass with a half second delay, and packet burst still hasn’t been fixed because fixing things doesn’t make them money. Zombies is a watered down disgrace, every good weapon is chained to the battlepass, and the game is flooded with clown-show skins like Ninja Turtles and Beavis and Butthead. The netcode is so fucked it feels like they coded in skill based damage just to make sure your bullets don’t count. Skins are blatantly pay-to-win because they’re impossible to see in the visual diarrhea Activision calls maps. The TTK is so pathetically low you drop dead before you even know you’re being shot. This isn’t Call of Duty, it’s a corporate scam designed to milk idiots while spitting in the face of anyone who remembers when this franchise wasn’t complete trash.
See ya'll on Battlefield 6",black ops pure fucking dogshit masquerading video game activisions priority shoving overpriced bundle throat actual gameplay rot corner skill based matchmaking pair teammate play like braindead vegetable movement feel like hot as half second delay packet burst still hasnt fixed fixing thing doesnt make money zombie watered disgrace every good weapon chained battlepass game flooded clownshow skin like ninja turtle beavis butthead netcode fucked feel like coded skill based damage make sure bullet dont count skin blatantly paytowin theyre impossible see visual diarrhea activision call map ttk pathetically low drop dead even know youre shot isnt call duty corporate scam designed milk idiot spitting face anyone remembers franchise wasnt complete trash see yall battlefield,False,0
"Hot buns. 

I used to love Black Ops 6 until they added TMP 2.0 AND SECURE BOOT to Black Ops 6/7 they are completely bricking people's games. Secure boot wont fix or make a dent in getting rid of cheaters in COD. Cheating in COD has been huge ever since OG MW3. If they couldn't fix it back then no hope now. Thank you Activision for bricking the hell out of my game forcing me to enable secure boot which im not doing. I paid the full 70 on release for atleast a glimmer of hope now its crushed.",hot bun used love black ops added tmp secure boot black ops completely bricking people game secure boot wont fix make dent getting rid cheater cod cheating cod huge ever since og mw couldnt fix back hope thank activision bricking hell game forcing enable secure boot im paid full release atleast glimmer hope crushed,False,0
its never gonna be more than what it is,never gonna,False,0
garbage. zombies is ok i guess,garbage zombie ok guess,False,0
You will get lost in this game for hours in a fun way!!,get lost game hour fun way,True,1
CALL OF DUTY has fallen off fr apart from warzone the game hasnt changed over all these years id rather just play BO2 FR,call duty fallen fr apart warzone game hasnt changed year id rather play bo fr,False,0
"i have over 500 Hours on my PS5 for MW2 and Warzone, and let me just say, if you  are a loving guy, doing well in school, have a wife and kids, THROW THAT ALL OUT THE WINDOW, THIS WILL MAKE U A RACIST, HATE LIFE, AND LOOSE YOUR FAMILY RESPECT.

10/10 love playing with friends",hour p mw warzone let say loving guy well school wife kid throw window make racist hate life loose family respect love playing friend,True,1
good game to turn off ur pc becasue u  rage quit because of hackers,good game turn ur pc becasue rage quit hacker,True,1
"Downloaded the free version of the game and it is more than 100 gb. 
Launched the game. Game shows me the games that i dont own. 
Looking for the Warzone play button
There is no play button.
THERE IS ANOTHER DOWNLOAD BUTTON.
GAME DECIDED TO DOWNLOAD ANOTHER 30 GBs.",downloaded free version game gb launched game game show game dont looking warzone play button play button another download button game decided download another gb,False,0
"server is shit, kick you out. RATHER GET BF6  dont waste your time in this worthless game",server shit kick rather get bf dont waste time worthless game,False,0
"MY GAME IS NOT FUCKING BROKEN AND i'M NOT FUCKING HACKING YOU USELESS CUNTS
(game keeps on encountering a DirectX unrecoverable error and so crashes all the time about 30 seconds into a match, my drivers all up to date, i double checked right after the crash happened so fix your shit, I'm sick and fucking tired of *trying* to play your games and it crashing on me)",game fucking broken im fucking hacking useless cunt game keep encountering directx unrecoverable error crash time second match driver date double checked right crash happened fix shit im sick fucking tired trying play game crashing,False,0
i don't remember a single second of playing this game how have i got 16 hours,dont remember single second playing game got hour,False,0
I liked this game. But if I am getting pretty tired of the game. You should try the game out.,liked game getting pretty tired game try game,True,1
"i like the game so much 
i hope all players and those who new should play these game",like game much hope player new play game,True,1
"~ DIFFICULTY ~
🔲 My 90 year old grandma could play it
🔲 Easy
✅ Normal
🔲 Hard
🔲 Dark Souls

~ GRAPHICS ~
🔲 MS Paint
🔲 Bad
🔲 Meh
🔲 Graphics dont matter in this game
🔲 Good
✅ Beautiful

~ MUSIC ~
🔲 Bad
🔲 Not special
🔲 Good
✅ Eargasm

~ STORY ~
🔲 This game has no story
🔲 Like playing Temple Runners for the story
🔲 It's there for the people who want it
✅ Well written
🔲 Epic story

~ PRICE ~
🔲 Free
🔲 Underpriced
🔲 Perfect Price
🔲 Could be cheaper
🔲 Overpriced
✅ Complete waste of money

~ REQUIREMENTS ~
🔲 You can run it on a microwave
🔲 Average
✅ High end
🔲 NASA computer

~ LENGTH ~
🔲 Very Short (0 - 3 hours)
🔲 Short (3 - 15 hours)
🔲 Average (15-50 hours)
🔲 Long (50-90 hours)
🔲 Extremely long (90-110 hours)
✅ No ending

~ FUN ~
✅ I'd rather watch paint dry
🔲 Hard to enjoy
🔲 Repetitive
🔲 Actually pretty amusing
🔲 Ride of your life

~ REPLAYABILITY~
✅ It's a one-time experience
🔲 Only for achievements
🔲 If you wait a few months/years
🔲 Definitely
🔲 Infinitely replayable

~ WORTH BUYING ~
✅ No
🔲 Wait for sale
🔲 Yes

----------------

Call of Duty (HQ) presents itself as a centralized hub for the franchise, but instead of providing convenience, it creates frustration. By forcing all entries into one bloated installation, it consumes enormous amounts of storage space unnecessarily. This approach undermines accessibility and punishes players who only wish to engage with one specific title in the series. Rather than streamlining the experience, it complicates it.
Visually, the franchise has shifted away from its signature gritty realism toward bright, cartoonish aesthetics. Skins and cosmetic packs now dominate the presentation, often resembling the style of games like Fortnite rather than maintaining Call of Duty’s military authenticity. This departure in tone alienates long-time fans and erodes the visual identity that helped define the series. Even the more detailed environments are overshadowed by the jarring, unrealistic designs of character models.
Overall, Call of Duty (HQ) is a misstep that damages the franchise’s identity, convenience, and appeal. By forcing massive installations, undermining story delivery, weakening gameplay flow, and adopting a misguided visual direction, it strips away much of what made Call of Duty unique. Instead of enhancing the player experience, it clutters and detracts from it. The result is a platform that feels unnecessary, intrusive, and disconnected from the series’ roots.
Call of Duty (HQ) gets a 1/10.

For more reviews check my Steam profile
Hope you enjoyed my review, god bless you",difficulty year old grandma could play easy normal hard dark soul graphic m paint bad meh graphic dont matter game good beautiful music bad special good eargasm story game story like playing temple runner story people want well written epic story price free underpriced perfect price could cheaper overpriced complete waste money requirement run microwave average high end nasa computer length short hour short hour average hour long hour extremely long hour ending fun id rather watch paint dry hard enjoy repetitive actually pretty amusing ride life replayability onetime experience achievement wait monthsyears definitely infinitely replayable worth buying wait sale yes call duty hq present centralized hub franchise instead providing convenience creates frustration forcing entry one bloated installation consumes enormous amount storage space unnecessarily approach undermines accessibility punishes player wish engage one specific title series rather streamlining experience complicates visually franchise shifted away signature gritty realism toward bright cartoonish aesthetic skin cosmetic pack dominate presentation often resembling style game like fortnite rather maintaining call duty military authenticity departure tone alienates longtime fan erodes visual identity helped define series even detailed environment overshadowed jarring unrealistic design character model overall call duty hq misstep damage franchise identity convenience appeal forcing massive installation undermining story delivery weakening gameplay flow adopting misguided visual direction strip away much made call duty unique instead enhancing player experience clutter detracts result platform feel unnecessary intrusive disconnected series root call duty hq get review check steam profile hope enjoyed review god bless,False,0
Game is just not fun if you have more than a 1.5KD,game fun kd,False,0
game has been dead since cold war and is more item shop than game,game dead since cold war item shop game,False,0
 I hope this game dies so I can stop playing this piece of pure dogshit.,hope game dy stop playing piece pure dogshit,False,0
"Zombies is fun, very different from oldschool zombies but a cool new twist.",zombie fun different oldschool zombie cool new twist,True,1
i played for the first time and its very fun ngl,played first time fun ngl,True,1
"I spent to many hours playing this game, Help Me!",spent many hour playing game help,True,1
Bevis from Bevis and Butthead can emote on a downed Nicki Minaj with Stan from American dad watching on in horror. This is not a review for the wrong game btw. I am actually talking about Call of Duty.,bevis bevis butthead emote downed nicki minaj stan american dad watching horror review wrong game btw actually talking call duty,False,0
I LOVE THIS GAME AND I'M AT 31 HOURS IN :),love game im hour,True,1
"The game started very well but became worse over time, the only thing that is still fun is the zombie mode!",game started well became worse time thing still fun zombie mode,True,1
terrible hacking problem.  Games not even fun anymore probably wont be getting BO7,terrible hacking problem game even fun anymore probably wont getting bo,False,0
"Pretty much bloatware at this point. Selling proper main-line entries as DLC, really?! Goes without saying that the crossover, kiddie ""Fortnite-ification"" of the series (and scummy monetization DLC overload) is massively stupid and tone-breaking. Black Ops 6 is massively overpriced, doesn't run well, and is filled w/ sweats, hackers, and is generally un-fun to play when you constantly get 360 no-scoped dolphin-dived w/ the new movement system. MW3 (Reboot) was so on-rails w/ horrendous pacing & dialogue that I couldn't even finish it. If you want to play a Call of Duty, I'd suggest Call of Duty 2, World at War, Black Ops 1, Black Ops 2, and maybe Modern Warfare (2019). The rest I either haven't played or are straight-up terrible.",pretty much bloatware point selling proper mainline entry dlc really go without saying crossover kiddie fortniteification series scummy monetization dlc overload massively stupid tonebreaking black ops massively overpriced doesnt run well filled sweat hacker generally unfun play constantly get noscoped dolphindived new movement system mw reboot onrails horrendous pacing dialogue couldnt even finish want play call duty id suggest call duty world war black ops black ops maybe modern warfare rest either havent played straightup terrible,False,0
Fierce CoD hater since Warzone. my heart goes fully towards cookie clicker. way more entertaining,fierce cod hater since warzone heart go fully towards cookie clicker way entertaining,False,0
"the fact that people are butt hurt and are reporting things that are not in guidlines and that person gets banned is bullshit. yall need to be fixing this bullshit. like i told someone to fuck off, and they so butt hurt that i got banned but they can littarally say shit like dick and being racist to others, the fact that this is why people leave this and dont buy any more and the fact that people hate this and want to play battlfeild is crazy. bring back the trash talk, like come on, dont let the fucking kids on the game and mother fuckers wont have to be pissed off and leaving. for fuck sake get thefucking game right.
",fact people butt hurt reporting thing guidlines person get banned bullshit yall need fixing bullshit like told someone fuck butt hurt got banned littarally say shit like dick racist others fact people leave dont buy fact people hate want play battlfeild crazy bring back trash talk like come dont let fucking kid game mother fucker wont pissed leaving fuck sake get thefucking game right,False,0
"This is actually the worse game ever ""developed"" for PC.",actually worse game ever developed pc,False,0
"If your a fan of ruining your hopes and dreams for the future, this is the game for you. Its like a love hate relationship if love was blind and hate was stabbing you in the kidney's over and over again...

10/10",fan ruining hope dream future game like love hate relationship love blind hate stabbing kidney,True,1
Dumbass stupid ass fuck ass cod every man slop. only bought for the zombies and yet the downloads of pay-for content and filth have kept my slow net having ass from playing even a smidge of zombies. fucking disgrace that it links to last cod and you cant return this shit ball. good riddance cod,dumbass stupid as fuck as cod every man slop bought zombie yet downloads payfor content filth kept slow net as playing even smidge zombie fucking disgrace link last cod cant return shit ball good riddance cod,False,0
"Thought I'd hop back on the game despite reading the shocking reviews.
Safe to say they were true. Tried playing warzone only to get some sweat going full hardcore mode on me then after seeing the killcam his sights lock straight onto my head!

Honestly its full of hackers, cheaters and scum. Fix this COD. Your history of game-making means you should be better than this.",thought id hop back game despite reading shocking review safe say true tried playing warzone get sweat going full hardcore mode seeing killcam sight lock straight onto head honestly full hacker cheater scum fix cod history gamemaking mean better,False,0
verry good game its fun playing it,verry good game fun playing,True,1
Fun game to play with friends.,fun game play friend,True,1
absolute headiver much yes lad rate ts game beo,absolute headiver much yes lad rate t game beo,True,1
If you play anything other than campaign or zombies your existence will be miserable.,play anything campaign zombie existence miserable,True,1
Besides all the game politics. I think it is a High-Quality game and has a lot of replayability - if you want to grind. Always better with friends.,besides game politics think highquality game lot replayability want grind always better friend,True,1
 VERY FUN SHOOTER GAME AND ADDICTING,fun shooter game addicting,True,1
"100 GB launcher you have to install before installing 150+ gbs of just 1 of the COD games is just moronic. The game already has been the same recycled crap for 20 years but now we have to reserve insane amounts of space for a launcher just to install a game that ALSO takes of an insane amount of space. I'd love to understand how a launcher is over 100gbs on its on then warzone(a battle royal with a few game modes and like 2 maps?) which is 150+ gbs.......which makes 0 sense as well. TF do you have in that crap that makes it larger than alot of other and better games. Like graphics are meh, mechanics are the same washed up mechanics weve always had, operators are pretty bland in detail, and maps are pretty bare with no destruction. Like how tf do other games do what you are attempting to do, better in almost every single way, especially in storage consumption? I only play this with my wife and teenagers because they love it, but I can't wait for them to experience BF6 when it launches so they can leave this garbage behind so I can also leave this garbage behind. Oh and plus screwing people that bought operators to not have them usable in the new one, simply because you got made fun of for you lack of realism is pretty sad but also hilarious. The game with the biggest community of trolls can't handle being trolled LMFAO Please show us how you don't conform under pressure more XD",gb launcher install installing gb cod game moronic game already recycled crap year reserve insane amount space launcher install game also take insane amount space id love understand launcher gb warzonea battle royal game mode like map gbswhich make sense well tf crap make larger alot better game like graphic meh mechanic washed mechanic weve always operator pretty bland detail map pretty bare destruction like tf game attempting better almost every single way especially storage consumption play wife teenager love cant wait experience bf launch leave garbage behind also leave garbage behind oh plus screwing people bought operator usable new one simply got made fun lack realism pretty sad also hilarious game biggest community troll cant handle trolled lmfao please show u dont conform pressure xd,False,0
its good but the players are too good,good player good,True,1
it is awesome but not recommended for kids,awesome recommended kid,True,1
After downloading 100 Go you will be able to download some 200 more. GO play battelfield honnestly,downloading go able download go play battelfield honnestly,False,0
"Call of Duty franchise is now mostly a Fortnite-ish cartoonish joke. What used to be a serious and gruesome military game, now more resembles a paintball hall during haloween. 

That said, the weapons, sounds, effects, handling and graphics are good. Not as good as the Modern Warfare remaster (which was fantastic), but good enough.",call duty franchise mostly fortniteish cartoonish joke used serious gruesome military game resembles paintball hall haloween said weapon sound effect handling graphic good good modern warfare remaster fantastic good enough,False,0
boy i did done got my little cuteass killed by butthead and beavis teamin with a teddy bear,boy done got little cuteass killed butthead beavis teamin teddy bear,True,1
This game is just basically Fortnite with a different skin/theme. Pretty gay.,game basically fortnite different skintheme pretty gay,False,0
fuck this game master prestige tryna load up on pc and keeps crashing such a piece of shit gameeeeeeeeee,fuck game master prestige tryna load pc keep crashing piece shit gameeeeeeeeee,False,0
Play this game if u wanna break three monitors oh yea dont forget to always get shit on every 2 secs,play game wanna break three monitor oh yea dont forget always get shit every sec,True,1
Wasted my time grinding bo6 just for them to release bo7 the very next year. They usually leave roughly 3-4 years like bo2-b04. Granted cold war came 2 years after bo4 but at least there was a year break. What happened to spanning the gap between games so people can actually enjoy it without realising what a waste of time it is to play,wasted time grinding bo release bo next year usually leave roughly year like bob granted cold war came year bo least year break happened spanning gap game people actually enjoy without realising waste time play,False,0
Made me install another game after 100gb,made install another game gb,False,0
Yea just remember Controller has aim-bot you just getting cooked only with PC,yea remember controller aimbot getting cooked pc,False,0
Since the new antivirus update is the only compatibility with linux through proton gone. thanks for stealing my money assholes.,since new antivirus update compatibility linux proton gone thanks stealing money asshole,False,0
its good but not 150gb good,good gb good,True,1
"same problems just worse dont get this one or the next
",problem worse dont get one next,False,0
"reason 1. the game sucks and there is no such thing as addiction. I would fully say the game is shit and bad game play unless you have good friends other then that it, [to the developers you should give up and suck someone big gay dick have a merry fucking labor day].",reason game suck thing addiction would fully say game shit bad game play unless good friend developer give suck someone big gay dick merry fucking labor day,True,1
"load into match
grab guns
die
land again
get loadout 
get sniped out
rage quit 
delete 
redownload 
10/10 would recommand",load match grab gun die land get loadout get sniped rage quit delete redownload would recommand,True,1
Silksong costs the same as the nicki minaj skin,silksong cost nicki minaj skin,False,0
these games have gone to shit.,game gone shit,False,0
One of the best games on earth.,one best game earth,True,1
they ruined the black ops franchise.,ruined black ops franchise,False,0
The animated skins get really annoying and the crazy amount of storage required but my personal opinion is its better then fortnite,animated skin get really annoying crazy amount storage required personal opinion better fortnite,True,1
Just go play anything else please.,go play anything else please,False,0
"783 r8uguoi3y2uyguoewygowihewqoihweqoihweiuheoipufh4poitohriputeoprtheiprwuthoihtrep erg tberpuipreiuhgpeuoi rr\\
\\\\


",ruguoiyuyguoewygowihewqoihweqoihweiuheoipufhpoitohriputeoprtheiprwuthoihtrep erg tberpuipreiuhgpeuoi rr,True,1
just let it go bruh stop releasing games every other week and focus on one game this is getting old 😩,let go bruh stop releasing game every week focus one game getting old,False,0
"aim assist
no input based matchmaking",aim assist input based matchmaking,False,0
"it sucks... steam wont let me download and its just too complicated, someone please tell me what im doing wrong.",suck steam wont let download complicated someone please tell im wrong,False,0
"can we can a finished game?
can we get Working anti cheat?
stop focusing on the voice chat police and get us a proper game before we leave on october 10th",finished game get working anti cheat stop focusing voice chat police get u proper game leave october th,False,0
WHY THE ACTUAL FUCK IS THIS JUST A 200GB LAUNCHER,actual fuck gb launcher,False,0
"no lag no delay very good and long sessions
",lag delay good long session,True,1
"I had a whole paragraph typed out about why this game is bad, but then I realized it was pointless when I could just click the thumbs down button",whole paragraph typed game bad realized pointless could click thumb button,False,0
znalazlem bron i postrzeliem jakies dziecko szybciej niz znalazlem leczenie dobra gra polecam,znalazlem bron postrzeliem jakies dziecko szybciej niz znalazlem leczenie dobra gra polecam,True,1
"No !! like No Customer support no help from no one , Butt they want to delete my account , I have send so many mails to all possible support line and no one reply or help so",like customer support help one butt want delete account send many mail possible support line one reply help,False,0
its a very competitive and fun game the realism is great,competitive fun game realism great,True,1
as much flaws it has its still fun most of the time,much flaw still fun time,True,1
i had a lot of fun  and the new gun are a upgrade from cod 1 and 2,lot fun new gun upgrade cod,True,1
It's fun with friends because i made a memori with my dead friend that i will never forget that moment we played the last time the last game it's a part of my life,fun friend made memori dead friend never forget moment played last time last game part life,True,1
"hardly any fun, gets boring fast, to many closet cheaters, cash cow game, an idiots delight mostly",hardly fun get boring fast many closet cheater cash cow game idiot delight mostly,False,0
"A fast-paced cinematic shooter, can't expect less from this franchise",fastpaced cinematic shooter cant expect less franchise,True,1
"worst game of cod in years! so many cheating losers and that ""anticheat"" this is the worlds biggest joke!i hope this dev team gets sued",worst game cod year many cheating loser anticheat world biggest jokei hope dev team get sued,False,0
"This franchise used to be great but has gone to shit. It used to have serious themes and a dark, gritty tone. Now it is full of microtransactions and out of place skins, that have no place in a shooter. It is trying to be a fortnite clone. They constanlty push you to buy buy buy, be it the season pass, the delux season pass, the event passes... 

Don't waste your money",franchise used great gone shit used serious theme dark gritty tone full microtransactions place skin place shooter trying fortnite clone constanlty push buy buy buy season pas delux season pas event pass dont waste money,False,0
Anticheat is garbage. Can never play the game normally wihtout cheaters. L COD,anticheat garbage never play game normally wihtout cheater cod,False,0
"I like Turtles. Blizzard is antifun.

The Blizzard you knew is dead. This company has been for a while, right now, this is just corpos parading the corpse around.
Remember Hearthstone Hong Kong Controvery of 2019? They banned this dude for a super small expression of support for the hong kong protests.
Remember Warcraft 3 Reforged? The game was straight garbage, riddled with technical issues, missing promised features and stuff the OG game had, even the diehard Blizzcon-attending fans hated that.
Remember Heroes of the Storm? They let the game die without supporting it, they didn't even have the decency to communicate with their pro scene.
Remember the Activision Blizzard Lawsuit of 2021? Blizzard was accused of “frat boy” culture that put female employees as the targets of sexual harrassment.
Remember the Blizzard Employee Walkout of 2021? They were demanding that CEO Bobby Kotick removed, it never happened.
Remember the Blizzard Resignations around Jeff Kaplan and Co-Head Jen Oneal? Nothing ever came from that.
Remember the Diablo Immortal Release of 2022? That piece of garbage pay2win mobile game
Remember Overwatch? Or is it Overwatch 2? Remember the promised Single player game mode? Instead, have a battle pass, a nice little pay wall to put heroes behind

I still like Turtles. Blizzard is still antifun.

Blizzard:
Long ago you told me: ""you think you do, but you don't"", Today I tell you, ""We know what we want, but you do not have the ability to deliver.""",like turtle blizzard antifun blizzard knew dead company right corpos parading corpse around remember hearthstone hong kong controvery banned dude super small expression support hong kong protest remember warcraft reforged game straight garbage riddled technical issue missing promised feature stuff og game even diehard blizzconattending fan hated remember hero storm let game die without supporting didnt even decency communicate pro scene remember activision blizzard lawsuit blizzard accused frat boy culture put female employee target sexual harrassment remember blizzard employee walkout demanding ceo bobby kotick removed never happened remember blizzard resignation around jeff kaplan cohead jen oneal nothing ever came remember diablo immortal release piece garbage paywin mobile game remember overwatch overwatch remember promised single player game mode instead battle pas nice little pay wall put hero behind still like turtle blizzard still antifun blizzard long ago told think dont today tell know want ability deliver,False,0
"downloaded to try to some warzone, locked behind some wall, no games are playable, used to be a fun game to play with friends, now not even worth the download time...",downloaded try warzone locked behind wall game playable used fun game play friend even worth download time,False,0
"call of duty used to be perfect to just hop on quick and play now even if its installed i will have to relaunch it like 3 times for ""updates"" then wait another 5-10 mins for shaders to load by the time i get it up and in working order that small itch to play cod is gone and i end up just playing something else. Also doesn't help when you go i wanna play mw2 o great i guess all the data i downloaded was JUST THE LAUNCHER AND WARZONE so now i get to fucking wait again for that game then wait for shaders again.... you spend more time downloading the game then playing",call duty used perfect hop quick play even installed relaunch like time update wait another min shaders load time get working order small itch play cod gone end playing something else also doesnt help go wanna play mw great guess data downloaded launcher warzone get fucking wait game wait shaders spend time downloading game playing,False,0
"It has a lot of bugs, but it's still great.",lot bug still great,True,1
"Everyone knows how much of a disappointment this game is. Milking previous COD games and it's legacy characters, all while shitting and pissing on what ever was left is lazy. Basing games off nostalgia won't keep this franchise alive. Instead of putting in the time, effort and work, the dumb fucks at Activision are too busy making self inserts as GAY RETARDED UGLY WOMEN who actually don't resemble real women AT ALL. Not only is Activision run by a bunch of confused autistic drug addicted redditors but they can't put their totalled 2 brain cells together to create and establish a solid game identity. COD is not Fortnite, and it'll never be. 

I'll never forget how ShitVision invited and endorsed known cheaters; sucked them off, gave them hundreds of dollars of freebies and so much more all while forcing their shitty anti-cheat down regular players throats. BO6 is literally unplayable. My game has crashed so many times after season 5 because SUDDENLY it doesn't meet the ""required specs"". What sort of Chinese anti-cheat are they forcibly injecting into everyone's PC while they let their favourite unemployed loser streamers cheat with a cronus zen stuck up their asshole right in front of everyone to see. Don't support this dog shit game and its up and coming ""NEW releases"". 
If you're feeling Nostalgic, play the old COD games.",everyone know much disappointment game milking previous cod game legacy character shitting pissing ever left lazy basing game nostalgia wont keep franchise alive instead putting time effort work dumb fuck activision busy making self insert gay retarded ugly woman actually dont resemble real woman activision run bunch confused autistic drug addicted redditors cant put totalled brain cell together create establish solid game identity cod fortnite itll never ill never forget shitvision invited endorsed known cheater sucked gave hundred dollar freebie much forcing shitty anticheat regular player throat bo literally unplayable game crashed many time season suddenly doesnt meet required spec sort chinese anticheat forcibly injecting everyones pc let favourite unemployed loser streamer cheat cronus zen stuck asshole right front everyone see dont support dog shit game coming new release youre feeling nostalgic play old cod game,False,0
"file size is more bloated than 65% of the people featured on ""my 600lb life""
gameplay is frustrating enough to make you sound like pewdiepie on a bridge.",file size bloated people featured lb life gameplay frustrating enough make sound like pewdiepie bridge,False,0
"Game will not open, closes as soon as it says executing, which doesnt make sense because after checking the game files there isnt even a fucking .exe file, how is that even possible. make a decent game for once that isnt full of bugs. I have tried EVERYTHING to get it to work and my only option left is redownloading it on battle net and trying again, which I highly doubt will solve the problem.",game open close soon say executing doesnt make sense checking game file isnt even fucking exe file even possible make decent game isnt full bug tried everything get work option left redownloading battle net trying highly doubt solve problem,False,0
"I play since World At War, I lost the interest and it's just repeat game play like Modern Warfare. The hype made this game overrated. I wish I can have my money back. :(",play since world war lost interest repeat game play like modern warfare hype made game overrated wish money back,False,0
they shadow banned me for no reason,shadow banned reason,False,0
"As a zombies enjoyer, been pretty fun, worth for zombies players imo",zombie enjoyer pretty fun worth zombie player imo,True,1
"Been out of CoD since Black ops 4.  It was losing it's identity even before then, but dang...  This is the most corporate product I've ever booted up.  There is absolutely no life left in CoD at this point.",cod since black ops losing identity even dang corporate product ive ever booted absolutely life left cod point,False,0
"Basically Only Play Zombies, A Good Step In The Right Direction, But Many Things Can Improve",basically play zombie good step right direction many thing improve,True,1
"i install it and install warzone and i play it once and cant play it anymore 
",install install warzone play cant play anymore,False,0
Its COD - Good game sure. Over produced. yes. Toxic. 100%. But it really gets thatearge to shoot someone in the face so I guess I rate Recommend,cod good game sure produced yes toxic really get thatearge shoot someone face guess rate recommend,True,1
"I love the online game play personally, but my complaint is the quality of the software. This game hitches and crashes far more than anything else I play, and I play other games that tax my system just as hard. When it's working, game play is smooth but then it crashes. I've now had to uninstall and re-install the game just to get it to launch and just got into a few matches before it locked up and died again.",love online game play personally complaint quality software game hitch crash far anything else play play game tax system hard working game play smooth crash ive uninstall reinstall game get launch got match locked died,False,0
"5 dogshit cod games in a row? I wouldnt expect anything less from activision.
",dogshit cod game row wouldnt expect anything less activision,False,0
"Love the action.  Can be challenging, but in a good way.,",love action challenging good way,True,1
Runs like trash. Must be novice Devs working on this as it runs like a beta test. more spam ads than an infomercial channel. This game is trash and I would recommend black ops 2 before ever wasting your time and money on this jumbled mess of code they call a program.,run like trash must novice devs working run like beta test spam ad infomercial channel game trash would recommend black ops ever wasting time money jumbled mess code call program,False,0
"sooooo good 
, makes me jhappy everyhtire o oprenm ythe gsame 


",sooooo good make jhappy everyhtire oprenm ythe gsame,True,1
it is a good a game,good game,True,1
"100% wiped my computer, and still can't get this PoS past the connecting to server screen.",wiped computer still cant get po past connecting server screen,False,0
"So, I see a lot of you guys writing some awful comments for this game and I wanted to try it, but it won't even launch for me and yet I have 2.5 hours of playtime. Does anyone know what is wrong? I have the required specs and it still just shows it's running but nothing happens, help!!",see lot guy writing awful comment game wanted try wont even launch yet hour playtime anyone know wrong required spec still show running nothing happens help,True,1
pefer to play battlefield 6 for more fun and fairness,pefer play battlefield fun fairness,False,0
i wanted to make this review cuz i've played 69.9 hours and im proud of that.,wanted make review cuz ive played hour im proud,True,1
the lag and freezing can be bad sometimes but the game is good,lag freezing bad sometimes game good,True,1
great Game if you want to rage every single game against cheaters.,great game want rage every single game cheater,True,1
"Load in, find out I have to install more then the 100+ gbs to get Warzone, wait for another 20 while playing BO6 Zombies
Warzone finishes installing
Load into Warzone match while being only lvl 9 and no PVP expeirence in game
ABSOLUTELY DIDDLED BY LVL 100+ players
get's to lvl 12 by end of match
stops playing for a week
goes back, plays Warzone again
GOES ENTIRE RESURGANCE GAME WITHOUT DYING AND 20 KILLS
people call cheats when I can clearly hear them sprinting above/below/around me in a building.
Goes next match
dies instantly with c4 bomb on my squads heli.",load find install gb get warzone wait another playing bo zombie warzone finish installing load warzone match lvl pvp expeirence game absolutely diddled lvl player get lvl end match stop playing week go back play warzone go entire resurgance game without dying kill people call cheat clearly hear sprinting abovebelowaround building go next match dy instantly bomb squad heli,True,1
Def not worth a single minute,def worth single minute,False,0
"Get this game if you wanna watch it crash and fail to start and get corrupted files.
",get game wanna watch crash fail start get corrupted file,True,1
"waste of money,100gb for only warzone, the menu looks like netflix menu, makes you sweat when you play 1 good match(sbmm is trash), guns name doesnt match, skins are trash 0/10.",waste moneygb warzone menu look like netflix menu make sweat play good matchsbmm trash gun name doesnt match skin trash,False,0
yes play the game i just got shadow banned tho lol,yes play game got shadow banned tho lol,True,1
Almost 200 hours on the game and id rather spend every second with my head shut in a oven,almost hour game id rather spend every second head shut oven,True,1
"uh very fun but annoying sometimes i got some free things too
",uh fun annoying sometimes got free thing,True,1
"Fuck u Activision. I hope this shit company dies. Fucking Ugly cunts banned me for no reason I never even played the game on pc or steam. I play the game on my ps5.

How did I even get banned fuck u Activision, fuck riccoshit.",fuck activision hope shit company dy fucking ugly cunt banned reason never even played game pc steam play game p even get banned fuck activision fuck riccoshit,False,0
"i don'T' reccomend



if your reading this!
you like bois :D
",dont reccomend reading like bois,True,1
"Not much of hackers in this time.
Seems fun, and definetly funnier with your friends...",much hacker time seems fun definetly funnier friend,True,1
Why do they make it so damn hard to just get into the game,make damn hard get game,False,0
1. drop in 2. get gun 3. die 4. drop back in 5. get gun 6. get sniped 7. leave game 8. uninstall game 9. cry about it on the internet 10. reinstall and repeat.,drop get gun die drop back get gun get sniped leave game uninstall game cry internet reinstall repeat,True,1
"i liked the conspet of the game very fun but very sweaty
",liked conspet game fun sweaty,True,1
i HATE this awful piece of media,hate awful piece medium,False,0
"gun go pew pew yay and lots of racism I love it
",gun go pew pew yay lot racism love,True,1
trash it signs me out I cant even play,trash sign cant even play,False,0
was banned permenantly without a good enough explenation or  a way to change y computer settings game data minipulation was the reason and i did not have any issue with another game or have any cheats for any game ever very dissapointed and i did appeal this,banned permenantly without good enough explenation way change computer setting game data minipulation reason issue another game cheat game ever dissapointed appeal,False,0
Got banned for being to good love this game,got banned good love game,True,1
"Game crashes constantly, on a modern gaming PC, the main screen won't load right don't freeze but wont make up its mind what its gonna do. Verified the game files twice now still crashes at random while being in a 2 hour zombie match.",game crash constantly modern gaming pc main screen wont load right dont freeze wont make mind gonna verified game file twice still crash random hour zombie match,False,0
"Was going good until all of a sudden I get banned, no explanation, no support at all to say what happened, and after some research found out this has been happening to more and more people for no reason. don't recommend.",going good sudden get banned explanation support say happened research found happening people reason dont recommend,False,0
"don't you hate it when you want to play a game but you're immediately turned away because it EATS your drive? yeah, i know i do, and that's happened to me many times in the past few months.

over 100 gigs just for me to play warzone is genuinely insane and i cannot tell you the number of times i ached to play any fps game and looked towards COD, just to turn away because of the riDICULOUS amount of space i need to have. it doesn't help that my internet isn't fast, either, and i'd rather have something good i'll actually play on my already small-space SSD than have a tenth of a terabyte worth nothing more than a toilet flush.

and, of course, fuck activision. and fuck ubisoft while we're at it, too.",dont hate want play game youre immediately turned away eats drive yeah know thats happened many time past month gig play warzone genuinely insane cannot tell number time ached play fps game looked towards cod turn away ridiculous amount space need doesnt help internet isnt fast either id rather something good ill actually play already smallspace ssd tenth terabyte worth nothing toilet flush course fuck activision fuck ubisoft,False,0
"This game is really fun to play , either if you are by yourself or with a friend. i love how i use my controller more, and the guns are really good to. 100/10. Thank you for finding me a new favourite game to play.",game really fun play either friend love use controller gun really good thank finding new favourite game play,True,1
"Best Call of Duty in the last 9 damn years.
Took long enough!",best call duty last damn year took long enough,True,1
"Pretty fun game, just ignore the wannabe fortnite aspect of this game. overall its fun",pretty fun game ignore wannabe fortnite aspect game overall fun,True,1
"Don’t bother playing on PC. The moment you show even a hint of skill above the average monke, you’re almost guaranteed to get shadow banned. After serving the standard two-week sentence, your account is effectively put on a permanent watch list. From then on, what feels like a single report—no matter how bogus—will trigger another instant two-week ban while your account gets “reviewed.” Meanwhile, console players barely have to worry about this at all. The devs treat console like the golden child that can do no wrong, while PC is stuck being the red-headed stepchild.",dont bother playing pc moment show even hint skill average monke youre almost guaranteed get shadow banned serving standard twoweek sentence account effectively put permanent watch list feel like single reportno matter boguswill trigger another instant twoweek ban account get reviewed meanwhile console player barely worry devs treat console like golden child wrong pc stuck redheaded stepchild,False,0
best game cant stop playing is a lil hard but its great,best game cant stop playing lil hard great,True,1
"Nice Activision spending 80$
Cant play the Game anymore because of fucking secure Boot.
I cant even eneable Secure boot because my PC dosent support Secure Boot 

",nice activision spending cant play game anymore fucking secure boot cant even eneable secure boot pc dosent support secure boot,False,0
"CAN I FOR ONCE DOWNLOAD THE FRGGIN GAME WITHOUT ANY ISSUES STARTING IT:????>!?>!?""£>!""£>",download frggin game without issue starting,False,0
"Game used to be good, but now it woke and soft.

Skill-based damage makes it unfair for skilled players.
^^remember when they started giving out participation trophy's

Cheap, low-quality lobbies ruin the experience.

If you buy items from the store, your guns actually perform better (tested - store gun outperforms identical built gun)

You can get a communication ban for cursing, but paid characters are allowed to curse freely.

Cheaters rarely get banned:

""They can play all day. If banned, they just make a new account and come right back we HATE our none cheating player base."" - Activision 
^^real quote 

Despite all this, still playing because it’s the only game some close ppl to me play",game used good woke soft skillbased damage make unfair skilled player remember started giving participation trophy cheap lowquality lobby ruin experience buy item store gun actually perform better tested store gun outperforms identical built gun get communication ban cursing paid character allowed curse freely cheater rarely get banned play day banned make new account come right back hate none cheating player base activision real quote despite still playing game close ppl play,False,0
It's a great game but if you have anger issues it's not for you,great game anger issue,True,1
um but i dont know hiii by,um dont know hiii,True,1
"this new tpm system has ruined my experience 
they kick me out of sessions because the game doesnt recognise that its enabled ive done every step for my pc and it says tpm ready to use, i even went as far as updated my bios twice to be sure",new tpm system ruined experience kick session game doesnt recognise enabled ive done every step pc say tpm ready use even went far updated bios twice sure,False,0
too many hackers and aiming mechanics get updated to much as well as how volatile the guns are after updates or the fact that if you play on pc you have to make sure u got the right upscaling an sharpening tool,many hacker aiming mechanic get updated much well volatile gun update fact play pc make sure got right upscaling sharpening tool,False,0
this game is smooth and runs ok on low end graphics,game smooth run ok low end graphic,True,1
mid but still god good.not the best fps game ever buts its better then most,mid still god goodnot best fps game ever buts better,True,1
a good game but the skins ruined the overall experience,good game skin ruined overall experience,True,1
good game if you want to buy it don't buy just play warzone for free,good game want buy dont buy play warzone free,True,1
"idiot game, only crashing for no reason",idiot game crashing reason,False,0
The best Black OPS game to date,best black ops game date,True,1
resurgence casual is peak but if you play normal resurgence you will get molested by unemployed 40 year olds that havent showered since 2020,resurgence casual peak play normal resurgence get molested unemployed year old havent showered since,True,1
Trash of game only spending money dead company,trash game spending money dead company,False,0
"game besyar tokhmi , MIRINE to ASABET are kholase game khobie play bedid :)",game besyar tokhmi mirine asabet kholase game khobie play bedid,False,0
a horrible game the launcher is 100GB and warzone and the other games are also 100GB so thats two hundred GB on a shitty game but i still play it 0?10,horrible game launcher gb warzone game also gb thats two hundred gb shitty game still play,False,0
this is very good gaME YOU NEED TO DOWNLOAD LIKE 1 PENTABYTE OF FILES just to download even more wow so bawtiful,good game need download like pentabyte file download even wow bawtiful,True,1
This game is ass it doesnt even show my black ops 6 operators or weapon skins also cheating is rampant the worst in years ricochet is a joke also fyi black ops 6 only got 4 seasons before black ops 7 so maybe strongly think before buying that next cod this is free and i still feel scammed.,game as doesnt even show black ops operator weapon skin also cheating rampant worst year ricochet joke also fyi black ops got season black ops maybe strongly think buying next cod free still feel scammed,False,0
"holy hell finally that they made MW2 and MW3 seperate, took them like 2 years but finally they did it, warzone gives me anal cancer

play if you want anal cancer",holy hell finally made mw mw seperate took like year finally warzone give anal cancer play want anal cancer,True,1
"Wanted to try warzone. Download this 120GB of mess.
Look inside, no game.
Have to install warzone inside this thing.
150GB!?
What kind of brain amoeba slurping slug designed this thing?
wtf was the 120GB I just installed? fkng ads?",wanted try warzone download gb mess look inside game install warzone inside thing gb kind brain amoeba slurping slug designed thing wtf gb installed fkng ad,False,0
"Very Good game. However needs to update and make guns and animations with heavier guns more realistic. For example the sniper they on average 20GKs running at full sped with that on your hands is pretty inacurate
",good game however need update make gun animation heavier gun realistic example sniper average gks running full sped hand pretty inacurate,True,1
Good battle Royale game only if you have patience of a sage and have a good PC 💀💀💀💀,good battle royale game patience sage good pc,True,1
this game and me have a love hate relationship,game love hate relationship,True,1
"yes, this game is very peaceful, its like a walk in the park",yes game peaceful like walk park,True,1
I don't know why I keep playing,dont know keep playing,False,0
call of booty lol hahahahah aint that funny?,call booty lol hahahahah aint funny,True,1
"this game is so bad i cant even load to the game i waited 1 hour still on the  loding scrren 
",game bad cant even load game waited hour still loding scrren,False,0
amazing graphics zombies is the best ive had other than cw,amazing graphic zombie best ive cw,True,1
"CE JEUX EST VREMENT COOL CAR IL EST A LA PREMIERRE PERSONNER
",ce jeux est vrement cool car il est la premierre personner,True,1
Most ass COD of ALL TIME. It Literally decided to crash just because i wanted Fullscreen Borderless. Straight dogshit of a game.,as cod time literally decided crash wanted fullscreen borderless straight dogshit game,False,0
"My game constantly crashes even with the recommended settings, and it got to the point where I played it on ""safety mode"" just so I can play. And let me tell you, safety mode looks like a PS3 game. The game constantly throws the micro-transactions in front of your face, to the point where it feels like they want you to ""accidentally"" click buy. Not to mention the whole skill-based damage issue. The game is not in a good place & I could not recommend it to anyone who enjoys not wasting time.",game constantly crash even recommended setting got point played safety mode play let tell safety mode look like p game game constantly throw microtransactions front face point feel like want accidentally click buy mention whole skillbased damage issue game good place could recommend anyone enjoys wasting time,False,0
trash has been since 2020 keep trying to go back think this will be the last uninstall bye rebirth:(,trash since keep trying go back think last uninstall bye rebirth,False,0
no need to explain but is an all around dang good game to play for hours and hours,need explain around dang good game play hour hour,True,1
Its cod with cheaters did not encounter any yet but i havent played in 3 yrs either,cod cheater encounter yet havent played yr either,False,0
"Hell nah, 
300gb to play this crap full of cheaters with bad optimization and terrible balance of guns. 
25Gb update for warzone and absolutely nothing changes, just a new battle pass and more goofy ahh skins that dont even match with the style of the game.
The only reason is still being played is because it has ""Call of Duty"" right there on the title.
Dissapointing game in general",hell nah gb play crap full cheater bad optimization terrible balance gun gb update warzone absolutely nothing change new battle pas goofy ahh skin dont even match style game reason still played call duty right title dissapointing game general,False,0
"Bo7 is going the be the same as bo6 but just a bit different with lore wise. In general ima keep it short and simple, black ops use to be good and nostalgic but with the newer cods its all the same tdm, regular game modes nothing special. Multiplayer is going to be the same as bo6-bo7 with omni movement prob added. Zombies for bo6 was good while it lasted about 1 month then absolute shit after, I don't have hope for zombies or multiplayer. The only reason anyone would buy cod would be for the multi, zombies or campaign it all vary with what people like. Suffering = Multiplayer  ]  Zombies = Fun with the boys }  ( Campaign = Laid back, modern political mode. I'll say it again bo6 was good. Although I don't have hope for bo7. Can't forget about space and updates constantly. Every week or so you get about 3 updates, Don't take long but can be frustrating. Who knows how much space bo7 will take but It's all the same at the end of the day.",bo going bo bit different lore wise general ima keep short simple black ops use good nostalgic newer cod tdm regular game mode nothing special multiplayer going bobo omni movement prob added zombie bo good lasted month absolute shit dont hope zombie multiplayer reason anyone would buy cod would multi zombie campaign vary people like suffering multiplayer zombie fun boy campaign laid back modern political mode ill say bo good although dont hope bo cant forget space update constantly every week get update dont take long frustrating know much space bo take end day,False,0
its a fun game but fortnite is better,fun game fortnite better,True,1
I keep dying to 4  campers holidng hands and eye contact in cc please activision ban the french guys who camp and touch tips,keep dying camper holidng hand eye contact cc please activision ban french guy camp touch tip,False,0
"not even going to spend much time writing the review, just dont like the skins, microtransactions, and the game looking like it copies fortnite, also story doesnt make sense",even going spend much time writing review dont like skin microtransactions game looking like copy fortnite also story doesnt make sense,False,0
I WILL JERK OFF TO ANIME GIRLS,jerk anime girl,False,0
very good game and nice story grafics was amazing,good game nice story grafics amazing,True,1
"The last great game was 2019, and since then the games within the franchise have progressively turned into something I just do not enjoy anymore for a number of reasons (mechanics, aesthetics, cheating, events, etc.).",last great game since game within franchise progressively turned something enjoy anymore number reason mechanic aesthetic cheating event etc,False,0
"Best Battle Royale game 
At least better than Valve games with their anti-cheat system, like Anti-Cheat lol",best battle royale game least better valve game anticheat system like anticheat lol,True,1
"this game makes you rethink your life choices, 10/10",game make rethink life choice,True,1
"I genuinely enjoy BO6, I get the complaints about the skins and the space it takes up, but idk, the multiplayer is good dumb fun, the zombies maps are interesting, and the campaign is well put together. It's probably worth noting that I would consider myself a casual player, I rarely play S&D or Ranked, really just play COD to turn my brain off. No it's not a classic, but I think it's a solid package.",genuinely enjoy bo get complaint skin space take idk multiplayer good dumb fun zombie map interesting campaign well put together probably worth noting would consider casual player rarely play sd ranked really play cod turn brain classic think solid package,True,1
"thanks to the generous soul who gave it to me , because now I know exactly what not to spend my money on

All I wanted was a solo campaign. No multiplayer Bc i saw a single player tag
Instead, i got anti cheat running in the background... for single-player? What am I going to cheat at—cutscene pacing? but  ok no problem, and to launch the game  I need to register with Activision account that ok done 
but Phone number verification seriously? I’m not applying for a bank loan, I just want play a ::::: game if not i have to quit yeah nice one keep the game to urselfs

 I’m grateful I didn’t pay for this, because it’s convinced me to never buy anything from Activision again. Ever. 

Thanks for the free lesson. You saved me from future regret.",thanks generous soul gave know exactly spend money wanted solo campaign multiplayer bc saw single player tag instead got anti cheat running background singleplayer going cheat atcutscene pacing ok problem launch game need register activision account ok done phone number verification seriously im applying bank loan want play game quit yeah nice one keep game urselfs im grateful didnt pay convinced never buy anything activision ever thanks free lesson saved future regret,False,0
"What a slop Call of Duty has become…

Zombies tho <3",slop call duty become zombie tho,False,0
i play it every day but my pc is shit and it work only 30 fps :((,play every day pc shit work fps,True,1
"Unoptimised
Play the older games that didnt get announced before the previous ones turned one year old",unoptimised play older game didnt get announced previous one turned one year old,False,0
cock of doody: modern gay fuck stupid,cock doody modern gay fuck stupid,False,0
"nice game to break ur setup
",nice game break ur setup,True,1
"Enter lobby
Start flying down
Get shot the second you land
Win gulag
Drop down
Get shot in the air
10/10 amazing game, love wasting braincells on it",enter lobby start flying get shot second land win gulag drop get shot air amazing game love wasting braincells,True,1
fucking sucks for call of duty. Tried to download the game for 115 gb then thought able to play warzone then need to download again another 151 gb for the warzone for me to play? Activision pulling this kind of skit is crazy,fucking suck call duty tried download game gb thought able play warzone need download another gb warzone play activision pulling kind skit crazy,False,0
OG GAME BEST GRAPHICS EVER THANKS COD.,og game best graphic ever thanks cod,True,1
"I JUST WANNA PLAY WARZONE WITH THE BOYS, WHY TF IS IT 300 GB?",wanna play warzone boy tf gb,True,1
crashing too much why make another game when this one has so many,crashing much make another game one many,False,0
"I paid seventy goddamn dollars for Black Ops 6, and it still shoves more ads in my face than a porn site with a virus problem. Every time I close one battle pass window, three more pop up like digital herpes.",paid seventy goddamn dollar black ops still shove ad face porn site virus problem every time close one battle pas window three pop like digital herpes,False,0
"Second time playing, games not working now once it needed an update? Like a couple days later? Honestly why did I even bother? Someone! Answer my questions!",second time playing game working needed update like couple day later honestly even bother someone answer question,False,0
The person on the covers holding a 1911 where it at?,person cover holding,False,0
"A game that they are charging £70 for AND you get the same monetisation as Delta Force, but at least that's free 😏",game charging get monetisation delta force least thats free,False,0
great game im used to slower paced shooters but this is fun and easy to learn and pick up,great game im used slower paced shooter fun easy learn pick,True,1
Every time I try to play this game it does not work. It did not work during the beta. It did not work at launch. I got with call of duty IT and they did not fix it. I had to figure it out myself. I have not played the game since January of 2025 and I just tried to open it again for the first time and it will not even open. Same issue I was experiencing at launch as I was today. This game is terrible and honestly makes me never want to buy another one. I have been playing these games since Modern Warfare 2. Very upsetting.,every time try play game work work beta work launch got call duty fix figure played game since january tried open first time even open issue experiencing launch today game terrible honestly make never want buy another one playing game since modern warfare upsetting,False,0
Why is your game broken Again? On inventory launch it gets stuck. It seems like nobody at this company test the patches before you launch them? You've already been caught lying about what was and was not going to be in BO7? Your company and Brand is a dumpster fire and the people at the top are holding a gas can wtf cod do better or your following will go to your competors!,game broken inventory launch get stuck seems like nobody company test patch launch youve already caught lying going bo company brand dumpster fire people top holding gas wtf cod better following go competors,True,1
"please put a anime operator skin like naruto or demon slayer or jujutsu kaisen, thank you",please put anime operator skin like naruto demon slayer jujutsu kaisen thank,True,1
the ani cheat sucks so much it is pritty much not there,ani cheat suck much pritty much,False,0
 I just like Black Ops 6,like black ops,True,1
warzone has been a thing now for years and yes I have loved playing it. But for some reason it comes back to not working  and not being updated to actually be a good game sadly.,warzone thing year yes loved playing reason come back working updated actually good game sadly,False,0
Unable to fetch inventory. fucking bugs brooooooooooooooo,unable fetch inventory fucking bug brooooooooooooooo,False,0
uninstalling the minute i get BF6. Game is awful. I use it as a way to stay connected to my two friends who wont let the game rot where it belongs. 1/10,uninstalling minute get bf game awful use way stay connected two friend wont let game rot belongs,False,0
This game is fun but servers go down alot,game fun server go alot,True,1
game keeps getting worse and worse,game keep getting worse worse,False,0
"broken, annoying, ass, still played it and rather shove a gun up my throat 
",broken annoying as still played rather shove gun throat,True,1
"This is not the game itself, but just a launcher. I have no idea what it contains to be this heavy. It completely killed my interest in trying out COD.",game launcher idea contains heavy completely killed interest trying cod,False,0
fuck the developers and fuck these little fucking cheating cunts. go bankrupt when fcking bf6 releases you useless idiots. fuck you and fuck your game !,fuck developer fuck little fucking cheating cunt go bankrupt fcking bf release useless idiot fuck fuck game,False,0
"so good game gives me chilling
",good game give chilling,True,1
"Activision is a fucking joke,you have to download 114GB for nothing and having to download another over 100GB just for warzone? it's not even worth it at this point.",activision fucking jokeyou download gb nothing download another gb warzone even worth point,False,0
"Downloaded the game 120GB need to download more just to play the free shit 

Fuck this game I want my fucking guns back not this new shit or clones of guns from the original with no fucking levels fuck this shit fuck activision their greedy cunts 

Nicky minage skin got a huge ass tho instead they should focus on fixing the game instead of more fucking skins",downloaded game gb need download play free shit fuck game want fucking gun back new shit clone gun original fucking level fuck shit fuck activision greedy cunt nicky minage skin got huge as tho instead focus fixing game instead fucking skin,False,0
Can't even play one game without this shitty game crashing. Absolute garbage piece of software might as well be a virus,cant even play one game without shitty game crashing absolute garbage piece software might well virus,False,0
"Back then, Call of Duty was a war game full of gritty conflicts, dramatic battles, and a raw soldier’s atmosphere.

Now it’s basically a dress-up/microtransactions simulator, where the frontlines are crowded with neon cats, anime samurais, mascots and whatever other weird and stupid skins. The guns still fire, but the real battle is over who has the flashiest outfit.",back call duty war game full gritty conflict dramatic battle raw soldier atmosphere basically dressupmicrotransactions simulator frontlines crowded neon cat anime samurai mascot whatever weird stupid skin gun still fire real battle flashiest outfit,False,0
"dont bother spending money on this company anymore. not for this soon to be over game, not for 7 
All we wanted was a filter for skins, not a fiscal slap in the face
cod is dead to me now, heres hoping Battlfield makes better choices",dont bother spending money company anymore soon game wanted filter skin fiscal slap face cod dead here hoping battlfield make better choice,False,0
"You download the game, you re-download the game, you join a match after 10 minutes of searching, someone level 200 kills you with a colorful weapon that insta-kills you in less than 2 milliseconds, but your weapon takes 4 business days to break their armor. You play and suffer until you finally get the meta weapon, you join a match and boom, hacker. And not just that one, the next one too, and the third... In summary, you play against people 500 levels above you with insta-kill weapons, only to end up finding matches full of hackers (if it even finds you a match).  Thank you, Activision, for making the new player experience so enjoyable. My worst hours in a battle royale.",download game redownload game join match minute searching someone level kill colorful weapon instakills less millisecond weapon take business day break armor play suffer finally get meta weapon join match boom hacker one next one third summary play people level instakill weapon end finding match full hacker even find match thank activision making new player experience enjoyable worst hour battle royale,False,0
"yes but no cuz of the players but its fun js dont stack. camp, hold ur bf hand",yes cuz player fun j dont stack camp hold ur bf hand,True,1
"games is good, it's fun and entertaining, maybe to some people it's a way out from the life's hardships, but this piece of... is totally unplayable, if you play a couple or a dozen or maybe a lot of matches in a certain timing, you'll get a massive spit in the face by SBMM and it'll throw you in a lobby full with cheaters and demon sweaty players and it keeps going and going and going , and there's not a single fun about it, we all was hyped before the game released and in the end it was a piece of poop, i hope if any one seeing this review and willing to pre-order bo7 just wait till they announce if they're gonna fix this nonsense, and remember that you can play it free in game-pass",game good fun entertaining maybe people way life hardship piece totally unplayable play couple dozen maybe lot match certain timing youll get massive spit face sbmm itll throw lobby full cheater demon sweaty player keep going going going there single fun hyped game released end piece poop hope one seeing review willing preorder bo wait till announce theyre gonna fix nonsense remember play free gamepass,False,0
I got kicked out of the game and am now unable to get it to start at all. It won't get past the signing in screen.,got kicked game unable get start wont get past signing screen,False,0
"Great singleplayer storyline, good comebacks, online a lot of cheaters, if you dont care grab it.!",great singleplayer storyline good comeback online lot cheater dont care grab,True,1
this game has one of the nicest communities with some of the most polite people.,game one nicest community polite people,True,1
"Since i bought the season 5 Battle Pass , all my quest not working . i tried uninstall and reinstall all also the same include my console too .. can i make a refund for this error",since bought season battle pas quest working tried uninstall reinstall also include console make refund error,False,0
It would be better if it does not copy forthnite and show true USA army,would better copy forthnite show true usa army,False,0
Travis-Rilea + Trying 7300 not even able to play it :),travisrilea trying even able play,False,0
"learn how to optimize your damn game it shouldn't take up 300GB. either way the game turned into a sorry cash grab fortnite wannabe, truly sad too see the decline of the game ive enjoyed since world at war",learn optimize damn game shouldnt take gb either way game turned sorry cash grab fortnite wannabe truly sad see decline game ive enjoyed since world war,False,0
"the game is rlly nice and fun
",game rlly nice fun,True,1
This game simply just keeps getting worse. Can't support this series anymore with such incompetent developers. Stop playing off Nostalgia and actually make a good game.,game simply keep getting worse cant support series anymore incompetent developer stop playing nostalgia actually make good game,False,0
crashes continuosly absolute atrocity of a game and company activ kys (kare for your self ),crash continuosly absolute atrocity game company activ ky kare self,False,0
"I wanted to play with a friend some warzone, i check space requirement and [i] *phew* [/i] 194gb it barelly fits in
after some time i finally launch it and im hit with next 115gb.
Thank you activision for wasting my time",wanted play friend warzone check space requirement phew gb barelly fit time finally launch im hit next gb thank activision wasting time,False,0
"After playing this game for years I can't play the game at all. Can't even access the main menu. Won't let me login to my account, terrible company and franchise. NEED money back ASAP.",playing game year cant play game cant even access main menu wont let login account terrible company franchise need money back asap,False,0
Doesnt launch - Failed to open service atvi-hrist_sr,doesnt launch failed open service atvihristsr,False,0
"[h3]""Would you recommend this game to other players?""[/h3]

No, but I'm already 400+ hours in so...",hwould recommend game playersh im already hour,False,0
great game pretty fun i play warzone cuz i dont have money for anything else but great game!,great game pretty fun play warzone cuz dont money anything else great game,True,1
ts so ah capped at 60 fps,t ah capped fps,False,0
dont play this game unless you wanna play against wall hackers and aimbot 24/7 and cods anti cheat never works they got a website you can pay 25$ a month for both with no chance of ban.,dont play game unless wanna play wall hacker aimbot cod anti cheat never work got website pay month chance ban,False,0
Black ops 6 is fine but overall kind of lack luster. Activision is very clearly focusing all their money on Warzone but it's hurting the quality of the other games by ruining the meta with OP battlepass weapons and other really annoying mechanics. It just get stale quick but i overall had fun with the amount i played.,black ops fine overall kind lack luster activision clearly focusing money warzone hurting quality game ruining meta op battlepass weapon really annoying mechanic get stale quick overall fun amount played,True,1
play if you want to rage like there is no tm,play want rage like tm,True,1
if u like being toxic this game is u,like toxic game,True,1
Fun game i made 4 yr old cry and stol his gun hehe,fun game made yr old cry stol gun hehe,True,1
"game theory: the company behind call of duty owns an ssd and  external and internal driver company, and to increase sales they make their games full of useless shit. 700gb for a launcher is defo not suspicious at all",game theory company behind call duty owns ssd external internal driver company increase sale make game full useless shit gb launcher defo suspicious,False,0
Play this if you want to fight against the sweatiest movement with the worst SBMM,play want fight sweatiest movement worst sbmm,False,0
"I don't dislike this game... as a casual player, getting on to put some shots up and just have fun with friends, level up with average goals to complete in this series. The only thing for me is TTK in core, to me, way off... Hardcore is pretty good besides your teammates shooting you in your ahh instead of covering it. The other is, ping.. could be region or wifi but it takes a lil long for some of these matches to start. Decent game, Decent skins, not a crazy amount of complaints.",dont dislike game casual player getting put shot fun friend level average goal complete series thing ttk core way hardcore pretty good besides teammate shooting ahh instead covering ping could region wifi take lil long match start decent game decent skin crazy amount complaint,True,1
honestly i like call of duty it just that it breaks so easy though i mean i has a balanced game play considering that most ppl dont know how to play properly but in the end you get to use all the guns in their own unique ways but ppl who play complain about the guns without knowing how the guns work and i dont pay for skins so i dont have a complaint about skins getting discarded which seems to be the number one complaint in this game but for the love of god fix the download i keep getting disk write error when there should be no error when i try to download the game so i havent been able to play for a while but i want to keep playing the game so pls fix this issue devs,honestly like call duty break easy though mean balanced game play considering ppl dont know play properly end get use gun unique way ppl play complain gun without knowing gun work dont pay skin dont complaint skin getting discarded seems number one complaint game love god fix download keep getting disk write error error try download game havent able play want keep playing game pls fix issue devs,True,1
"Straight Fortnite vibes, but the store poppin’ up like ‘gimme yo wallet’ every damn minute 💀💀 Bruh, Black Ops ain’t hittin’ like it used to, it dropped hard. Activision taxin’ the whole community like rent due tomorrow. Bruh, Activision squeezin’ every dime outta players fr 💀",straight fortnite vibe store poppin like gimme yo wallet every damn minute bruh black ops aint hittin like used dropped hard activision taxin whole community like rent due tomorrow bruh activision squeezin every dime outta player fr,False,0
Wish it was more like Fortnite,wish like fortnite,False,0
might be the most dogshit game ive ever touched i bought this shit game that gives me errors and crashes every 2 seconds and these dumb fucks wanna try to offer me to pre order bo7 5 seconds after i got this garbage game what a shit company activision needs to just shut their servers down atp dont give this shit company money,might dogshit game ive ever touched bought shit game give error crash every second dumb fuck wanna try offer pre order bo second got garbage game shit company activision need shut server atp dont give shit company money,False,0
"Carry forward system just got CANCELLED after confirming it a week before.
The trolls have won, we can never have any pro-consumer things on cod ever.
DO NOT EVER BUY ANYTHING IN THIS GAME",carry forward system got cancelled confirming week troll never proconsumer thing cod ever ever buy anything game,False,0
"Call of Duty: Warzone delivers one of the most exciting battle royale experiences available. The gunplay is crisp and satisfying, with a wide variety of weapons and loadouts to match different playstyles. The Gulag mechanic and large, detailed maps add tension and keep matches feeling fresh and unpredictable.

Playing with friends is where the game really shines—there’s never a dull moment, and squad coordination can turn close fights into unforgettable wins. Regular updates and seasonal content also keep things interesting.

That said, the game isn’t perfect. Balancing issues pop up now and then, and the download size can be a hurdle. But despite those drawbacks, the core experience remains incredibly fun and worth the time.

Verdict: ★★★★☆ – A thrilling, action-packed shooter that nails its gameplay, even if it has a few rough edges.",call duty warzone delivers one exciting battle royale experience available gunplay crisp satisfying wide variety weapon loadouts match different playstyles gulag mechanic large detailed map add tension keep match feeling fresh unpredictable playing friend game really shinestheres never dull moment squad coordination turn close fight unforgettable win regular update seasonal content also keep thing interesting said game isnt perfect balancing issue pop download size hurdle despite drawback core experience remains incredibly fun worth time verdict thrilling actionpacked shooter nail gameplay even rough edge,True,1
cod is cod i just dislike activation and their current path,cod cod dislike activation current path,False,0
"ur so called cheating streamers will play this game
we all going for BF 6",ur called cheating streamer play game going bf,False,0
"There was a time to where I might've actually recommended this game. Instead year after year they try to nostalgia bait us and with these recent titles they try to inflate the numbers to make their game seem like it's more popular than it actually is. Anyways I really want to see CoD succeed but year after year they make it a lot harder for people like me to want to root for them and their success. I just wish they would take everything great about CoD, the gunplay and the movement, maybe some other iconic things about the franchise and just start fresh with a new franchise or make an original CoD game without nostalgia baiting us with older characters and essentially what is creative bankruptcy. But until they get back in touch with the community and everything that made CoD a successful franchise in the first place. I cannot recommend this game anymore to everyone and to anyone who is considering BO7 I would stay far away and invest your time and money into something else that actually respects your time and money, especially for a hobby like gaming.

Sorry for the word salad.",time mightve actually recommended game instead year year try nostalgia bait u recent title try inflate number make game seem like popular actually anyways really want see cod succeed year year make lot harder people like want root success wish would take everything great cod gunplay movement maybe iconic thing franchise start fresh new franchise make original cod game without nostalgia baiting u older character essentially creative bankruptcy get back touch community everything made cod successful franchise first place cannot recommend game anymore everyone anyone considering bo would stay far away invest time money something else actually respect time money especially hobby like gaming sorry word salad,False,0
"it's free, its cod, it's playable, it's fun",free cod playable fun,True,1
idk whats happening there a dev error that i cant seems to fix on steam.... DEV ERROR 0x872394DC. The 15 hours that i did play tho i got booty fucked by console players </3..,idk whats happening dev error cant seems fix steam dev error xdc hour play tho got booty fucked console player,True,1
it wont let me talk in the game i want some help,wont let talk game want help,False,0
"Sooooo cheeks let it go. Let it die. let it pass. It died a loooong time ago. Selling the same thing 
over and over over and over over and over over and over over and over over and over over and over over and over over Selling the same thing over and over over and over over and over over and over over and over over and over over and over over and over over Selling the same thing over and over over and over over and over over and over over and over over and over over and over over and over over Selling the same thing over and over over and over over and over over and over over and over over and over over and over over and over over Selling the same thing over and over over and over over and over over and over over and over over and over over and over over and over over Selling the same thing over and over over and over over and over over and over over and over over and over over and over over and over over and over over and over over and over over and over over and over over and over over and over over and over over and over over Selling the same thing over and over over and over over and over over and over over and over over and over over and over over and over over Selling the same thing over and over over and over over and over over and over over and over over and over over and over over and over over Selling the same thing over and over over and over over and over over and over over and over over and over over and over over and over over Selling the same thing over and over over and over over and over over and over over and over over and over over and over over and over over Selling the same thing over and over over and over over and over over and over over and over over and over over and over over and over over and over over and over over and over over and over over and over over and over over and over over and over over and over over Selling the same thing over and over over and over over and over over and over over and over over and over over and over over and over over Selling the same thing over and over over and over over and over over and over over and over over and over over and over over and over over Selling the same thing over and over over and over over and over over and over over and over over and over over and over over and over over Selling the same thing over and over over and over over and over over and over over and over over and over over and over over and over over Selling the same thing over and over over and over over and over over and over over and over over and over over and over over and over over and over over and over over and over over and over over and over over and over over and over over and over over and over over Selling the same thing over and over over and over over and over over and over over and over over and over over and over over and over over Selling the same thing over and over over and over over and over over and over over and over over and over over and over over and over over Selling the same thing over and over over and over over and over over and over over and over over and over over and over over and over over Selling the same thing over and over over and over over and over over and over over and over over and over over and over over and over over Selling the same thing over and over over and over over and over over and over over and over over and over over and over over and over over and over again!",sooooo cheek let go let die let pas died loooong time ago selling thing selling thing selling thing selling thing selling thing selling thing selling thing selling thing selling thing selling thing selling thing selling thing selling thing selling thing selling thing selling thing selling thing selling thing selling thing selling thing selling thing,False,0
I love the call of duty games but man when i try to play ranked it  always signs me right out and then i end up losing all my sr back to back. I love playing ranked that's what i mostly play the game but whats the point when its taking so much sr from me where it once took like 250 from me i'm over it... and the matchmaking for ranked is not fair,love call duty game man try play ranked always sign right end losing sr back back love playing ranked thats mostly play game whats point taking much sr took like im matchmaking ranked fair,False,0
"My cpu overheated totally because of warzone, and not because my AIO went out totally. Thanks CoD go back to selling more skins of Cleavis thanks!",cpu overheated totally warzone aio went totally thanks cod go back selling skin cleavis thanks,False,0
"⭐️⭐️⭐️⭐️⭐️

Boot up game → 100GB update.
Finally load in → another 30GB “hotfix.”
By the time I can actually play, a new Call of Duty is already announced.

Gameplay cycle:

Spawn.

Sprint for 3 seconds.

Sniped by someone camping in a bush with their grandma’s Wi-Fi and a $500 skin.

Respawn.

Die again to a 12-year-old who just called me “trash” while doing a TikTok dance.

Peak experiences include:

Dropping a killstreak and feeling like a god.

Getting instantly deleted by someone who’s clearly playing from inside the Pentagon.

Rage uninstalling, only to reinstall the next day because… well, it’s Call of Duty.

10/10 would rage, uninstall, reinstall, and repeat forever. 🎮💀",boot game gb update finally load another gb hotfix time actually play new call duty already announced gameplay cycle spawn sprint second sniped someone camping bush grandma wifi skin respawn die yearold called trash tiktok dance peak experience include dropping killstreak feeling like god getting instantly deleted someone who clearly playing inside pentagon rage uninstalling reinstall next day well call duty would rage uninstall reinstall repeat forever,True,1
"this has made it impossible to install any call of duty game. when one of the games gets to 99 percent it stays there for a bit then im able to enter the app. then i see the the game is still installing at 99 percent.
after exiting the game in question is at 94 percent and will take 2 days to finish.

Im not sure what the motive for creating bloatware, but im not interested in wasting my time with this.",made impossible install call duty game one game get percent stay bit im able enter app see game still installing percent exiting game question percent take day finish im sure motive creating bloatware im interested wasting time,False,0
"god awful progression system forcing you to own three games to fully access all warzone weapons is atrocious,  most forgettable and boring zombies modes we've had in upcoming years (smooth.. too smooth..), bland multiplayer (id rather be stuck with the pay-2-win hellhole that was bo3 because atleast it was trying to be unique), mid campaigns, and to top it all off some of the most non-fitting cosmetic sets to ever grace cod's scene 
the modern cod formula is one of, if not THE worst it has ever had, consistently pulling from one another with little changing or uniqueness from one anolther besides its consistent trait of being bad and forgettable
10/10 i have no sense of quality will keep playing",god awful progression system forcing three game fully access warzone weapon atrocious forgettable boring zombie mode weve upcoming year smooth smooth bland multiplayer id rather stuck paywin hellhole bo atleast trying unique mid campaign top nonfitting cosmetic set ever grace cod scene modern cod formula one worst ever consistently pulling one another little changing uniqueness one anolther besides consistent trait bad forgettable sense quality keep playing,False,0
"Mañana trabajo, son casi las una, igual me quede jugando, si esto no habla bien del juego habla mal de mi",maana trabajo son casi la una igual quede jugando si esto habla bien del juego habla mal de mi,True,1
put 800 hours into a game that has been garbage the whole time. this is the late night jewelry channel host of the fps community and should be treated as such. like a weight lifted off my chest when i uninstalled this deeply unsatisfying game. black ops should have ended with the 3rd installment. gonna give battlefield a go.,put hour game garbage whole time late night jewelry channel host fps community treated like weight lifted chest uninstalled deeply unsatisfying game black ops ended rd installment gonna give battlefield go,False,0
"This used to be fun.
But when you decided to resort to scamming your playerbase with a DARK PATTERN for BO7, it really does make your entire team look really bad.
Fuck Activision Blizzard",used fun decided resort scamming playerbase dark pattern bo really make entire team look really bad fuck activision blizzard,False,0
"Imma keep playing this shit but if you can avoid it, please do",imma keep playing shit avoid please,False,0
"why are all my loadouts just giving me the xm4? wtf warzone. 
",loadouts giving xm wtf warzone,False,0
"cant even gain progress towards camo or XP in month like 8  of this games one year cycle , total trash can of  a game",cant even gain progress towards camo xp month like game one year cycle total trash game,False,0
"They jumped the shark and then turned that shark into a purchasable character. 
Game sucks, can't wait for BO7!",jumped shark turned shark purchasable character game suck cant wait bo,False,0
best game i have ever played,best game ever played,True,1
"how in the actual hell do people continue to play this. Tried to redownload and screw around and there 8 different titles to choose from??? like what. cant even play anything because i dont have access to all $4,000 worth of nonsense lol but people are keeping this franchise alive",actual hell people continue play tried redownload screw around different title choose like cant even play anything dont access worth nonsense lol people keeping franchise alive,False,0
you know my mom used to always say that life was like a box of chocolates you never know what your gonna get,know mom used always say life like box chocolate never know gonna get,True,1
"– Campaign: 5 hours long, but I aged 30 years in the cutscenes
– Multiplayer: died before my textures finished loading
– Grenade physics? More unpredictable than my love life
– Every lobby has that one 12-year-old who sounds like Satan on a sugar rush
– Tried to sneak around… my soldier decided to scream while reloading
– Realized half the enemies aren’t bots, they’re caffeine incarnate
– Skill-based matchmaking put me against NASA eSports
– “Pay-to-win”? Nah, it’s “Pay-to-look-like-an-armed-gummy-bear”
– Got killed by a guy in a pink bunny suit with a shotgun… twice
– Spent more time updating than actually playing

Call of Duty isn’t a shooter.
It’s a psychological experiment to test how many times you can respawn before uninstalling.

Ratings:
Realism: 2/10 (my soldier dies to a sneeze, but survives 5 RPGs)
Graphics: 9/10 (can almost smell the Doritos dust)
Community: 0/10 (send help)
Fun: 420/69 (would rage again)",campaign hour long aged year cutscenes multiplayer died texture finished loading grenade physic unpredictable love life every lobby one yearold sound like satan sugar rush tried sneak around soldier decided scream reloading realized half enemy arent bot theyre caffeine incarnate skillbased matchmaking put nasa esports paytowin nah paytolooklikeanarmedgummybear got killed guy pink bunny suit shotgun twice spent time updating actually playing call duty isnt shooter psychological experiment test many time respawn uninstalling rating realism soldier dy sneeze survives rpgs graphic almost smell doritos dust community send help fun would rage,True,1
"I’ve been playing Call of Duty since World at War, and this series has become a complete joke. The game is trash now. It feels like everything is tailored to whiny streamers instead of the actual player base, and the devs never do anything meaningful about the insane amount of hackers. Every match is ruined by cheaters, and nothing changes no matter how long people complain. This used to be a legendary franchise, but compared to what it once was, it’s embarrassing.",ive playing call duty since world war series become complete joke game trash feel like everything tailored whiny streamer instead actual player base devs never anything meaningful insane amount hacker every match ruined cheater nothing change matter long people complain used legendary franchise compared embarrassing,False,0
i cant even fucking play anymore bc of of the travis rilea bug,cant even fucking play anymore bc travis rilea bug,False,0
"ass, never buying anything call of duty again bf6 ftw",as never buying anything call duty bf ftw,False,0
"BEST GAME EVER
DELETE YOUR STEAM LIBRARY AND DOWNLOAD ALL CALL OF DUTY GAMES WITH ALL DLC'S SUPPORT COD SUPPORT COD",best game ever delete steam library download call duty game dlcs support cod support cod,True,1
Fun Game despite what the cry babies say,fun game despite cry baby say,True,1
play this game it is very fun,play game fun,True,1
The gameplay itself is very good. But sometimes there are some cheaters who ruin the experience,gameplay good sometimes cheater ruin experience,True,1
Trash ass game. You know wha i say? I say fuck nigkaz,trash as game know wha say say fuck nigkaz,False,0
this game is so trash i don't give a damn who comments i hate this game,game trash dont give damn comment hate game,False,0
i got banned for no reson,got banned reson,False,0
"Once upon a time, Call of Duty was the gold standard for first-person shooters — a franchise that delivered unforgettable campaigns, tight multiplayer maps, and a sense of community that kept you coming back night after night. Those days are gone. What we have now is a bloated, soulless product wearing the skin of a once-great series.
The gameplay feels like it’s been on autopilot for years — recycled mechanics, uninspired map design, and a constant push toward flashy cosmetics instead of meaningful innovation. The heart-pounding, skill-based matches of the past have been replaced with a grind designed to keep you spending, not playing.
And let’s talk about the elephant in the room: microtransactions. Every corner of the game is plastered with overpriced skins, weapon blueprints, and battle passes. It’s no longer about unlocking rewards through skill or dedication — it’s about how much you’re willing to pay. The greed is palpable, and it’s suffocating what little fun remains.
No matter how many flashy trailers or seasonal updates they push out, Call of Duty will never recapture the magic it had in its prime. The soul of the series has been traded for profit margins, and the result is a game that feels more like a storefront than a battlefield.
Verdict: If you’re chasing the glory days, you won’t find them here. This isn’t the Call of Duty you fell in love with — it’s a corporate cash grab wearing its name.",upon time call duty gold standard firstperson shooter franchise delivered unforgettable campaign tight multiplayer map sense community kept coming back night night day gone bloated soulless product wearing skin oncegreat series gameplay feel like autopilot year recycled mechanic uninspired map design constant push toward flashy cosmetic instead meaningful innovation heartpounding skillbased match past replaced grind designed keep spending playing let talk elephant room microtransactions every corner game plastered overpriced skin weapon blueprint battle pass longer unlocking reward skill dedication much youre willing pay greed palpable suffocating little fun remains matter many flashy trailer seasonal update push call duty never recapture magic prime soul series traded profit margin result game feel like storefront battlefield verdict youre chasing glory day wont find isnt call duty fell love corporate cash grab wearing name,False,0
Game was fun at first then all of a sudden COD BO7 is announced and I get banned?? The new anti-cheat software they want you to install will automatically ban you if you dont have it installed even though the game still launches and plays without it? I was a die hard fan of COD until this non-sense.,game fun first sudden cod bo announced get banned new anticheat software want install automatically ban dont installed even though game still launch play without die hard fan cod nonsense,False,0
"game crash on a high end gaming pc , zero optimization , lots of bugs , they don't care about the players only about the money
",game crash high end gaming pc zero optimization lot bug dont care player money,False,0
This series is utter dog shit. See you all in the next one.,series utter dog shit see next one,False,0
very good game except the occasional nikki minaj big mommy ass wondering around on a war game with a gun LOL,good game except occasional nikki minaj big mommy as wondering around war game gun lol,True,1
nick moook ya li rakm t9qraw,nick moook ya li rakm tqraw,True,1
you can shoot while sprinting and jumping. That not good.,shoot sprinting jumping good,False,0
add aim high or headshots only back,add aim high headshot back,True,1
Break the cycle. dont buy the game.,break cycle dont buy game,False,0
"such a bad experience, i reinstalled the game on a new computer and it doesn't launch it, just a menu to chose another game. i have no idea what COD i acually have lol. no proper library etc...............avoid this nonsense! they ask for phone number too. horrible tactic!!!!!!!!!!!!",bad experience reinstalled game new computer doesnt launch menu chose another game idea cod acually lol proper library etcavoid nonsense ask phone number horrible tactic,False,0
call of duty has now become a scrimmage of tiktok dances and kids who want to be in faze but should really go back to fortnite. thankyou Cod for making my love for battlefield grow even more,call duty become scrimmage tiktok dance kid want faze really go back fortnite thankyou cod making love battlefield grow even,False,0
"pretty good, its my first experience with COD and i enjoy zombies n stuff, just wish there wasn't so many micro transactions, i buy a game so it should be mostly free n stuff. but that's abt it pretty great game.",pretty good first experience cod enjoy zombie stuff wish wasnt many micro transaction buy game mostly free stuff thats abt pretty great game,True,1
"its fun and you make freiends
",fun make freiends,True,1
"Positive Reviews are clearly bots, here is a negative to counter act",positive review clearly bot negative counter act,False,0
the ware zone is good but if you go with other games it is getting trash,ware zone good go game getting trash,True,1
491 hours in severs are so bad I lag in solo zombies,hour severs bad lag solo zombie,False,0
"Fuck this game and fuck Activision! Scummiest game company I have ever given my time to. I WANT A REFUND OF THE TIME I SPENT ON THIS GAME, I REGRET BUYING ANYTHING FROM THEM! And to any black ops fanboy who defends this shit fuck ass series with their life, fuck you too. THE SKINS ARE ASS, like the FUCK is STAN from AMERICAN DAD DOING IN THIS FUCK ASS GAME, all for the LOW PRICE OF $30 DOLLARS????? I'M TRYING TO PLAY A REALISTIC FPS, NOT A FUCKING FORTNITE CROSSOVER FROM HELL! The nostalgia bait is fucking suffocating. Activision is trying to make players accidentally buy their newest DLC: BO7 by setting the button to PURCHASE BO7 THE SAME AS THE FUCKING QUICK PLAY BUTTON. I AM NEVER SPENDING A DIME ON THIS SHADY ASS COMPANY EVER AGAIN! COD IS FUCKING GONE, SNAPPED OUT OF EXISTENCE BY THE HAND OF ITS CREATOR. IT WILL NEVER BE THE SAME! FUCK ACTIVATION AND FUCK ALL! SDIYBT",fuck game fuck activision scummiest game company ever given time want refund time spent game regret buying anything black ops fanboy defends shit fuck as series life fuck skin as like fuck stan american dad fuck as game low price dollar im trying play realistic fps fucking fortnite crossover hell nostalgia bait fucking suffocating activision trying make player accidentally buy newest dlc bo setting button purchase bo fucking quick play button never spending dime shady as company ever cod fucking gone snapped existence hand creator never fuck activation fuck sdiybt,False,0
"this game had so many bugs, bad graphics, and so bad of a performance",game many bug bad graphic bad performance,False,0
"so many bugs so many cheaters but yet i still play! download if you want wasted time 
*update* now u can still waste time but faster",many bug many cheater yet still play download want wasted time update still waste time faster,False,0
Why does a video game need my phone number?,video game need phone number,False,0
"I started playing COD back in the original Call of Duty, Call of Duty 2 days. It was part of my childhood, I have lots of good memories from the game back in the early days of the franchise. I have too many hours on this game, and I'll be the first to admit that. I kept hoping that the devs would go back to making a fun game. Ya know, take care of those that would use exploits, or cheats. The truth is they don't care. This game is just a cash grab. They try to keep the game afloat with colabs, other things. It was a good franchise, but this franchise isn't even a shell of it's former self. Saying such a thing would, in my opinion be too generous. Don't waste the money on laziness.",started playing cod back original call duty call duty day part childhood lot good memory game back early day franchise many hour game ill first admit kept hoping devs would go back making fun game ya know take care would use exploit cheat truth dont care game cash grab try keep game afloat colabs thing good franchise franchise isnt even shell former self saying thing would opinion generous dont waste money laziness,False,0
Good game for a Fem-boy or some other slop like that.... 10/10 Fem-boys do recommend,good game femboy slop like femboys recommend,False,0
"> bring it back to the basics (trash the flowery skins, microtransactions, blueprints, and battlepasses)
> give me MW 2019 movement, no more, no less 
> fix the anti-cheat hackers for good
> leave rebirth and verdansk alone 
> implement a warzone map selection in place of rotation 
> fix the current game before releasing the next one 
> just stop releasing games EVERY YEAR 
> do better man, c'mon
",bring back basic trash flowery skin microtransactions blueprint battlepasses give mw movement less fix anticheat hacker good leave rebirth verdansk alone implement warzone map selection place rotation fix current game releasing next one stop releasing game every year better man cmon,False,0
fisrt cod in recent memory that isnt shit,fisrt cod recent memory isnt shit,True,1
amazing game so fun to level up get new skins this a 5/5 game so fun,amazing game fun level get new skin game fun,True,1
"10/10 battlefield 6 Ad but 1/10 worth the money, not gonna pay for a game that doesn't know if its wants to be Fortnite or battlefield but spoiler it cannot even mannage to be one of them because the game is only getting worse with every year.",battlefield ad worth money gonna pay game doesnt know want fortnite battlefield spoiler cannot even mannage one game getting worse every year,False,0
fun with friends lock in if your good its kinda hard tho rebirth is the goat,fun friend lock good kinda hard tho rebirth goat,True,1
"all it does is lag lag lag lag lag every time you walk or aim this game is absolute garbage and if steam would listen i would be able to get the money back from this waste of space 
",lag lag lag lag lag every time walk aim game absolute garbage steam would listen would able get money back waste space,False,0
"this game makes you mad for anything but its still playable
new skins are shii tho",game make mad anything still playable new skin shii tho,True,1
"Ricochet Anti-Cheat is the worst, Updated my BIOS and RESET my TPM and Secure Boot and it won't even launch even after 2 COMPLETE re-installations. Doesn't launch because it WILL NOT install the Anti-Cheat.",ricochet anticheat worst updated bios reset tpm secure boot wont even launch even complete reinstallations doesnt launch install anticheat,False,0
downloads are HUGE. Pay to win skins and weapons. Servers drop constantly. just play to connect with friends that still play.,downloads huge pay win skin weapon server drop constantly play connect friend still play,False,0
its great if you are competive and like shotting games and playing with freinds and family and it is cool how you can choose to do diffrent things and unlock diffrent guns,great competive like shotting game playing freinds family cool choose diffrent thing unlock diffrent gun,True,1
good game ngl tbh best game ngl like tbh its good game ngl tbh best game ngl like tbh its good game ngl tbh best game ngl like tbh its good game ngl tbh best game ngl like tbh its good game ngl tbh best game ngl like tbh its good game ngl tbh best game ngl like tbh its good game ngl tbh best game ngl like tbh its,good game ngl tbh best game ngl like tbh good game ngl tbh best game ngl like tbh good game ngl tbh best game ngl like tbh good game ngl tbh best game ngl like tbh good game ngl tbh best game ngl like tbh good game ngl tbh best game ngl like tbh good game ngl tbh best game ngl like tbh,True,1
"un clasico, especial para jugar con amigos",un clasico especial para jugar con amigo,True,1
"uses generative ai for their games, utter slop.
Higher ups can pay for more employees rather than using generative ai to make assets",us generative ai game utter slop higher ups pay employee rather using generative ai make asset,False,0
"perfect game 
for a person who have ADHD
",perfect game person adhd,True,1
"This game is a finely honed dopamine dripfeed and money machine.
[b]Quality[/b] in [i]ANY[/i] element of this product outside of that core hyperfocus is utterly incidental [i]at best[/i]. 

This has been my first Call of Duty experience since Black Ops 1 (which I thought was [i]okay[/i]), and the vast majority of it has been depressingly mediocre (nvm how much has somehow gone backwards since blops1). [b]Every[/b] single 'good' moment I have had in my 1.3K+ hours spent playing Black Ops 6 / Warzone (with a tiny smidge of Zombies) would have been easily better had it occurred in another game, either by having the same gameplay situation play out, or simply by playing with the same friends. Every. Single. One. 

The UI/UX is so atrociously bad that every single person who was responsible for it being released and continuing to exist in this state should be truly, DEEPLY ashamed of themselves. 

Every single moment spent outside of an active match is a processional masterclass in ""Get it done. Yesterday. Last week. No time to fix this or go back to that. Is the new thing added? Get to work on the next content update. We need to sell more. SELL MORE!"", and it's an agonising, sickening shame.

Inside a match? There is some fun to be had, but frustrations and annoyances still abound.
There are so many small easy win improvements that could make the game so much more enjoyable... if only the game's purpose was to be good, rather than maximally profitable.

Whether it be the stark contrast in attention to detail between elements of the game looking to push a sale vs everything else, the CONSTANT bombardment of ads for paid content, questionable / inconsistent / incoherent balancing, the disgusting frequency of glitches/bugs ranging from trivial through annoying to outright broken, blatant aimbotters are still not uncommon despite using invasive and compatibility-breaking kernel 'anti-cheat', the server-side heuristic behavioural anti-cheat engine's high false positive rate, or any of a truckload more things besides, nothing here sparks joy. Least of all the notoriously [b]  T O X I C  [/b] playerbase, far too many of them doing their best to live up to the reputation.

Absolutely nothing makes me like, or want to play this era of COD beyond its use as a no effort zero brain distraction and dopamine grind of the FPS(/BR) variety. Such is the potency of its core game loop optimisation (nvm the predatory psychological manipulation). Well, that, and spite. Because I put in the hours to [b]know[/b] what I'm talking about in saying

[h1]This is a trash game[/h1] [h2]for trash people[/h2] [h3]or people who don't know any better[/h3].

[h2]Your time, money, and attention are better spent elsewhere[/h2]

The fact that multiple parts of the BF6 open beta were already SIGNIFICANTLY more polished than the current COD retail experience make it unlikely I'd be coming back to COD after BF6 drops, but since the majority of fps gamers I know have already said they're going to BF6 (including every new friend met through COD), that chance drops to absolutely zero.

And that sparks joy.

Unlike this game.

Do yourself all the favours:
Do ANYTHING else with your time.

And be better to one another.",game finely honed dopamine dripfeed money machine bqualityb ianyi element product outside core hyperfocus utterly incidental iat besti first call duty experience since black ops thought iokayi vast majority depressingly mediocre nvm much somehow gone backwards since blops beveryb single good moment hour spent playing black ops warzone tiny smidge zombie would easily better occurred another game either gameplay situation play simply playing friend every single one uiux atrociously bad every single person responsible released continuing exist state truly deeply ashamed every single moment spent outside active match processional masterclass get done yesterday last week time fix go back new thing added get work next content update need sell sell agonising sickening shame inside match fun frustration annoyance still abound many small easy win improvement could make game much enjoyable game purpose good rather maximally profitable whether stark contrast attention detail element game looking push sale v everything else constant bombardment ad paid content questionable inconsistent incoherent balancing disgusting frequency glitchesbugs ranging trivial annoying outright broken blatant aimbotters still uncommon despite using invasive compatibilitybreaking kernel anticheat serverside heuristic behavioural anticheat engine high false positive rate truckload thing besides nothing spark joy least notoriously playerbase far many best live reputation absolutely nothing make like want play era cod beyond use effort zero brain distraction dopamine grind fpsbr variety potency core game loop optimisation nvm predatory psychological manipulation well spite put hour bknowb im talking saying hthis trash gameh hfor trash peopleh hor people dont know betterh hyour time money attention better spent elsewhereh fact multiple part bf open beta already significantly polished current cod retail experience make unlikely id coming back cod bf drop since majority fps gamers know already said theyre going bf including every new friend met cod chance drop absolutely zero spark joy unlike game favour anything else time better one another,False,0
"Call of Duty: Warzone delivers one of the most polished and fast-paced battle royale experiences available. With tight gunplay, smooth movement, and a variety of weapons and loadout options, it captures the intensity of the franchise while adding large-scale tactical combat. The Gulag mechanic stands out, giving players a second chance at victory and keeping the adrenaline high. While it can sometimes feel overwhelming with constant updates, weapon balancing issues, and large file sizes, Warzone remains one of the most exciting and competitive shooters for both casual and hardcore players.

⭐ Rating: 8.5/10 – A thrilling, action-packed BR that rewards both skill and strategy.",call duty warzone delivers one polished fastpaced battle royale experience available tight gunplay smooth movement variety weapon loadout option capture intensity franchise adding largescale tactical combat gulag mechanic stand giving player second chance victory keeping adrenaline high sometimes feel overwhelming constant update weapon balancing issue large file size warzone remains one exciting competitive shooter casual hardcore player rating thrilling actionpacked br reward skill strategy,True,1
how tf do people even play this predatory unimaginative game,tf people even play predatory unimaginative game,False,0
"Bad Anticheat, sbmm and stupid fornite skins, what more you want of this game",bad anticheat sbmm stupid fornite skin want game,False,0
Very good graphics and very realistic game. its very fun to play with your friends,good graphic realistic game fun play friend,True,1
"used to play Warzone since it released on Battlenet, I wish they just add team death match on it but not on blackops",used play warzone since released battlenet wish add team death match blackops,False,0
its fun i get krenkt when i die fun at all,fun get krenkt die fun,True,1
"Cant wait for black ops 7
",cant wait black ops,True,1
"Maybe developers can add more maps please in battle royal and resurgence.
Otherwise all good. Thanks",maybe developer add map please battle royal resurgence otherwise good thanks,True,1
This Game Is Very Kiri Khob,game kiri khob,True,1
Its truly a fps game every kind i would try playing -Nine year old,truly fps game every kind would try playing nine year old,True,1
"TTK is perfect and the pacing is intense, but the servers are laggy as hell. Fix your infrastructure before releasing more skins.",ttk perfect pacing intense server laggy hell fix infrastructure releasing skin,False,0
I DONT EVEN KNOW WHY I  PLAY THIS GAME IT IS SO BAD THE CHEESE IN THIS GAME IS SO ANNOYING AND THE MAPS ARE TERRIBLE TOO THE GUN BALANCE  IS SO OFF DONT WASTE YOUR TIME LIKE I HAVE just uninstalled free up so much space for so actual fun games,dont even know play game bad cheese game annoying map terrible gun balance dont waste time like uninstalled free much space actual fun game,False,0
"Game is dead, they refused to advertise it as the entire community suggested and now it takes ages to find matches, and they're full of bots.",game dead refused advertise entire community suggested take age find match theyre full bot,True,1
B06 ranked matchmaking is trash. Their ranked servers have over double the ping of your connection sometimes. I wont even bother trying black op 7. And people please stop insulting fortnite because they have better servers.,ranked matchmaking trash ranked server double ping connection sometimes wont even bother trying black op people please stop insulting fortnite better server,False,0
"If you want a representation of burning $70, here it is.",want representation burning,False,0
Do not get BO7 and do not give this company money,get bo give company money,False,0
"Get your SHIT together CoD, Lock the fuck in, make a good game again lock in",get shit together cod lock fuck make good game lock,False,0
Game runs awfully and then only want to take your money.,game run awfully want take money,False,0
"good call of duty, not the best one by any means but its good. sbmm has got to go though",good call duty best one mean good sbmm got go though,True,1
See you all in Battlefield 6!,see battlefield,False,0
Literally the grossest piece of software ever created. Who ever worked on this should genuinely be ashamed of themselves.,literally grossest piece software ever created ever worked genuinely ashamed,False,0
not a good call of duty has been released since bo4,good call duty released since bo,False,0
great game fro any occasion its just fun in general little bit of a challenge overall great game,great game fro occasion fun general little bit challenge overall great game,True,1
"It's the perfect game, except there is no Server in India !
If activision sets up dedicated server, ( since they have purchase available in indian currency, why not server ? ) then it would really have a market here ! 

",perfect game except server india activision set dedicated server since purchase available indian currency server would really market,True,1
the game is really good i reccemand it to allot of people,game really good reccemand allot people,True,1
"I've been a huge call of duty fan for years, played every single game since World at War. But every game, the bar drops lower and lower, and I honestly can't justify paying for this game any longer. Only for people who have time and lots of extra money. You pay for a game that has dozens of extra paywalls inside, guns locked behind battle passes and challenges that you need to do a ton of work to get (which you can just unlock and use by paying for it), and a pretty bad cheating epidemic. I feel sorry for the people who love the series, but it has unfortunately failed us, once again.

The gameplay loop is fun, truthfully- immediately stale after a few games. There is no experience, no grit, just rainbow skins and repetition. There should be an option to have skins hidden and replaced by random mil-sim operators, but you instead are forced to look at rainbow vomit constantly.

Campaign's story was interesting but not nearly as exciting as it could've been. It seemed to be a somewhat repetitive advancement of the BOCW storyline, following a lot of the same story beats and lacking the feel it had.

Guns: 6.5/10 - Too wobbly, always the same
Gameplay: 7.3 - New and somewhat interesting, but quickly repetitive
Style: 2/10 - Constant stupidity with skins and cosmetics
Story: 5:10 - Somewhat boring and stale but does have its moments
Overall: 5.2/10 - Not worth the hard earned cash",ive huge call duty fan year played every single game since world war every game bar drop lower lower honestly cant justify paying game longer people time lot extra money pay game dozen extra paywalls inside gun locked behind battle pass challenge need ton work get unlock use paying pretty bad cheating epidemic feel sorry people love series unfortunately failed u gameplay loop fun truthfully immediately stale game experience grit rainbow skin repetition option skin hidden replaced random milsim operator instead forced look rainbow vomit constantly campaign story interesting nearly exciting couldve seemed somewhat repetitive advancement bocw storyline following lot story beat lacking feel gun wobbly always gameplay new somewhat interesting quickly repetitive style constant stupidity skin cosmetic story somewhat boring stale moment overall worth hard earned cash,False,0
"The fact that COD has now become a paid Fortnite clone is real, so thank you, Epic Games.
80 bucks for the equivalent of a chinese mobile game is what I would define a legalized scam/robbery (at least COD Mobile is free to play).

At least the rage is always the same. Call me insane, but there's so much I love about hopping on for a game or two hoping to chill, just to get out of it even angrier than before.
All things considered, those two games, all the swears I scream to other players in game, those thirty minutes, they are really therapeutical.
And the slop makes it even better.

So, even though your game is the product of a 2 AM Taco Bell raid, thank you Activision.",fact cod become paid fortnite clone real thank epic game buck equivalent chinese mobile game would define legalized scamrobbery least cod mobile free play least rage always call insane there much love hopping game two hoping chill get even angrier thing considered two game swears scream player game thirty minute really therapeutical slop make even better even though game product taco bell raid thank activision,True,1
I have over 500 hours in this game... Maybe 40 of them are mine. The rest is this game doing shady stuff and leaving the game running when you arent playing it so it looks like more players are online. Just get black ops 2 if you want a good game. Or even better BATTLEFIELD 6!!!!! 0/10 will never play a Activision game again,hour game maybe mine rest game shady stuff leaving game running arent playing look like player online get black ops want good game even better battlefield never play activision game,False,0
even too big for my pc,even big pc,False,0
"fuck activision, and fuck everyone that still pays them their income",fuck activision fuck everyone still pay income,False,0
"At this point I would settle for a game without bugs, or at least a minimum of bugs. This game shouldn't have been released in the current state it's in and ATVI support is useless. I hope that BF6 is better. Its ok when the game runs properly. 7 to maybe an 8 when it runs well. When everything isn't running which is frequent its a 0",point would settle game without bug least minimum bug game shouldnt released current state atvi support useless hope bf better ok game run properly maybe run well everything isnt running frequent,False,0
"No the game is boring just feels too much like fortnite with the skins. If I wanted to play fortnite I would play fortnite. I want a military shooter, if BF6 goes well I hope CoD just goes back to it's roots.",game boring feel much like fortnite skin wanted play fortnite would play fortnite want military shooter bf go well hope cod go back root,False,0
shit crashes daily all the fucking time,shit crash daily fucking time,False,0
"This game is trash. It's way too large, there are a lot of No lifers and hackers, loading into a game takes way too long and loading the game takes too long. They removed the best gamemode - DMZ. It's not worth installing. Oh and now they made MW2 into a diffrent download.",game trash way large lot lifer hacker loading game take way long loading game take long removed best gamemode dmz worth installing oh made mw diffrent download,False,0
so i played on console for over 300 hours and now i come back and its just so bad the game fell of they would take 10 dollars over you DONT INSTALL ABSOULTE ASS,played console hour come back bad game fell would take dollar dont install absoulte as,False,0
"gun go pew, people fall over.",gun go pew people fall,True,1
Huge fan of the COD games. Love the fast pace of the maps.,huge fan cod game love fast pace map,True,1
"On steam its all good, for now",steam good,True,1
"Gone down hill, make something similar to MW2, the call of series is dead. I'm switching to BF6 when it comes out.",gone hill make something similar mw call series dead im switching bf come,False,0
"I don't know what's worse, this launcher or the games.",dont know whats worse launcher game,False,0
"Doesn't care if the gaming experience is good, forces micropayments, harmful activity to users computers and doesn't stop eSport players from ruining the games of normal players.

A good game company would not use software backdoors (kernel drivers etc) and try to enforce them with TPM (hardware backdoor). Instead it would focus on getting the game balance right so normal gamers could enjoy it.",doesnt care gaming experience good force micropayments harmful activity user computer doesnt stop esport player ruining game normal player good game company would use software backdoor kernel driver etc try enforce tpm hardware backdoor instead would focus getting game balance right normal gamers could enjoy,False,0
"not worth it, they officially dont answer questions about sbmm and do 10000 sponsors and colabs, fucking wanna-be Fortnite. activision is the most dogshit game development company. this game made me want to burn the corps to the ground. Tax the rich",worth officially dont answer question sbmm sponsor colabs fucking wannabe fortnite activision dogshit game development company game made want burn corp ground tax rich,False,0
"Campaign is bad,not satisfying and as always,takes too much of your pc",campaign badnot satisfying alwaystakes much pc,False,0
Used to love this game. Lack of a proper anti-cheat is the biggest issue here. Its so obvious yet the chat ban works PERFECTLY. Definitely deleting the game once bo7 comes out. later cod. i guess since i dont buy cod points or operators anymore i get nothing but cheater lobbys. 3 shots across map with slow fire rate weapons. game is garbage now.,used love game lack proper anticheat biggest issue obvious yet chat ban work perfectly definitely deleting game bo come later cod guess since dont buy cod point operator anymore get nothing cheater lobby shot across map slow fire rate weapon game garbage,False,0
Too many people using cheats on the platform. Activision has sold out for skins and camos like fortnite and fails to remember its roots telling stories about battles that soldiers have fought and died for.,many people using cheat platform activision sold skin camo like fortnite fails remember root telling story battle soldier fought died,False,0
Very fun game very realistic i love it my self,fun game realistic love self,True,1
the cheaters and the lack of feel in this game makes it almost unplayable in a competitive sense. big air ball for cod.,cheater lack feel game make almost unplayable competitive sense big air ball cod,False,0
"absolute W of a fuckin game i recommend 1,000,000%",absolute fuckin game recommend,True,1
"Bro, lowky a cash grabber, the game is shit full of annoying metas and jesus christ you can't even TRY having fun cuz there's a dude with 8k hours on a casual lobby sweating is ass out slidding, pre-shooting and doing even backflips on you.
You not gonna have fun, you won't be able to get used to cockroaches running and flying around your screen nor SMG crackheads, so yeah..
don't waste your time and money on that.",bro lowky cash grabber game shit full annoying metas jesus christ cant even try fun cuz there dude hour casual lobby sweating as slidding preshooting even backflips gonna fun wont able get used cockroach running flying around screen smg crackheads yeah dont waste time money,False,0
crush direct x non stop. hi end gaming pc,crush direct non stop hi end gaming pc,False,0
See you guys on battlefield 6,see guy battlefield,False,0
"this game sucks, you need a nasa pc to run and the ground looks like the matrics pls fix now",game suck need nasa pc run ground look like matric pls fix,False,0
"+ beautiful graphics
- racist mf teammate",beautiful graphic racist mf teammate,True,1
cheater effing central eff this game,cheater effing central eff game,False,0
"After over 500 hours in Call of Duty: Warzone, I can confidently say this game has earned its place as a go-to for both casual play and competitive action. It’s the perfect game to sit back and unwind at the end of a long day, yet it still delivers intense, heart-pounding moments that keep you coming back.

What I love most is how even casual matches can escalate into high-stakes battles as the circle closes. There’s a unique thrill in watching a game that starts relaxed transform into a tense, strategic showdown. Every encounter feels meaningful, and there’s a satisfying sense of progression whether you’re honing your loadout or learning new map strategies.

The game also balances accessibility with depth. New players can jump in and enjoy the core experience, while veterans can dive into the competitive mechanics, from advanced movement and weapon mastery to tactical decision-making under pressure.

Overall, Warzone is not just a game but a dynamic experience, a blend of strategy, reflex, and fun that keeps me coming back for months on end. Whether you’re in it for casual drops or adrenaline-fueled endgame fights, Warzone delivers consistently.",hour call duty warzone confidently say game earned place goto casual play competitive action perfect game sit back unwind end long day yet still delivers intense heartpounding moment keep coming back love even casual match escalate highstakes battle circle close there unique thrill watching game start relaxed transform tense strategic showdown every encounter feel meaningful there satisfying sense progression whether youre honing loadout learning new map strategy game also balance accessibility depth new player jump enjoy core experience veteran dive competitive mechanic advanced movement weapon mastery tactical decisionmaking pressure overall warzone game dynamic experience blend strategy reflex fun keep coming back month end whether youre casual drop adrenalinefueled endgame fight warzone delivers consistently,True,1
This does'nt  even work on my pc bruhhhhh,doesnt even work pc bruhhhhh,False,0
Its great but they love to camp pisses me off but its great,great love camp piss great,True,1
"meh game, but takes up 300 fucking gigs just for warzone, and you will get destroyed by some level 300 with the meta smg",meh game take fucking gig warzone get destroyed level meta smg,False,0
"Game bad, me no like

At this point activision is milking COD to death
also what the fuck

You can't tell me that beavis and butthead are in this game
when it is supposed to be themed around the gulf war.

also all of the bundles are kinda expensive,
the game is already 70 to 90 dollars why do you need the rest of that money
",game bad like point activision milking cod death also fuck cant tell beavis butthead game supposed themed around gulf war also bundle kinda expensive game already dollar need rest money,False,0
"Nice game and quite fun to play, but note that it will make you very angry sometimes. Also there are quite a lot of cheaters in Battle Royale mode so if you die by ways that seem suspicious know that it was probably a cheater. Don't break your keyboard pls :)",nice game quite fun play note make angry sometimes also quite lot cheater battle royale mode die way seem suspicious know probably cheater dont break keyboard pls,True,1
yes i will and the thing is when i play ranked im on 200 to 300 ms soo yea i personaly thing there should be south african ranked server just to make it a bit fun and to bring the played base up just a lil and i think that will also increase your income because more people will play tournaments and then the player base will be more and more income for you guys but yes i do  recommend it its fun and yea the game is great but the stims is soo useless rn but yes i do recommend it,yes thing play ranked im m soo yea personaly thing south african ranked server make bit fun bring played base lil think also increase income people play tournament player base income guy yes recommend fun yea game great stims soo useless rn yes recommend,True,1
"This company sold out to the woke crap. Go woke Go broke. We just want to play video games about war not having skins and gay and trans characters. Straight BS and the game is always needing updates, filled with cheaters. They will never get another penny from me and that's a promise. Sad because I have been here from day one but I have had enough of the BS.",company sold woke crap go woke go broke want play video game war skin gay trans character straight b game always needing update filled cheater never get another penny thats promise sad day one enough b,False,0
"they may give you permanent bad for doing nothing, have fun",may give permanent bad nothing fun,False,0
They do not care about anything but $$$. I am only settling for this until BF6 drops. Game sucks!,care anything settling bf drop game suck,False,0
fun asf really good with freinds also,fun asf really good freinds also,True,1
"This game gives me something to hate more than my life, totally recommend!",game give something hate life totally recommend,True,1
"Didn't receive black cell after purchase
",didnt receive black cell purchase,False,0
"GAME IS 300 PLUS GB
GAME WONT LOAD",game plus gb game wont load,False,0
"When I downloaded it, I only regretted one thing… that I waited so long to play it. This is an incredible game with endless options—you never get bored! There are countless missions and daily challenges across Multiplayer, Zombies, and Warzone. You’re constantly unlocking new weapons and skins, and the variety of modes makes it feel like you’re getting 20 games in one. The gameplay is smooth, fun, and always keeps you engaged. Honestly, it’s one of the best gaming experiences I’ve had, and I fully recommend it.",downloaded regretted one thing waited long play incredible game endless optionsyou never get bored countless mission daily challenge across multiplayer zombie warzone youre constantly unlocking new weapon skin variety mode make feel like youre getting game one gameplay smooth fun always keep engaged honestly one best gaming experience ive fully recommend,True,1
"can they not just make balanced guns, theres like 100 guns in warzone to use and about 10 of them are usable.",make balanced gun there like gun warzone use usable,False,0
"Do I like it? No.
Do I do it? Yes.

Long story short, a very F'ed up game with a very F'ed up community.
It takes up to 160 GB just because they're scared their upcoming game's gonna be cracked and published for free. So, all the game and its devs care about is money.
And basically it's a gun-to-win with a sh!t load of campers and cheaters.
",like yes long story short fed game fed community take gb theyre scared upcoming game gonna cracked published free game devs care money basically guntowin sht load camper cheater,False,0
This game is ragebait and ruins my mental health,game ragebait ruin mental health,True,1
"A pile of dogshit. I cannot believe i spent money for Mw2. This was my first Cod game, i'm never buying one again.",pile dogshit cannot believe spent money mw first cod game im never buying one,False,0
"i don't fucking understand why i have to install a hub that takes up whopping 116 GB's of my storage?! also, the base game isn't even installed and you need to give off another 150 GB's to install it. this shit is fucking evil. fuck you, activision",dont fucking understand install hub take whopping gb storage also base game isnt even installed need give another gb install shit fucking evil fuck activision,False,0
very good game every one should play and win,good game every one play win,True,1
"I get that people are mad because they're adding a ton of collab skins, but at the end of the day; if you don't like a skin, don't buy it. Gameplay is smooth and movement is very clean. The only issue imo is the size if the game. 100+ GB :(",get people mad theyre adding ton collab skin end day dont like skin dont buy gameplay smooth movement clean issue imo size game gb,True,1
"we want wars, not stupid skins and jetpacks",want war stupid skin jetpacks,False,0
"terrible hit box's, campaign was terrible. Just don't buy if you want something like this just wait for battlefield 6
",terrible hit box campaign terrible dont buy want something like wait battlefield,False,0
"i love this game , but size is too much",love game size much,True,1
million dollr company cant even have good servers trash ass game,million dollr company cant even good server trash as game,False,0
"If you like being consistently bombarded with intrusive ads that pressure the importance of purchasing in game digital garbage that ruins masterful elements that this franchise could once flex as well as any nostalgia you had for franchises history... then this is the game for you.  Except for zombies, the zombies is pretty amazing.",like consistently bombarded intrusive ad pressure importance purchasing game digital garbage ruin masterful element franchise could flex well nostalgia franchise history game except zombie zombie pretty amazing,False,0
This is not call of duty.,call duty,False,0
game is good but from time to time needs bug fixing,game good time time need bug fixing,True,1
what can i say its typical call of duty if you love a fast paced sharp shooting fps packed with packet burst this is the game! ive loved cod but man has the game gone down hill so bad!,say typical call duty love fast paced sharp shooting fps packed packet burst game ive loved cod man game gone hill bad,False,0
"almost 300 GB for a trash game, optimize your shit COD",almost gb trash game optimize shit cod,False,0
"crap game

wasted my time and money on this ""game""
",crap game wasted time money game,False,0
"it just personally scratches that Itch for me, I don't care what people say about it, I do call out the dumb things that the devs do and honestly some of it isn't their fault, big corpo and money hungry investors that don't do it for the love of the game, gaming community, or the players just ruins things and make things all about money. Plus the community can also be way too quick to attack even though they will buy it without hesitation.",personally scratch itch dont care people say call dumb thing devs honestly isnt fault big corpo money hungry investor dont love game gaming community player ruin thing make thing money plus community also way quick attack even though buy without hesitation,True,1
good game but needs a little more realism,good game need little realism,True,1
"HOT STEAMY ASS, MAPS ARE BAD, GUNS ARE PEASHOOTERS OR ONE TAPS, SKINS LOOK LIKE THERE MADE BY AI, LOADING AND RUN TIMES ARE BAD UNLESS YOU SPECK THEM PERFECTLY. Activsion pls stop making this hot garbage every year and YOU ARE SMALL ENOUGH TO FAIL ive played hours of almost every cod made and it has spiraled into a shitty ttv meta where you guys put more effort into a Fortnite clone instead of your game, even zombies was bad the last 3 maps where the worst ive ever played",hot steamy as map bad gun peashooters one tap skin look like made ai loading run time bad unless speck perfectly activsion pls stop making hot garbage every year small enough fail ive played hour almost every cod made spiraled shitty ttv meta guy put effort fortnite clone instead game even zombie bad last map worst ive ever played,False,0
"I know how everyone feels about the ungodly amount of bundles they shove down your throat... But at the end of the day, you don't have to buy things to get anything besides skins, and the levels of fun I have with this game makes the consumerism acceptable. It's so smooth and an absolute blast to play.",know everyone feel ungodly amount bundle shove throat end day dont buy thing get anything besides skin level fun game make consumerism acceptable smooth absolute blast play,True,1
"With how Black Ops 6 went from ""realism"" to the atrocious cartoony and celebrity approach and not the nice nitty gritty like the old Black Ops 1 and how gameplay itself is overrun with people looking like they're either constantly on adderall or blatantly cheating, I regret purchasing this slop of a mess. Don't know why I even convinced myself that this garbage was gonna be anything like it's successful predecessors, mainly Black Ops 1 and 2. Now that Black Ops 7 is coming and seeing the kaka storm that it is I'm not gonna waste money like I did with this feck of a game. Battlefield 6 is looking real nice right about now

TLDR: Game sucks, so will BO7.",black ops went realism atrocious cartoony celebrity approach nice nitty gritty like old black ops gameplay overrun people looking like theyre either constantly adderall blatantly cheating regret purchasing slop mess dont know even convinced garbage gonna anything like successful predecessor mainly black ops black ops coming seeing kaka storm im gonna waste money like feck game battlefield looking real nice right tldr game suck bo,False,0
Isn't this supposed to be a.. military game?,isnt supposed military game,False,0
"verry hard to play but easy to master 
",verry hard play easy master,True,1
"Leaving a review on Steam to let people know my experience. No one in this company cares about you or wants to support you. I emailed Activision support many times, apparently I had been banned from Call of Duty: Black Ops 6 before I even played for cheating and hacking. But, this whole ordeal went down on the Playstation edition of Black Ops 6. I had yet to touch any modern Call of Duty, the last time I had played on Playstation was Black Ops 3 and I do not believe it is even possible to cheat on these consoles. So, I had reached out to Activison support, they said they could do NOTHING about the situation. They said they were unable to provide information on what happened, when it happened or anything. $70 down the drain being unable to play, don't buy games from these people.",leaving review steam let people know experience one company care want support emailed activision support many time apparently banned call duty black ops even played cheating hacking whole ordeal went playstation edition black ops yet touch modern call duty last time played playstation black ops believe even possible cheat console reached activison support said could nothing situation said unable provide information happened happened anything drain unable play dont buy game people,False,0
"Every other video games company on there steam store page for one game
1. Base game
2. Duelax/GOTY Edition (For Example)
3. Some Other Edition

And Here Comes Activision on there call of duty steam store page
1. Pre-Purchase Call of Duty®: Black Ops 7
2. Pre-Purchase Call of Duty®: Black Ops 7 - Vault Edition
3. Buy Call of Duty®: Black Ops 6
4. Buy Call of Duty®: Black Ops 6 - Vault Edition
5. Buy Call of Duty®: Modern Warfare® III
6. Buy Call of Duty® Points
7. Buy Call of Duty®: Modern Warfare® II

DLC Section

CONTENT FOR THIS GAMEBrowse all (42)

PLAYER FAVORITE
Call of Duty®: Black Ops 6 - BlackCell (Season 05)

Call of Duty®: Black Ops 6 - Tracer Pack: ReANIMEted Ultra Skin

Call of Duty®: Black Ops 6 - Hella Fresh: Starter Pack

Call of Duty League™ - Atlanta FaZe Team Pack 2025

Call of Duty League™ - Boston Breach Team Pack 2025

SEE ALL
--------------------------------------------------------------------

All I am seeing is buying button. Not to mentioned if you download warzone it wont download it actually also if you purchased any of these version and if you played warzone more than 2 hr in the past, this new versions will be considering under warzone, meaning you wont be able to refund any of these. Most confusion and greedy store front I have ever seen.",every video game company steam store page one game base game duelaxgoty edition example edition come activision call duty steam store page prepurchase call duty black ops prepurchase call duty black ops vault edition buy call duty black ops buy call duty black ops vault edition buy call duty modern warfare iii buy call duty point buy call duty modern warfare ii dlc section content gamebrowse player favorite call duty black ops blackcell season call duty black ops tracer pack reanimeted ultra skin call duty black ops hella fresh starter pack call duty league atlanta faze team pack call duty league boston breach team pack see seeing buying button mentioned download warzone wont download actually also purchased version played warzone hr past new version considering warzone meaning wont able refund confusion greedy store front ever seen,False,0
to much hackers even after major updates.,much hacker even major update,False,0
"Call of Duty has become a mess of greed, bugs, and AI. They use AI-generated art (like the “Necroclaus” screen and six-fingered glove) without disclosure at the time, replacing real artists entirely. Forced cross-play traps PC players against console users who can opt out, leading to constant corner-camping and unfair matches.
Performance? A disaster. VRAM leaks chew through 8GB+ cards until you crash. Random DirectX errors boot you mid-match despite perfect setups. Stutters, freezes, and optimisation failures plague even high-end rigs.

Gameplay: 
Dragon-breath Shotgun Players turns every match into a sweat-fest or a slaughter. The community’s toxic, cheaters slip through, and devs respond with canned “update your drivers” nonsense while pumping out overpriced cosmetics—most AI-made.
Then there’s BlackCell: $25+ a month for a compounding grind boost 10% - 15% added on.
This franchise doesn’t respect players’ time, money, or hardware. It’s a cash-grab live service rotting from the inside.

Quite honestly i will not be buying the next call of duty if it will just be the exact same stuff with no real changes especially if its $70+.",call duty become mess greed bug ai use aigenerated art like necroclaus screen sixfingered glove without disclosure time replacing real artist entirely forced crossplay trap pc player console user opt leading constant cornercamping unfair match performance disaster vram leak chew gb card crash random directx error boot midmatch despite perfect setup stutter freeze optimisation failure plague even highend rig gameplay dragonbreath shotgun player turn every match sweatfest slaughter community toxic cheater slip devs respond canned update driver nonsense pumping overpriced cosmeticsmost aimade there blackcell month compounding grind boost added franchise doesnt respect player time money hardware cashgrab live service rotting inside quite honestly buying next call duty exact stuff real change especially,False,0
"a warning to new players, the player base is rotten and toxic.. You will not like how sweaty the game is.",warning new player player base rotten toxic like sweaty game,False,0
"Very badly optimized for PC. I have a 3080 and the game doesn't use the GPU, it just cooks the CPU instead. I tried playing with the game settings and NVIDIA settings - no result. Warzone refuses to use the GPU.
I got better performance from Cyberpunk 2077 when it launched. COD is an absolute joke at this point!",badly optimized pc game doesnt use gpu cook cpu instead tried playing game setting nvidia setting result warzone refuse use gpu got better performance cyberpunk launched cod absolute joke point,False,0
I genuinely couldn't find a better game,genuinely couldnt find better game,True,1
We can wall run on Black ops 7 20/10 preordered,wall run black ops preordered,True,1
"Has its moments with glitches, dev errors, and difficulty getting into matches at times. Also is insanely huge GB wise but its a simple shoot em game and pretty mindless. Its good fun if you dont mind also contending with Hackers often lol.",moment glitch dev error difficulty getting match time also insanely huge gb wise simple shoot em game pretty mindless good fun dont mind also contending hacker often lol,True,1
"They started off well, but slowly turned their games into a mix of realism, nostalgia, skin collaborations and genuinely decent game play with overly flashy and expensive customization services and balancing issues.
The games themselves have felt less and less like the old call of duty remedy that has worked well for years, and more as a game made to satisfy shareholders and bring in as much value out of skins that don't make sense for the game. And this would have been alright, if it wasn't for Activision actively spiking prices up, not tending to their old games properly and focusing their efforts to make Flashy and cool skins, rather than working on the games themselves.

Would personally not invest anymore money in a game i thought would be about FPS and active combat, but turned out to be a game, where people dress up as Nicki Minaj or a dragon/person hybrid that farts flames when you do the sliding animation while ""oneshotting"" you with an unbalanced weapon that also has a skin with a whole 1 minute cut scene as it's inspecting animation.",started well slowly turned game mix realism nostalgia skin collaboration genuinely decent game play overly flashy expensive customization service balancing issue game felt less less like old call duty remedy worked well year game made satisfy shareholder bring much value skin dont make sense game would alright wasnt activision actively spiking price tending old game properly focusing effort make flashy cool skin rather working game would personally invest anymore money game thought would fps active combat turned game people dress nicki minaj dragonperson hybrid fart flame sliding animation oneshotting unbalanced weapon also skin whole minute cut scene inspecting animation,False,0
"game ban for ""boosting"", although take some xp through AFK 🤡 There was a huge wave of bans, the developers did not even figure it out, but simply rewrote the rules after 3 weeks :) https://www.msn.com/en-us/entertainment/gaming/call-of-duty-players-being-banned-for-plunder-boosting/ar-AA1IVRau",game ban boosting although take xp afk huge wave ban developer even figure simply rewrote rule week,False,0
"I used to play this on my PS4, I got a computer to be able to play games that weren't this one, got addicted once again, I hate it.",used play p got computer able play game werent one got addicted hate,True,1
"Very unforgiving game, and at the same time, doesn't feel fun when that unforgiveness is toward the enemy.
I just don't feel interest to get better at this game, feels unrewarding for me.

Damage numbers are not included, so there are times when it looks like you hit the enemy with more bullets, yet they still win.

Performance could have been way better. Battlefield 2042, which is a more graphically intensive game, runs better than this game (I don't say that that game is good).

With that being said, if you are into general fps, and fps with fast ttk specifically, I think this game would be decent for you.",unforgiving game time doesnt feel fun unforgiveness toward enemy dont feel interest get better game feel unrewarding damage number included time look like hit enemy bullet yet still win performance could way better battlefield graphically intensive game run better game dont say game good said general fps fps fast ttk specifically think game would decent,False,0
its gonna be the same trash. no passion and broken promises. based on history that this history shits out i would same its not worth it,gonna trash passion broken promise based history history shit would worth,False,0
"I’ve been a long-time Call of Duty fan, especially of the Black Ops series, but it’s hard to ignore how far the franchise has fallen. Black Ops 2 and the games before it felt like they were made with actual care—for the gameplay, the story, the challenge. Black Ops 6? It feels like a storefront first and a game second.

Let’s talk microtransactions. The game costs full price, but nearly every menu is pushing overpriced bundles—$20 to $50 for ridiculous, cartoonish skins that completely break immersion. I didn’t buy Black Ops to see American Dad, Squid Game, or unicorn skins with rainbow particle effects. It’s like they want to turn this into Call of Duty: Fortnite Edition. (If you look at the American Dad - Rogers bundle , and inspect him doing HIS emote of drinking alcohol - They couldn't even be bothered to align it properly.)

Zombies mode, once a highlight of the series, has been dumbed down significantly. The maps are big but feel soulless, and the Easter eggs—once clever and challenging puzzles that felt rewarding—are now simplified and barely worth the effort. You can survive into high rounds with minimal effort, and the tension just isn’t there anymore.

It’s clear this game is built to keep people in the store, not in the gameplay.

If you’re a longtime fan hoping for a return to form—this isn’t it. Feels more like a cash grab wrapped in nostalgia.",ive longtime call duty fan especially black ops series hard ignore far franchise fallen black ops game felt like made actual carefor gameplay story challenge black ops feel like storefront first game second let talk microtransactions game cost full price nearly every menu pushing overpriced bundle ridiculous cartoonish skin completely break immersion didnt buy black ops see american dad squid game unicorn skin rainbow particle effect like want turn call duty fortnite edition look american dad rogers bundle inspect emote drinking alcohol couldnt even bothered align properly zombie mode highlight series dumbed significantly map big feel soulless easter eggsonce clever challenging puzzle felt rewardingare simplified barely worth effort survive high round minimal effort tension isnt anymore clear game built keep people store gameplay youre longtime fan hoping return formthis isnt feel like cash grab wrapped nostalgia,False,0
this game is apsulute dog shit i cant even drop defore getting shot down by a swett whit the moast broken guns in the game.,game apsulute dog shit cant even drop defore getting shot swett whit moast broken gun game,False,0
"I have almost 6 hours in the game all spent in the main menu trying to figure out how to play the actual game, turns out i downloaded 200 gigabytes of launcher and 0 game.",almost hour game spent main menu trying figure play actual game turn downloaded gigabyte launcher game,False,0
"Cons:
-you have to pay for any game outside of warzone
Pros: 
-i love cod",con pay game outside warzone pro love cod,True,1
wanna play the game? sorry you cant cause activision doesn't allow you to do so,wanna play game sorry cant cause activision doesnt allow,False,0
"JUST THE FUCKING COD HUB HAS 120 GB... NO GAME
WARZONE IS ANOTHER 150 GB",fucking cod hub gb game warzone another gb,False,0
"how do we keep getting suckered into buying an update for the same game.

also the downloads for un purchased skins/ content if off its head.",keep getting suckered buying update game also downloads un purchased skin content head,False,0
"This POS makes you download 116 gigs to the worst launching system in the history of gaming, to then. Have the audacity to make you download hundreds of gigs more for what you thought you at least had a small part of ready at the very least. Putting the C in crap and going all out on it, good job on being just exhaustingly terrible.",po make download gig worst launching system history gaming audacity make download hundred gig thought least small part ready least putting crap going good job exhaustingly terrible,False,0
"I was playing the game and suddenly this error appeared:
Server disconnected – Call of Duty – Steam – Your profile was signed out.
Then the game restarts, and I have to log in again. This happens quite often, which is very strange.",playing game suddenly error appeared server disconnected call duty steam profile signed game restarts log happens quite often strange,False,0
Game is ass dont waste your life or any second playing it,game as dont waste life second playing,False,0
"⭐☆☆☆☆
“Call of Duty is less of a game and more of a $70 annual reminder that I have slow reflexes and anger issues.

The campaign? Blink and it’s over. Multiplayer? I spend 20 minutes customizing my loadout just to get quick-scoped by a 12-year-old named ‘xXx_MomSlayer69_xXx’. Every. Single. Match.

The spawns are so random I’m convinced the devs have a wheel they spin: ‘Behind him? In front of him? Inside his fridge?’

Also, why is every lobby microphone just someone chewing Doritos directly into my soul?

10/10 for realism though — nothing says “authentic warfare” like dying to a guy bunny-hopping in a pink anime skin while blasting Lil Uzi Vert over proximity chat. Would uninstall again.”",call duty less game annual reminder slow reflex anger issue campaign blink multiplayer spend minute customizing loadout get quickscoped yearold named xxxmomslayerxxx every single match spawn random im convinced devs wheel spin behind front inside fridge also every lobby microphone someone chewing doritos directly soul realism though nothing say authentic warfare like dying guy bunnyhopping pink anime skin blasting lil uzi vert proximity chat would uninstall,False,0
"Game wont even run, TRAVIS - RILEA every damn day",game wont even run travis rilea every damn day,False,0
DONT BUY THIS FUCKING GAME THIS GAME IS SO ASS I SIT IN A LOBBY FOR ABOUT AN HOUR QUEING THEN GET INTO A GAME JUST TO GET KICKED THIS IS THE BIGGEST WASTE OF FUCKING MONEY IVE EVER SPENT,dont buy fucking game game as sit lobby hour queing get game get kicked biggest waste fucking money ive ever spent,False,0
Black Ops 6 would be a good game if they took all the kiddie crap off. give us an adult version. no cartoon characters and realistic guns no fancy cameos and when your shot you don't turn into and ice cube or pile of crap. go back to being realistic and stop trying to make more money with these stupid bundles.,black ops would good game took kiddie crap give u adult version cartoon character realistic gun fancy cameo shot dont turn ice cube pile crap go back realistic stop trying make money stupid bundle,False,0
"It is unbelievable how this military shooter is evolving, or should I say disolving? First servers are trash, disconection and lags, but I still can get over this with few quick rounds, but what is this game turning into is unbelievable, cartoony skins, ladies in pink diving suits, what it has to do with war? Activision has completely lost their touch what military shooter should be. Would not recommend this.Unless you like fortnite clone, without identity. BO6 has been last straw for me.",unbelievable military shooter evolving say disolving first server trash disconection lag still get quick round game turning unbelievable cartoony skin lady pink diving suit war activision completely lost touch military shooter would recommend thisunless like fortnite clone without identity bo last straw,False,0
"broke my controller playing this game i very much recommend this product 👍
",broke controller playing game much recommend product,True,1
"im playing cod since day one
what the hell is wrong with you people
you idiots destroyed cod
are you all 14 years old?
looks like fortnite 
now im waiting for the new battlefield,
stupid,stupid,stupid ...ing messed up children comunity

",im playing cod since day one hell wrong people idiot destroyed cod year old look like fortnite im waiting new battlefield stupidstupidstupid ing messed child comunity,False,0
its really a nice game combat and strategy overall one of the best shooter games out there,really nice game combat strategy overall one best shooter game,True,1
"man, mw3 ended on a somewhat high note, gave it to bo6, one of the most hyped cods in a while, and man did they sell HARD. the beta, as well as pre-season and season 1 were alright, but then season 2 came along, then terminator appeared, then the ninja turtles, then seth rogen, so on and so forth, to end up with Beavis and fucking Butthead, along with American Dad. I'm not an old-school cod gamer, I started with cold war, and i will die on that hill, so I quite enjoyed MW3, but bo6, man, it lost all of its soul so quickly. And now, THEY'RE MAKING ANOTHER ONE. ANOTHER. FUCKING. ONE. DO THEY NOT LEARN???? Their main point this time around is carry forward, so we're not gonna have any realism from the get go. At least with bo6 they at least tried to put something on with the start, but now, they're even getting rid of that. With BO6, there's not even an illusion of the sunk-cost fallacy, so for the money i spent, it's not even worth it to torture myself to try and get it's worth playing this game. They are just nostalgia baitng at this point. Point is, PLEASE don't buy BO7, save your money. This franchise died with this game, to some, even earlier. BO7 is gonna be dead on arrival, just buy battlefield 6 instead.",man mw ended somewhat high note gave bo one hyped cod man sell hard beta well preseason season alright season came along terminator appeared ninja turtle seth rogen forth end beavis fucking butthead along american dad im oldschool cod gamer started cold war die hill quite enjoyed mw bo man lost soul quickly theyre making another one another fucking one learn main point time around carry forward gonna realism get go least bo least tried put something start theyre even getting rid bo there even illusion sunkcost fallacy money spent even worth torture try get worth playing game nostalgia baitng point point please dont buy bo save money franchise died game even earlier bo gonna dead arrival buy battlefield instead,False,0
"I love the game very much, but lately I've been having some issues with it's stability on my system, I'm trying to work the bugs out, but otherwise, the game is great!",love game much lately ive issue stability system im trying work bug otherwise game great,True,1
the girls have big butts ig,girl big butt ig,True,1
"Call of Duty: Modern Warfare (2019) and Warzone 1 was peak. You all ruined it by turning a gritty shooter into a Fortnite cosplay convention. The appeal is gone. Oh and on top of that, on Warzone, I can't even bother with having to grind guns just to catch up to the meta. It's too time-consuming. You're better off just playing Apex or PUBG at this point. Just pick up a gun, equip your preferred attachments, and win the game. AND THE WORST PART? Integrating every new CoD into Warzone instead of keeping it as a standalone game. You ruined what made Warzone 1 special. Oh and btw, you guys have cheaters to deal with too. HUGE dealbreaker.",call duty modern warfare warzone peak ruined turning gritty shooter fortnite cosplay convention appeal gone oh top warzone cant even bother grind gun catch meta timeconsuming youre better playing apex pubg point pick gun equip preferred attachment win game worst part integrating every new cod warzone instead keeping standalone game ruined made warzone special oh btw guy cheater deal huge dealbreaker,False,0
cod isnt cod anymore. Its just some adult fortnite that takes 400GB.,cod isnt cod anymore adult fortnite take gb,False,0
"The Call of Duty we once knew and loved has died. 

Each year its the same thing, except instead of a new COD, we get a new 80GB package, that will just eat up all the space on your computer until you are forced to upgrade your storage. Im sick and tired of this cycle. 

If your friends are peer pressuring you into buying this game, im telling you its not worth it. This game sucks. ""Skill based matchmaking"" is a joke. Cheaters run rampant. Activision only cares about you eating their slop, they want you addicted so they can keep sucking your money dry. 

If you value your time, DONT buy this game. 
If you value your money, DONT buy this game. 
If you value having a good gaming experience, DONT BUY THIS GAME. 

It is about the only thing you can do to tell the devs & publishers that you don't want a repeat multiplayer game, with a hastily written campaign, boring mechanics and a non immersive experience.

To anyone at COD who still cares about the game, please for the love of all that is holy, take 5.

Listen to your community, listen to the feedback. 

Its clear that not everyone wants a battle royale, not everyone wants to see whatever microtransaction garbage you call content. Im sick of it. Im sure so many people are too.

Bring back old DLC packs, not season passes. that gate keep and lock content if you dont play enough. Im willing to pay $100 for a game if the game has content that I can still play. 

I hate to bring it up, but genuinely BF6 is doing something COD would never think of doing again... 

Giving a reason for players to keep coming back. 

They said they were not worried about BF6, and that tells me that COD, is just too far gone.

",call duty knew loved died year thing except instead new cod get new gb package eat space computer forced upgrade storage im sick tired cycle friend peer pressuring buying game im telling worth game suck skill based matchmaking joke cheater run rampant activision care eating slop want addicted keep sucking money dry value time dont buy game value money dont buy game value good gaming experience dont buy game thing tell devs publisher dont want repeat multiplayer game hastily written campaign boring mechanic non immersive experience anyone cod still care game please love holy take listen community listen feedback clear everyone want battle royale everyone want see whatever microtransaction garbage call content im sick im sure many people bring back old dlc pack season pass gate keep lock content dont play enough im willing pay game game content still play hate bring genuinely bf something cod would never think giving reason player keep coming back said worried bf tell cod far gone,False,0
this makes me want to buy battlefield 6,make want buy battlefield,False,0
"Call of Duty's current state is a major disappointment and the game is dead. It's plagued by issues that seem to be pushing the player base away.

Hackers and ""Sweats"": The game is full of cheaters, and the constant, intense lobbies make it difficult for casual players to have fun.

Skill-Based Matchmaking (SBMM): This system has created a frustrating and seemingly unfair experience. It often feels like the game actively works against you, with lower-skilled players getting what feels like a boost to even out the playing field.

Rigged Gameplay: The flow of matches often feels manipulated. It's as if the game gives you a ""mercy win"" after a long losing streak to encourage you to keep playing.

Microtransactions: The focus on selling in-game items has taken priority over delivering a high-quality, balanced game.

I remember when Call of Duty was celebrated for its pure, competitive gameplay. The experience now feels rigged and focused on monetization rather than skill.",call duty current state major disappointment game dead plagued issue seem pushing player base away hacker sweat game full cheater constant intense lobby make difficult casual player fun skillbased matchmaking sbmm system created frustrating seemingly unfair experience often feel like game actively work lowerskilled player getting feel like boost even playing field rigged gameplay flow match often feel manipulated game give mercy win long losing streak encourage keep playing microtransactions focus selling ingame item taken priority delivering highquality balanced game remember call duty celebrated pure competitive gameplay experience feel rigged focused monetization rather skill,False,0
"The next one came out too fast
",next one came fast,False,0
it is so fun to rage bait kids :sob,fun rage bait kid sob,True,1
"Horrible company, too money hungry to make anything good anymore.",horrible company money hungry make anything good anymore,False,0
Battlefield 6 is better. Fuck you Treyarch,battlefield better fuck treyarch,False,0
Feels like it lost focus in the micro-transaction ridden mess that it's become.,feel like lost focus microtransaction ridden mess become,False,0
"Been playing Call of Duty for over 10 years and the past 5 recent ones have been an awful experience, to me and to a lot of other players around the world. The match-making system, it's not the same. You could actually feel and see the difference from the older games to the newer ones. Black Ops 1, even Black Ops 3 had a very good match-making system when it used to be about connection. Finding a match is VERY long nowadays too and it's been like that because of the algorithm the company has put in the game. This company isn't the same anymore, the love for the game isn't there for me and to many others. The skins in the game don't even make any sense either. A military shooter should stay as a military shooter also. They have lost a lot of players during the years and it'll continue to decrease if they keep it up. The thing is I don't want Call of Duty to die, I just want them to be better, do better. Do what's actually right for us players and make the game enjoyable to all us Veteran's that have been around so long and to all the new players. Sorry if this is a bit long of a review, I just want Activision and all the developers to see this. Thank you.",playing call duty year past recent one awful experience lot player around world matchmaking system could actually feel see difference older game newer one black ops even black ops good matchmaking system used connection finding match long nowadays like algorithm company put game company isnt anymore love game isnt many others skin game dont even make sense either military shooter stay military shooter also lost lot player year itll continue decrease keep thing dont want call duty die want better better whats actually right u player make game enjoyable u veteran around long new player sorry bit long review want activision developer see thank,False,0
"I wonder if bundling all cod games into just one is to stop review bombs in some way.
Who knows, all I know is that BUNDLING YOUR GAMES INTO JUST ONE IS DUMB",wonder bundling cod game one stop review bomb way know know bundling game one dumb,False,0
"Anyone who preorders deserve everything awful about modern COD. All the cheaters, the poor optimizations, the 100 gb extra space needed for skins they dont even own, the EOMM, the awful SBMM. You all deserve the worst, Each year its the same thing, nothing gets changed and becomes worse and ugly.

No video game you hold dear should suffer the fate as COD has inflicted upon itself.",anyone preorders deserve everything awful modern cod cheater poor optimization gb extra space needed skin dont even eomm awful sbmm deserve worst year thing nothing get changed becomes worse ugly video game hold dear suffer fate cod inflicted upon,False,0
"Anyone reading this, please don't buy their slop anymore. You deserve better, you deserve Battlefield 6",anyone reading please dont buy slop anymore deserve better deserve battlefield,False,0
fun thats all i got to say,fun thats got say,True,1
"This game is the epitome of everything wrong with today's online games, but somehow, even worse than pretty much everything combined. It is absolutely baffling to me at how a game series as insanely profitable as CoD have netcode that is 100x worse than games from early 2000s. The game for some god forsaken reason feels the urge to pre load shaders that takes forever damn near every other time you launch the game. Now if that wasn't bad enough as it is, the game FORCES you to be online, even when you are playing the damned campagain, because it does not work offline. BUT HOLD UP, it does not even work WITH internet because why would you ever be allowed to play the content that you payed for eh? Won't even let you get past the opening cinematic without throwing you out of the game stating ""UwU your pwofile was signed out UwU"" LIKE I BEG YOUR BLOODY PARDON?!?!? Its mind numbing at how incompetent the game is as a whole because screw the consumers am i right?
Save yourself the trouble and go play the first three Black Ops",game epitome everything wrong today online game somehow even worse pretty much everything combined absolutely baffling game series insanely profitable cod netcode worse game early game god forsaken reason feel urge pre load shaders take forever damn near every time launch game wasnt bad enough game force online even playing damned campagain work offline hold even work internet would ever allowed play content payed eh wont even let get past opening cinematic without throwing game stating uwu pwofile signed uwu like beg bloody pardon mind numbing incompetent game whole screw consumer right save trouble go play first three black ops,False,0
"I reinstalled the game to play with a friend of mine after a couple of years not playing it,
I had to delete multiple games for the 'initial' 116 GB installation - Just to find out that in order to play Warzone I need to install an extra 150 GB.

Haven't played a minute and I'm uninstalling - Goodbye.",reinstalled game play friend mine couple year playing delete multiple game initial gb installation find order play warzone need install extra gb havent played minute im uninstalling goodbye,False,0
"WHERE IS CALL OF DUTY FEELING, THIS IS PURE F@RTN!TE",call duty feeling pure frtnte,False,0
"da vi eba maikata i tupata igra
",da vi eba maikata tupata igra,False,0
company have zero skills of handling hacker. in 10 games 8 games hackers,company zero skill handling hacker game game hacker,False,0
i hate activision the entire game is bad everything is bad and p2w dont play this game if you want to enjoy anything ever,hate activision entire game bad everything bad pw dont play game want enjoy anything ever,False,0
Same dogshit game every year dont waste your money on this,dogshit game every year dont waste money,False,0
"After months of inactivity, I launched the game. I was greeted with a permanent ban, despite having NO prior warnings/offenses in the past. I've contacted the support multiple times, although assuming that you, by some miracle, would get in touch with an actual human being on the other side, no help and no info at all in my case. I'd advise you to stay away from this bad joke of a company.",month inactivity launched game greeted permanent ban despite prior warningsoffenses past ive contacted support multiple time although assuming miracle would get touch actual human side help info case id advise stay away bad joke company,False,0
I mean its a good game but way too expensive for what it offers.,mean good game way expensive offer,False,0
call of duty is no longer call of duty. just a new fortnite,call duty longer call duty new fortnite,False,0
BO6 typical activision trash. randomly stopped connecting me to my profile a couple weeks ago and have tried everything including figuring out coding to try to fix the problem. Ah yes but that is expected needing to learn code just to play their shitty game,bo typical activision trash randomly stopped connecting profile couple week ago tried everything including figuring coding try fix problem ah yes expected needing learn code play shitty game,False,0
unless u got a bad monitor play this game,unless got bad monitor play game,True,1
"Flashy, fast, formulaic—but still fun. You’ll rage. You’ll requeue. You’ll prestige.",flashy fast formulaicbut still fun youll rage youll requeue youll prestige,True,1
"If this multi billion dollar company was serious about banning cheaters, they could literally easily afford a team to review and ban players, along with an anti cheat.  Pretty gross its gone on this long.
",multi billion dollar company serious banning cheater could literally easily afford team review ban player along anti cheat pretty gross gone long,False,0
"Wanna be Fortnite screw this company ""were to good to fail"" MY ASS idk why I bought all the games from cold war and up 
I believe their are other video games out here to play like LEGO BATMAN!!!!",wanna fortnite screw company good fail as idk bought game cold war believe video game play like lego batman,False,0
orospu evladı activison amına koydugumun call of duty'si orospu cocukları 200 tane stüdyo toplanıp çalışmayan oyun nasıl yapabiliyorsunuz anasını siktiklerim sizi. türkiye'de tek başına oynanabilir ve çalışan oyun yapıyorlar orospu cocugu activision siktir git oyun yapmayı öğren beni ceo al size öğreteyim orospu evlatları sizi,orospu evlad activison amna koydugumun call dutysi orospu cocuklar tane stdyo toplanp almayan oyun nasl yapabiliyorsunuz anasn siktiklerim sizi trkiyede tek bana oynanabilir alan oyun yapyorlar orospu cocugu activision siktir git oyun yapmay ren beni ceo al size reteyim orospu evlatlar sizi,False,0
the game says applying update and sits like this for hours. not worth the money,game say applying update sits like hour worth money,False,0
"lmao this is finnna flop so bad lmao 
",lmao finnna flop bad lmao,False,0
BO7 Will truly be the end of call of duty,bo truly end call duty,False,0
"Rushed but was fun on release
",rushed fun release,False,0
game suck ass people can here me from across the map,game suck as people across map,False,0
"If you're up with the meta you're not going to have a good time, tiktok gun trends and guys running around you in circle killling you with mp5. will wipe whole squad 1 mag - gaben from valve will come for you one day and no regrets will be made",youre meta youre going good time tiktok gun trend guy running around circle killling mp wipe whole squad mag gaben valve come one day regret made,False,0
"Really well made game, movement is extremely good, and gun building and customizing is amazing",really well made game movement extremely good gun building customizing amazing,True,1
"Makes me wanna jump off a bridge would highly recommend 
",make wanna jump bridge would highly recommend,True,1
Newer Activision shooters are a garbage reskined fortnite clone. COD died with OG MW series and Black Ops. I'll stick to setting secure boot and playing Battlefield.,newer activision shooter garbage reskined fortnite clone cod died og mw series black ops ill stick setting secure boot playing battlefield,False,0
Worst update ever.  Too many one hit kills. Ridiculous.,worst update ever many one hit kill ridiculous,False,0
"Call of Duty started as a great mil-sim FPS that competed with Battlefield, Medal of Honor, America’s Army, and Arma. Today it competes against arcade shooters like Apex Legends and Fortnite. The movement is terrible. Jumping, sliding around, sliding sideways while shooting, proning out while shooting is just all way over the top. The skins, non-combat operators, are terrible. Guns that shoot bubbles and lightning bolts are terrible.

On top of that, the gameplay experience is frustrating in other ways. Skill-based matchmaking makes nearly every lobby sweaty and punishing, removing the casual fun that older CoDs were known for. Time-to-kill feels inconsistent, and weapon balance is almost always skewed toward a handful of “meta” guns while the rest of the arsenal feels useless. The store is pushed harder than the game itself, with overpriced bundles and constant cosmetic cash-grabs overshadowing the actual content. And when you finally get into a match, server issues, broken hit detection, and bugs only add to the frustration.

I think if the latest couple of CoD games were named as something different, they would do fine with whatever crowd they attract. As of now, I cannot recommend this game to anyone who expects CoD to be what CoD originally was.",call duty started great milsim fps competed battlefield medal honor america army arma today competes arcade shooter like apex legend fortnite movement terrible jumping sliding around sliding sideways shooting proning shooting way top skin noncombat operator terrible gun shoot bubble lightning bolt terrible top gameplay experience frustrating way skillbased matchmaking make nearly every lobby sweaty punishing removing casual fun older cod known timetokill feel inconsistent weapon balance almost always skewed toward handful meta gun rest arsenal feel useless store pushed harder game overpriced bundle constant cosmetic cashgrabs overshadowing actual content finally get match server issue broken hit detection bug add frustration think latest couple cod game named something different would fine whatever crowd attract cannot recommend game anyone expects cod cod originally,False,0
its call o0f duty yk its good,call duty yk good,True,1
This game is so fun as long as you play with the right people. At least a 8/10 for all games other than Warzone 2&3,game fun long play right people least game warzone,True,1
"BO6:
-MP and Ranked: meh
-Zombies: very good
-Warzone: meh but because of Verdansk it kinda got better

MW3:
-MP and Ranked: was bad
-Campaign: hella dogshit
-Zombies: dont even try it
-Warzone: was really good

MW2:
-Campaign: was good
-MP: was actualy better then MW3 but not by mutch
-Warzone 2.0: just no",bo mp ranked meh zombie good warzone meh verdansk kinda got better mw mp ranked bad campaign hella dogshit zombie dont even try warzone really good mw campaign good mp actualy better mw mutch warzone,False,0
this game makes me wanna go to war with the french... just cause,game make wanna go war french cause,True,1
"Treyarch had 4 years of development time to make black ops 6 and 7, and then decided to make them glorified cartoon shops",treyarch year development time make black ops decided make glorified cartoon shop,False,0
this game sucks dick worse than bonnie blue,game suck dick worse bonnie blue,False,0
stop com banning and fix your bugs wtf,stop com banning fix bug wtf,False,0
"I am a 45 yo father, probably one of the oldest people playing this game. I am a single farther to my Son, who is 14 now. My son got this game for in May 2022 from his uncle, so we installed it on his computer and he started playing. By the end of the week he had 24 hours on this game. This was horrible for me, as it was already hard for me to find ways to spend time with my son, as he is always out with his friends or just watching YouTube. So I decided to get this game to see if I could maybe play alongside him. I loaded into the game, picked my character and world and started playing but I was stuck on what you where supposed to do. I asked my Son for help and he hosted a game for me to join. I loved it as it was the best time I had spent with my Son since my wife had died. This game has ever since brought me and my son closer again and now we actually spend time together outside the house together as well. This game reminded me that there's fun to be had in everything, and it has brought both me and my Son many happy memories.",yo father probably one oldest people playing game single farther son son got game may uncle installed computer started playing end week hour game horrible already hard find way spend time son always friend watching youtube decided get game see could maybe play alongside loaded game picked character world started playing stuck supposed asked son help hosted game join loved best time spent son since wife died game ever since brought son closer actually spend time together outside house together well game reminded there fun everything brought son many happy memory,True,1
fuck ass demons spin at  me like ninja,fuck as demon spin like ninja,False,0
this game is so bad it drives you nuts before you even play fffffffffffffffffffffffffffffffffffffffffffffffffffffffffffffffffffffffffffffffffffffffffffffffffffffffffffffffffffffffffffffffffffffffffffffffffffffffffffffffffffffff,game bad drive nut even play fffffffffffffffffffffffffffffffffffffffffffffffffffffffffffffffffffffffffffffffffffffffffffffffffffffffffffffffffffffffffffffffffffffffffffffffffffffffffffffffffffffff,False,0
"300 and 63 fucking GB to play warzone! Then install, click play, needs restart to play, so I restart. Then I click on warzone and now its iinstalling again and taking an age because shaders are precompiling? What the fuck was it doing before if not installing? Fuck this game",fucking gb play warzone install click play need restart play restart click warzone iinstalling taking age shaders precompiling fuck installing fuck game,False,0
i got buned for someting that i didnt do my brother did only 1 time and its boosting and this bitchs dont want to get me unbaned,got buned someting didnt brother time boosting bitch dont want get unbaned,False,0
"waste of time and storage , dont play if you arent a sweaty jobless kid or unadult",waste time storage dont play arent sweaty jobless kid unadult,False,0
"Recommend Warzone Casual, both Solos and Quads, its the best!  Includes both bots and real players for a healthy balance of fun and sweats.",recommend warzone casual solo quad best includes bot real player healthy balance fun sweat,True,1
"Just buy the old Cods, been playing black ops 2 origins with my best pal in Japan and having a blast. Fuck this new shit that is filled with anime or cartoons, don't even buy the new cod honestly, they will fuck up the 115 group with some corny ass lines",buy old cod playing black ops origin best pal japan blast fuck new shit filled anime cartoon dont even buy new cod honestly fuck group corny as line,False,0
"The game is great! It is not toxic like people say. If you don't bring the toxicity, it won't be there. So just play the game, get those achievements, and remember, respawning will happen. It will all be okay!",game great toxic like people say dont bring toxicity wont play game get achievement remember respawning happen okay,True,1
The biggest bag of shit in existence.,biggest bag shit existence,False,0
"These are not the Numbers,
That Mason remembers.",number mason remembers,False,0
"Black Ops 7 dislike button here : 23 👎


Will update regularly based on the interaction.",black ops dislike button update regularly based interaction,False,0
"Call of Duty is still fun at its core. The gunplay feels tight, movement is solid, and when matches actually run smoothly, it’s some of the most addictive multiplayer you can get. But that’s where the praise ends.

The install size is absurd, 250–300GB+ for a multiplayer shooter is unacceptable. I shouldn’t have to sacrifice half my SSD just to play one mode. Updates are constant, massive, and often break more things than they fix.

SBMM makes casual play feel sweaty every game, while cheaters still slip through despite anti-cheat supposedly being 'improved.' Hit registration is inconsistent, dying behind cover is common, and servers feel unstable for a AAA title. Campaigns have been forgettable, basically glorified tutorials for Warzone.

It’s not a bad game, it’s just a bloated, mismanaged one. Strip down the file size, fix the netcode and anti-cheat, and actually listen to the community, then CoD could be great again. Until then, it’s fun for a few matches… before frustration sets back in.",call duty still fun core gunplay feel tight movement solid match actually run smoothly addictive multiplayer get thats praise end install size absurd gb multiplayer shooter unacceptable shouldnt sacrifice half ssd play one mode update constant massive often break thing fix sbmm make casual play feel sweaty every game cheater still slip despite anticheat supposedly improved hit registration inconsistent dying behind cover common server feel unstable aaa title campaign forgettable basically glorified tutorial warzone bad game bloated mismanaged one strip file size fix netcode anticheat actually listen community cod could great fun match frustration set back,False,0
they wont listen to their fanbase and keep doubling down on stupid skins,wont listen fanbase keep doubling stupid skin,False,0
I just want remasters (not remakes) of Black Ops 2.  Not whatever these sequels have been.  I want the lame slower movement and chunkiness we had in 2012.,want remasters remake black ops whatever sequel want lame slower movement chunkiness,False,0
Whoever made this HQ thing should get fired.,whoever made hq thing get fired,False,0
"One of, if not the best game franchises",one best game franchise,True,1
"kicking me out of matches saying i signed out of my account... regretting the purchase of this game now
",kicking match saying signed account regretting purchase game,False,0
"good until u get fucked in the ass by 4 grown men playing corners
",good get fucked as grown men playing corner,True,1
i love this game alot highly recommend multiplayer for pros,love game alot highly recommend multiplayer pro,True,1
JUST THE GAME WHOLE GAME IS LIKE SO GOOODDDDD PEOPLE ARE SO PRO JUST 1 THING WE NEED A SERER IN INDIA FR,game whole game like goooddddd people pro thing need serer india fr,True,1
can't wait to play battlefield 6,cant wait play battlefield,False,0
this is such a beloved franchise.,beloved franchise,True,1
This fortnite dlc could be better :(,fortnite dlc could better,False,0
"The game is so bad that I regret spending thousands of dollars on it for such a crap. It has no optimization. It's still broken. Anti-cheat doesn't work. They release a new game every year and break it every year. This made me pre-order Battlefield 6. Give it up, Activision. No one will play your game after Battlefield 6 is released. And on top of that Battle Royale Battlefield is so back really dont reallese game every year when the game is broken",game bad regret spending thousand dollar crap optimization still broken anticheat doesnt work release new game every year break every year made preorder battlefield give activision one play game battlefield released top battle royale battlefield back really dont reallese game every year game broken,False,0
"This disgrace shouldn't have been put under the black ops title, its just another copy n pasted MW with more visual slop.",disgrace shouldnt put black ops title another copy pasted mw visual slop,False,0
"Absolute trash, what happened to call of duty, now there is beavis and butthead skins lol",absolute trash happened call duty beavis butthead skin lol,False,0
"if there playing on console there cronnus and if there pc there walls no aim hacks found this to be 9 out of 10 times truth 
",playing console cronnus pc wall aim hack found time truth,False,0
YOU WILL GET PERM BANNED FOR NO FUCKING REASON SHIT FUCKING GAME AND THEY WONT UNBAN ME. PAID MONEY FOR THIS SHIT JUST TO GET PERM BANNED FUCK THIS GAME NEVER PLAYING IT EVER AGAIN,get perm banned fucking reason shit fucking game wont unban paid money shit get perm banned fuck game never playing ever,False,0
DONT EVER BUY ANOTHER COD GAME AGAIN! you suck activison.,dont ever buy another cod game suck activison,False,0
"if you enjoy a toxic community but fun aiming/moving mechanics, should try! :D",enjoy toxic community fun aimingmoving mechanic try,True,1
"ONLY GAME I PLAY, I AM THE HUMAN ANTI-CHEAT
",game play human anticheat,True,1
"greedy company 
doesnt listen to any of the fans 
doesnt upgrade servers
game is always buggy every update",greedy company doesnt listen fan doesnt upgrade server game always buggy every update,False,0
"Wait the last cod was black ops 6 and this one is black ops 7 
6 7 ?",wait last cod black ops one black ops,False,0
Its COD? What else do I need to say?,cod else need say,False,0
140 gb download just for a launcher for games i dont own. warzone is another 30gb ontop of the 140. why not make warzone downloadable seperatley. i understand that this holds shared files for all their games but holy shit i dont own those games. i only wanted free warzone.,gb download launcher game dont warzone another gb ontop make warzone downloadable seperatley understand hold shared file game holy shit dont game wanted free warzone,False,0
"This game does not look good enough to make me wait 10 minutes to update shaders any time the game updates or I install new drivers.

Fun if you have friends to play with, but horribly built and optimized for PC.",game look good enough make wait minute update shaders time game update install new driver fun friend play horribly built optimized pc,False,0
Beloved franchise rode directly into the dirt.,beloved franchise rode directly dirt,False,0
"THIS HAS TO BE THE WORSE MILITARY SHOOTER I HAVE EVER PLAYED!! PLEASE SAVE YOUR MONEY, AND DO YOURSELF A FAVOR AND DONT EVEN GET BLACK OPS 7! BATTLEFIELD 6 IS SO MUCH BETTER !",worse military shooter ever played please save money favor dont even get black ops battlefield much better,False,0
terrible game they said we are too big to fail yet they still failed save your money and buy a GOOD game and not this garbage,terrible game said big fail yet still failed save money buy good game garbage,False,0
"Holly Dog shit, They know the game is so bad I can't even log in. Reset link won't send. Thank god, Val Diff, kys",holly dog shit know game bad cant even log reset link wont send thank god val diff ky,True,1
"A game that you pick up every season for a couple of days or weeks and then drop it until the next season comes out. Many, many flaws with some positives. Just a very mediocre game that everyone may not like.",game pick every season couple day week drop next season come many many flaw positive mediocre game everyone may like,False,0
not worth money and waste of time,worth money waste time,False,0
"It's good for your motor skills, brain exercise and social interactions for even the oldies.",good motor skill brain exercise social interaction even oldie,True,1
"Love the new game modes, definite recommend.",love new game mode definite recommend,True,1
"gme sucks simple as that cant play a match without a cheater in it
",gme suck simple cant play match without cheater,False,0
Quick question when i load up call of duty it says timed out while signing into steam. Reason TRAVIS-RILEA. Anyone got an idea about this glitch,quick question load call duty say timed signing steam reason travisrilea anyone got idea glitch,True,1
"it is so hard to find the new warzone fix your stuff
",hard find new warzone fix stuff,False,0
"Gunplay sucks
Movement sucks
Graphics sucks
Campaign sucks
Zombies sucks

Play literally anything else. Play Halo, play Counter Strike, play Battlefield, Play Black Ops 2, Play Modern Warfare 3 (2011)
XDefiant should've been the nail in the coffin for this slop. Engagement-based matchmaking killed the series.",gunplay suck movement suck graphic suck campaign suck zombie suck play literally anything else play halo play counter strike play battlefield play black ops play modern warfare xdefiant shouldve nail coffin slop engagementbased matchmaking killed series,False,0
i've always wanted to go to the circus,ive always wanted go circus,False,0
"Hello to both sides of Call of duty - the Average TV dinner low life loser that can play this game for hours on end and never get bored / always hungry for silly game play that's getting kinda disappointing / for those who actually have a heart and a few brain cells that run beautifully on what it means to play an actual good game (especially of COD). 

Most of call of duty has done the inevitable like a kid getting pushed down the hill in a shopping kart then after that he eats the ground and breaks his arm, expecting to be all in one piece. It's completely disgraceful to me as a die hard Call of Duty fan, and knowing the fact that your opponent is make a huge comeback in the scene of gaming and they - Battlefield 6 - are marking their territory on you guys and its honestly appealing to me that your competition is now owning you guys.

Now, knowing me I've been playing Call of duty as a young soldier waiting for the combat side of gaming to be my legacy and everything else. But As a guy who wants to see whats best for Call of duty, I've been very very very disappointed with them and haven't seen anything peak in CoD since 2015 (Black ops 3), now with that being said I can no longer fathom what is going on with the silly, dirty, stuck up, sadistic, meatball henchmen of the CoD teams (mainly fuqtivision).

It makes me wonder why the world wants to do this, its like going to watch the horror movie Abigail and just laughing the whole entire time expecting a jump scare when all I see from the horror movie is not scary but it's adorable in a terrible way. I got lost after they got rid of the OG warzone (despite them adding.. Kalahari desert from Mario kart...  my bad i mean Calrdera). and then they added all these new goofy little mechanics that changed my wonderful point of view on the game in warzone 2.0, that should of been a comparison to slimer rancher, i mean cmon acty, you guys are ACTing kinda silly now, pull yourselves together. (you can do it {:   ... ).

Now with that being said now we come down to - first off. I am dealing with a lot of sensitivity with my game, and its not like it normally has been, since season 5 came out, its been a huge embarrassment to the scenery, I mean yea like the characters, kinda but they are like... very irrelevant. (This is an owie for bme to say this) The skins are kinda copy and paste kinda like your international worst nightmare, Fortnite. I promised myself to not compare this game to fortnite, but you kinda did it to yourselves on that one. Cope and paste, terrible battle royale textures and for me its  like pri...I'm not gonna go there today,

Now for me its just feelinmg like you guys are lost in the production maze.. HEY ACTIVISION... DO YOU GUYS NEED A MAP FOR YOU AND YOUR PITY PARTIES YOU THROW ON COD? Or Are you ready to come out of your disgusting man cave and actually get yourselves into gear. You guys aren't getting any younger  I hope you know.

In conclusion there aren't any other things I should put out - even though I really want to - cause most of it is pretty straight forward from there. I will keep playing CoD but only games like Ghosts and Bo3 and CoD 4 MW. Till then I'm not interesting in the love triangle you guys are trying to stir me into... on thank you.",hello side call duty average tv dinner low life loser play game hour end never get bored always hungry silly game play thats getting kinda disappointing actually heart brain cell run beautifully mean play actual good game especially cod call duty done inevitable like kid getting pushed hill shopping kart eats ground break arm expecting one piece completely disgraceful die hard call duty fan knowing fact opponent make huge comeback scene gaming battlefield marking territory guy honestly appealing competition owning guy knowing ive playing call duty young soldier waiting combat side gaming legacy everything else guy want see whats best call duty ive disappointed havent seen anything peak cod since black ops said longer fathom going silly dirty stuck sadistic meatball henchman cod team mainly fuqtivision make wonder world want like going watch horror movie abigail laughing whole entire time expecting jump scare see horror movie scary adorable terrible way got lost got rid og warzone despite adding kalahari desert mario kart bad mean calrdera added new goofy little mechanic changed wonderful point view game warzone comparison slimer rancher mean cmon acty guy acting kinda silly pull together said come first dealing lot sensitivity game like normally since season came huge embarrassment scenery mean yea like character kinda like irrelevant owie bme say skin kinda copy paste kinda like international worst nightmare fortnite promised compare game fortnite kinda one cope paste terrible battle royale texture like priim gonna go today feelinmg like guy lost production maze hey activision guy need map pity party throw cod ready come disgusting man cave actually get gear guy arent getting younger hope know conclusion arent thing put even though really want cause pretty straight forward keep playing cod game like ghost bo cod mw till im interesting love triangle guy trying stir thank,False,0
"This was peak, cod sucks in 2025",peak cod suck,True,1
"My friend who I play Counter Strike 2 with said if I post a review on this game and it gets 1000 likes and 500 Awards that he will buy me a RTX 5090 . So I'm just gonna leave this here Help a brotha ~
　
　
　　　 　　／＞　　フ
　　　 　　| 　_　 _ l
　 　　 　／` ミ＿xノ
　　 　 /　　　 　 |
　　　 /　 ヽ　　 ﾉ
　 　 │　　|　|　|
　／￣|　　 |　|　|
　| (￣ヽ＿_ヽ_)__)
　＼二つ",friend play counter strike said post review game get like award buy rtx im gonna leave help brotha,True,1
very fun its super cool to play with your friends but the game makes you want to say a insane combo of slurs and it makes you wanna die sometimes,fun super cool play friend game make want say insane combo slur make wanna die sometimes,True,1
Garbage Cash grab rinse and repeat slop. Both bo7 and 6,garbage cash grab rinse repeat slop bo,False,0
this game makes makes me constantly have brain anyerisums on a day to day basis. 80% of the time im dead to grenades or lag.,game make make constantly brain anyerisums day day basis time im dead grenade lag,True,1
"good for youtube gameplay, also is fun PLS BRING BACK OG WARZONE",good youtube gameplay also fun pls bring back og warzone,True,1
"Fkin dogshit clown ass game, wtf is BO7 cocaine party GG dead game.",fkin dogshit clown as game wtf bo cocaine party gg dead game,False,0
game is fun if you're good at it,game fun youre good,True,1
"COD HQ just occupies disk space so you cant download any other games and makes you play cod everytime

btw, making BO7 10€ more in Europe is an horrible decision.",cod hq occupies disk space cant download game make play cod everytime btw making bo europe horrible decision,False,0
"I love this game. Running into cheaters and level 1000 prestige masters sucks. However, I feel like people make a lot of excuses just to bag on the game, while they are just not very good at it. I’ve been called a hacker, cheater, and sweaty while not being particularly great at the game myself. I don’t have any latency or graphics issues that I see complained about frequently either.

P.S. Don’t @ me, but I also liked the campaign. 😬",love game running cheater level prestige master suck however feel like people make lot excuse bag game good ive called hacker cheater sweaty particularly great game dont latency graphic issue see complained frequently either p dont also liked campaign,True,1
what have they done with my boy? this game is 100% unrecognizable from COD1,done boy game unrecognizable cod,False,0
The game is free yet i still feel like i payed to much,game free yet still feel like payed much,False,0
"this has got to be the most horrific downfall ever witnessed, personally i like the game and its features however the player base is filled with hackers and people who cannot control their rage, games dont even last 5 min anymore because of how bad the hackers are. if you want to play the multiplayer side you pretty much require cheats of your own. the story line is all over the place and just overall confusing. i would rather chop all of my limbs off then play this one more time. Hope to see you all on Battlefield 6",got horrific downfall ever witnessed personally like game feature however player base filled hacker people cannot control rage game dont even last min anymore bad hacker want play multiplayer side pretty much require cheat story line place overall confusing would rather chop limb play one time hope see battlefield,False,0
"if youre looking to rage bc hackers are EVERYWHERE on ranked, then this is the game for you!!!! but also its fun to play when its acting right / hackers not in game etc...",youre looking rage bc hacker everywhere ranked game also fun play acting right hacker game etc,True,1
i consider it fun but others beg to differ,consider fun others beg differ,True,1
"My first COD game, and my last. Game not even a year old so I bought it and 2 days later BO7 was announced, LOL. 
Crashes, repetitive maps so boring, all guns easy to use and feel the same, toxic community, no new content.
Other free FPS games do it better, this was a total waste of money.

Cherry on top now why I'm writing this., Not only they haven't fixed most of the issues I'm facing in this game, they're already trying to sell me BO7 in the shop. Now I understand why player base hates this company.",first cod game last game even year old bought day later bo announced lol crash repetitive map boring gun easy use feel toxic community new content free fps game better total waste money cherry top im writing havent fixed issue im facing game theyre already trying sell bo shop understand player base hate company,False,0
Call Of Fortnite need I say more?,call fortnite need say,False,0
this game is ass now :{,game as,True,1
10/10 would recommend if you love yelling at teammates with 0.8 K/Ds while going up against 6 master prestige's all max  level and 4.0 K/Ds after just the round before going 30-15 and having a 2.0 K/D. Skill based matchmaking is great :),would recommend love yelling teammate kds going master prestige max level kds round going kd skill based matchmaking great,True,1
i cant fucking play this game,cant fucking play game,False,0
"Aim assist for controllers is too strong. Cant play against them with mouse and keyboard. Only chance is to play sniper or shotgun and be the first to shoot. If you miss, youre gonna get killed in 0.3 seconds from 200 m away by an smg.",aim assist controller strong cant play mouse keyboard chance play sniper shotgun first shoot miss youre gonna get killed second away smg,False,0
"good but if you have anger issue not good
",good anger issue good,True,1
I don't know which game im supposed to review but the COD HQ is decent i guess,dont know game im supposed review cod hq decent guess,True,1
it is a fucking amazing game to play,fucking amazing game play,True,1
Black Ops 6 has been nothing but a bore with zero fun or challenge when compared to mw2/3. It just regurgitates old maps and adds new pay to win content when they need more money. Events don't even matter. Whatever event or battle season you miss you can just unlock the content in the armor or pay for it.  This game has become a real let down in the entire series for me.,black ops nothing bore zero fun challenge compared mw regurgitates old map add new pay win content need money event dont even matter whatever event battle season miss unlock content armor pay game become real let entire series,False,0
"I’ve put in more hours than I’d like to admit into CoD over the years, and honestly… it’s never been in a worse state. Support? Nonexistent. Try reaching out and you’ll either get a copy-paste bot response or no answer at all. It’s like Activision is actively allergic to fixing real problems.

Anti-cheat? Don’t make me laugh. It’s supposed to be ""Ricochet,"" but it feels like it’s either go big or go home Valorant-style kernel-level intrusion OR absolutely nothing. Meanwhile, lobbies are a cesspool of wallhacks, aimbots, and closet cheaters who have been blatantly ruining games for months. The sheer number of cheaters is insane. I’ve played F2P garbage with better integrity.

And the player models/skins? What even is this game anymore? I signed up to play a military FPS, not Fortnite with Muppets. Cartoon operators, glow-in-the-dark skins, anime crossovers—it kills any kind of immersion. CoD used to feel like a shooter; now it’s a cash shop masquerading as one. Give me soldier models only, grounded and gritty, not whatever this clown show is supposed to be.

But the absolute cherry on top: communication bans in a rated M game. Why? It’s literally marketed as ""intense violence, blood, gore, strong language."" Yet somehow, me dropping a swear word or flaming a cheater is ban-worthy? It’s a joke. 

At this point, I’m convinced they don’t care about player experience at all.",ive put hour id like admit cod year honestly never worse state support nonexistent try reaching youll either get copypaste bot response answer like activision actively allergic fixing real problem anticheat dont make laugh supposed ricochet feel like either go big go home valorantstyle kernellevel intrusion absolutely nothing meanwhile lobby cesspool wallhacks aimbots closet cheater blatantly ruining game month sheer number cheater insane ive played fp garbage better integrity player modelsskins even game anymore signed play military fps fortnite muppets cartoon operator glowinthedark skin anime crossoversit kill kind immersion cod used feel like shooter cash shop masquerading one give soldier model grounded gritty whatever clown show supposed absolute cherry top communication ban rated game literally marketed intense violence blood gore strong language yet somehow dropping swear word flaming cheater banworthy joke point im convinced dont care player experience,False,0
"★☆☆☆☆ – COD’s TPM 2.0 Lockout is a Scam

Activision just bricked older PCs with their forced TPM 2.0 update—a fake ""security"" move that does nothing to stop cheaters. My rig ran Warzone flawlessly for years, but now I’m locked out because of corporate greed.

Meanwhile, actual hackers still dominate lobbies, and $20 skins get priority over gameplay. No warning, no fix—just ""buy new hardware or quit.""

Pathetic. If Valorant’s anti-cheat works without TPM, this is pure laziness. Activision would rather extort players than improve their broken game.

Never buying COD again.",cod tpm lockout scam activision bricked older pc forced tpm updatea fake security move nothing stop cheater rig ran warzone flawlessly year im locked corporate greed meanwhile actual hacker still dominate lobby skin get priority gameplay warning fixjust buy new hardware quit pathetic valorants anticheat work without tpm pure laziness activision would rather extort player improve broken game never buying cod,False,0
"Full of BUGS!!! keeps crashing on my Gaming laptop !!!
",full bug keep crashing gaming laptop,False,0
these days are worst days of cod series,day worst day cod series,False,0
"In a just world, the devs who worked on this would be homeless beggars.",world devs worked would homeless beggar,False,0
"the game is fluid but over run with cheaters
",game fluid run cheater,True,1
"takes far to meany bullets to drop a player how do u take 15 head shoots and are still alive i only downloaded the game cuz i needed to check my nat type lol
",take far meany bullet drop player take head shoot still alive downloaded game cuz needed check nat type lol,False,0
"i got to shoot gun

10/10 would recommend",got shoot gun would recommend,True,1
idk i don't play cod alot but thought this was decent,idk dont play cod alot thought decent,True,1
w gae (Jk trash game dont touch it !),gae jk trash game dont touch,True,1
Constantly having issues with Direct-X and COD conflicting so the game crashes more often than I can finish matches. Never had these kinds of issues in BLOPS2,constantly issue directx cod conflicting game crash often finish match never kind issue blops,False,0
Same as the last game and the 2 before it,last game,False,0
"not bad, classic reminds me of black ops 1. There is a lot of micro transactions though. 4/5",bad classic reminds black ops lot micro transaction though,True,1
funny game with mates and mainly on fun with mates cause no one uses their mics,funny game mate mainly fun mate cause one us mics,True,1
"goated game, js dont play on a low end pc like me.
",goated game j dont play low end pc like,True,1
"I love the art of war. need improve my pc , so i can view better world detail.",love art war need improve pc view better world detail,True,1
"Absolute ass, full of microtransactions and just horribly programmed",absolute as full microtransactions horribly programmed,False,0
love and hate the game hcakers are very annoying,love hate game hcakers annoying,True,1
"Easily the worst, most dog shit fucking game on the market and it's not even close lmao. Whether it's the cheaters in literally every game, the absolute over tuned aim assist, the one shotting secondary shotgun, the same retards dick riding one and only one gun for 3000 hours to sweat their ass off in an unranked lobby for some clout demon succubus, you fucking name it. This game is the worst, if I can deter even one player from even checking it out on gamepass for .99 cents my job is complete. Stay away from this dogshit and save yourself the trouble.",easily worst dog shit fucking game market even close lmao whether cheater literally every game absolute tuned aim assist one shotting secondary shotgun retard dick riding one one gun hour sweat as unranked lobby clout demon succubus fucking name game worst deter even one player even checking gamepass cent job complete stay away dogshit save trouble,False,0
"Very NICE GAME, LOVE GETTING SPAWN KILLED AND SHOT OUT OF THE AIR. PLEASE BUY THIS.
",nice game love getting spawn killed shot air please buy,True,1
"This game is pretty fun if you dont rage, it is very addicting
",game pretty fun dont rage addicting,True,1
"game developed by morons, can't get past the main menu without crashing",game developed moron cant get past main menu without crashing,False,0
"why does a ♥♥♥♥♥♥♥ launcher need 116 GBs to open to a bunch of restarts and then to a screen to download even more bs. 300 GBs for bo6? the launcher was 116 alone... now you want 150 for warzone. lets do the math here, thats 566GBs all across for JUST THOSE THREE. you basically need a whole storage drives jus to run the stupid game. not to menion once you get passed all of this, the game isn't even enjoyable. it makes you a suicidal depressed antisocial reject like most gen z kids. you will start harming yourself after giving this game atleast 100 hours of your time. you will feel pain and anger coming before it even hits you. and dont get me started on the cheaters, every game is like a surprise. am i gonna die to a cheater or have a good game? well think not because you wont. this game is single handidly the worst game for your mental health there could be. if i were to recommend this game. no. no i wouldnt. i would recommend anything over this as you can atleast spare some mental capacity. oh and some storage!",launcher need gb open bunch restarts screen download even b gb bo launcher alone want warzone let math thats gb across three basically need whole storage drive jus run stupid game menion get passed game isnt even enjoyable make suicidal depressed antisocial reject like gen kid start harming giving game atleast hour time feel pain anger coming even hit dont get started cheater every game like surprise gonna die cheater good game well think wont game single handidly worst game mental health could recommend game wouldnt would recommend anything atleast spare mental capacity oh storage,False,0
is call of duty so yes,call duty yes,True,1
if u like to verse ppl with good gaming chairs and be shadow banned when your too good i recommend,like verse ppl good gaming chair shadow banned good recommend,True,1
"Activision is a thiSgoD company - wont merge my xbox gamepass account that is master prestige to my Steam and swear up and down they ""cant delete accounts"". They outsourced ALL of their IT support to capitalize gains, and the consumer suffers. DAWGSHET",activision thisgod company wont merge xbox gamepass account master prestige steam swear cant delete account outsourced support capitalize gain consumer suffers dawgshet,False,0
"(For Black Ops 6)

---{ Graphics }---
☐ You forget what reality is
☐Beautiful
☑ Good
☐ Decent
☐ Bad
☐ Don‘t look too long at it
☐ MS-DOS

---{ Gameplay }---
☐ Very good
☐ Good
☐ It's just gameplay
☐ Mehh
☑ Watch paint dry instead
☐ Just don't

---{ Audio }---
☐ Eargasm
☑ Very good
☐ Good
☐ Not too bad
☐ Bad
☐ I'm now deaf

---{ Audience }---
☑ Kids
☑ Teens
☑ Adults
☐ Grandma

---{ PC Requirements }---
☐ Check if you can run paint
☐ Potato
☐ Decent
☐ Fast
☑ Rich boi
☐ Ask NASA if they have a spare computer

---{ Game Size }---
☐ Floppy Disk
☐ Old Fashioned
☐ Workable
☐ Big
☐Will eat 15% of your 1TB hard drive
☑ You will want an entire hard drive to hold it
☐ You will need to invest in a black hole to hold all the data

---{ Difficulty }---
☐ Just press 'W'
☐ Easy
☑ Easy to learn / Hard to master
☐ Significant brain usage
☐ Difficult
☐ Dark Souls

---{ Grind }---
☐ Nothing to grind
☐ Only if u care about leaderboards/ranks
☐ Isn't necessary to progress
☐ Average grind level
☑ Too much grind
☐ You'll need a second life for grinding

---{ Story }---
☑ No Story
☐ Some lore
☐ Average
☐ Good
☐ Lovely
☐ It'll replace your life

---{ Game Time }---
☐ Long enough for a cup of coffee
☐ Short
☑ Average
☐ Long
☐ To infinity and beyond

---{ Price }---
☐ It's free!
☐ Worth the price
☐ If it's on sale
☐ If u have some spare money left
☐ Not recommended
☑ You could also just burn your money

---{ Bugs }---
☐ Never heard of
☐ Minor bugs
☐ Can get annoying
☐ ARK: Survival Evolved
☑ The game itself is a big terrarium for bugs

---{ ? / 10 }---
☐ 1
☑ 2
☐ 3
☐ 4
☐ 5
☐ 6
☐ 7
☐ 8
☐ 9
☐ 10

Black Ops 6 is a shell of what Black Ops once was. BO6 is really just made for money, and only money. This awful microtransaction simulator has all military themes sucked out of it by Beavis and Butthead running around, with the occasional American Dad. Activision is just trying to make COD Fortnite, ruining the game for anybody over the age of 13. Activision, we want a multiplayer action shooter with GOOD GRAPHICS and GOOD GAMEPLAY. We want MILITARY INSPIRED SKINS AND GUNS AND NOT BEAVIS AND BUTTHEAD KICKING ME IN THE BALLS AS A FINISHER. So disappointed in the franchise. Honestly, I'm switching over to Battlefield.",black ops graphic forget reality beautiful good decent bad dont look long msdos gameplay good good gameplay mehh watch paint dry instead dont audio eargasm good good bad bad im deaf audience kid teen adult grandma pc requirement check run paint potato decent fast rich boi ask nasa spare computer game size floppy disk old fashioned workable big eat tb hard drive want entire hard drive hold need invest black hole hold data difficulty press easy easy learn hard master significant brain usage difficult dark soul grind nothing grind care leaderboardsranks isnt necessary progress average grind level much grind youll need second life grinding story story lore average good lovely itll replace life game time long enough cup coffee short average long infinity beyond price free worth price sale spare money left recommended could also burn money bug never heard minor bug get annoying ark survival evolved game big terrarium bug black ops shell black ops bo really made money money awful microtransaction simulator military theme sucked beavis butthead running around occasional american dad activision trying make cod fortnite ruining game anybody age activision want multiplayer action shooter good graphic good gameplay want military inspired skin gun beavis butthead kicking ball finisher disappointed franchise honestly im switching battlefield,False,0
dont buy this game i put 571 hours into it to get perm banned for people reporting me on warzone all that time wasted because cods anticheat is terrible save your time and money people,dont buy game put hour get perm banned people reporting warzone time wasted cod anticheat terrible save time money people,False,0
you will be shadowbaned if someone reports you do not play complete waste of time even when your not being shadowbaned because someones mad you killed them the game is unplayable.,shadowbaned someone report play complete waste time even shadowbaned someone mad killed game unplayable,False,0
is not worth playing cod anymore they ruined the game. Battlefield 6 is how war games should be not have rainbow skins and celebrities like Nicki Minaj has to do with war. COD was good when they made warzone during covid really enjoyed it untill HACKERS ruined it and they dont do nothing about it bc they the ones selling them probably. Battlefield will take over this year is a shame tho bc COD made history,worth playing cod anymore ruined game battlefield war game rainbow skin celebrity like nicki minaj war cod good made warzone covid really enjoyed untill hacker ruined dont nothing bc one selling probably battlefield take year shame tho bc cod made history,False,0
i like it but call of duty games are overpriced,like call duty game overpriced,True,1
shit ass kkr hoere kut game de la merde,shit as kkr hoere kut game de la merde,False,0
"amazing pace of game, and strong game indeed",amazing pace game strong game indeed,True,1
"its bo6, came out to early and just all in all thrown together, the main story is good but everything other than that is unoriginal dogshit that you have to deal with to get good skins.",bo came early thrown together main story good everything unoriginal dogshit deal get good skin,False,0
easter eggs are literally impossible to do in zombies because the game will sign you out and make you lose hours of progress!! whoever made this system is so fucking stupid :))),easter egg literally impossible zombie game sign make lose hour progress whoever made system fucking stupid,False,0
horror game. dont download unless you want them to take up 400gb of space.,horror game dont download unless want take gb space,False,0
HOW TO BUY CP WHIT STEAM WALLET?,buy cp whit steam wallet,True,1
"good for an fps game. Pretty cool but also competitive
",good fps game pretty cool also competitive,True,1
"i just miss the 1.99 Bacon Camo from Blops2, now everything is more expensive, worse to play and no option to toggel away all these feces-skins the game sells. Dont play it, not worth your time imo",miss bacon camo blops everything expensive worse play option toggel away fecesskins game sell dont play worth time imo,False,0
PLAYED MW1 BACK IN THE DAY WHEN COD FIRST GOT POPULAR ONLINE. COME BACK TO THIS ITS STILL JUST AS FUN.,played mw back day cod first got popular online come back still fun,True,1
this game horrible i do not like it but yet i am addicted. please help me out of this hell.,game horrible like yet addicted please help hell,True,1
"this game is one of the worst in the series dont get it even if its free, they dont listen to anything that there community says and just want ur money.  Game is terrible terrible terrible I wish I never got it so I didnt waste so much time.",game one worst series dont get even free dont listen anything community say want ur money game terrible terrible terrible wish never got didnt waste much time,False,0
The last Call of Duty I will buy. Absolutely horrible matchmaking and is the single worst multiplayer I have ever played. I wish I could get my 200 Hours of life back.,last call duty buy absolutely horrible matchmaking single worst multiplayer ever played wish could get hour life back,False,0
"i love this game its fun
",love game fun,True,1
why would i do a positive review,would positive review,False,0
100gb for fucking nothing bc you have to install another fucking game to even be able to play warzone this is the worst design i have ever fucking seen in my life,gb fucking nothing bc install another fucking game even able play warzone worst design ever fucking seen life,True,1
This game is my dream game. I hope to achieve it one day.,game dream game hope achieve one day,True,1
"Call of Duty sucks now. This series used to be all about semi realistic military pvp.  We had meaningful campaigns, and online PvP was a uniform experience. 

Then esports and micro-transactions took off and COD has never been the same. Now we have skins that do not fit the in game world. People running around dressed up like ducks, zombies, nicki minaj, etc... Shooting bubbles from their smg's. 

Heck, some games didn't even give us a campaign. What happened to this franchise? 

World at War was peak. So was the original Modern Warfare trilogy. 

These games were great and I miss that rush these games used to offer. 

Unfortunately, as time has passed, you rarely find a cheat free lobby in these older titles.


I think the COD franchise needs to separate into different experiences, one for the ridiculous skin and event players, one for the traditional old heads.",call duty suck series used semi realistic military pvp meaningful campaign online pvp uniform experience esports microtransactions took cod never skin fit game world people running around dressed like duck zombie nicki minaj etc shooting bubble smgs heck game didnt even give u campaign happened franchise world war peak original modern warfare trilogy game great miss rush game used offer unfortunately time passed rarely find cheat free lobby older title think cod franchise need separate different experience one ridiculous skin event player one traditional old head,False,0
"Fucking ass game, dont buy anything that treyarch made.",fucking as game dont buy anything treyarch made,True,1
This is the worst COD I have ever played. We are on season 5 and still have glitches and errors in the game from the Beta. I love the franchise but at this point I would rather play Hello Kitty Island because at least if I am going to waste my time I want to waste my time at least playing a game.,worst cod ever played season still glitch error game beta love franchise point would rather play hello kitty island least going waste time want waste time least playing game,False,0
"god awful piece of garbage, i would rather get into a horrific car crash and lose all of my limbs and the ability to reproduce, than play one more round with cheating,sweaty losers that have never felt the touch of a woman, and the worst part is that the anti cheat is a joke,literally you can report a cleeeaarrr cheater and you know whats gonna happen!!!!!!! absolutely fucking nothing, and this is coming from a person who literally has 690 hours in the game, whoever made this piece of garbage joke of an anti cheat should be fired, and made to never be able to reproduce again",god awful piece garbage would rather get horrific car crash lose limb ability reproduce play one round cheatingsweaty loser never felt touch woman worst part anti cheat jokeliterally report cleeeaarrr cheater know whats gonna happen absolutely fucking nothing coming person literally hour game whoever made piece garbage joke anti cheat fired made never able reproduce,False,0
game is so ass i keep crashing the game asnd i spend  40 dollars on it dont buy,game as keep crashing game asnd spend dollar dont buy,False,0
So I use to grow up playing COD always been a fan but recently i have been playing battlefield 6 beta test and i just want to say there is a major difference in style and TBH COD needs to take notes on battlefields action instead of making profit off of skin they should listen to players not streamers!!! players and improve on everything they do from now on i have deleted my account and i look forward to playing and doing business with Battlefield!!!!,use grow playing cod always fan recently playing battlefield beta test want say major difference style tbh cod need take note battlefield action instead making profit skin listen player streamer player improve everything deleted account look forward playing business battlefield,False,0
Great game but has a lot of cheaters,great game lot cheater,True,1
The best way to torture yourself.,best way torture,True,1
crashes all the time even after having all the drivers and other programs up to date.[,crash time even driver program date,False,0
"too much carton for a shooter game i mean it's not fortnite should be more call of duty
",much carton shooter game mean fortnite call duty,False,0
it is a awesome sauce action fps game for really skilled people it has a multiplayer option and a resurgence option as well this normal is free but multiplayer is 60-100 dollars but it is worth the money i have over 2000 hours and have been playing sense the og cod and enjoyed it so take it from me  and get it now,awesome sauce action fps game really skilled people multiplayer option resurgence option well normal free multiplayer dollar worth money hour playing sense og cod enjoyed take get,True,1
i have tpm 2 enabled but game does not detect it even though vanguard can making the game unplayable,tpm enabled game detect even though vanguard making game unplayable,False,0
"Campers every game as per usual. And they allowance of china DOGS, is ruining the game. Banning me for offensive chat but not the cheaters is crazy.",camper every game per usual allowance china dog ruining game banning offensive chat cheater crazy,False,0
kkr spel kga eccht nog van een brug jumpen ofzo hierdoor,kkr spel kga eccht nog van een brug jumpen ofzo hierdoor,False,0
"came back just to play it after months and I thought I can play it without a problem, but guess what? I spend an entire day just to fix errors and still couldn't get in to the main menu of the game",came back play month thought play without problem guess spend entire day fix error still couldnt get main menu game,False,0
its so fun idk why it is so overhated,fun idk overhated,True,1
"I was one of the first players in this game. In the beginning it was an awesome feeling to get to level 60, grinding to get materials, dungeons with your friends and PVP-aspect was really good. But then the end-game became only the chest runs and trying to get your armor-rating up and nothing else. I recently saw the new updates for late game and I was thrilled to give this game one more chance. It felt good to chop-down trees, trying to get your trade-skills up and over-all PVE aspect. Then  I wanted to try new dungeons and saw what game has brought after all this time. Well most of the end-game maps require you to be 65 level. I tried to get to level 65 and there was a problem. No matter what i do, i just couldn't level up. Then it hit me. I must buy the DLC to reach level 65. What a load of crap. I was playing this game when it had several thousand players daily in EU servers. Not it has 6000-7000. All the servers merged and now you have only 3 and one of them is not even worth it due to low population. Players like me want to return and experience the new end-game content and you sell it to a price close to the main game. AGS i was just thinking that may be years of your failure gave you clarity on what you have done wrong but here you are denying the returning players to enjoy all of the new end-game contents. Cause no point of playing the game if you cannot reach level 65. Dear AGS if you do not plan on commiting slow suicide, fix your DLC price or make it completely free for all the players that left the game and lure them with feelings of nostalgia. Then you can make money on new Costumes or Season Passes.",one first player game beginning awesome feeling get level grinding get material dungeon friend pvpaspect really good endgame became chest run trying get armorrating nothing else recently saw new update late game thrilled give game one chance felt good chopdown tree trying get tradeskills overall pve aspect wanted try new dungeon saw game brought time well endgame map require level tried get level problem matter couldnt level hit must buy dlc reach level load crap playing game several thousand player daily eu server server merged one even worth due low population player like want return experience new endgame content sell price close main game ag thinking may year failure gave clarity done wrong denying returning player enjoy new endgame content cause point playing game cannot reach level dear ag plan commiting slow suicide fix dlc price make completely free player left game lure feeling nostalgia make money new costume season pass,False,0
"Remove the kick option from your trash player base.
The game is unplayable.",remove kick option trash player base game unplayable,False,0
"With a more streamlined combat system, it allows for more dynamic and interactive gameplay that places it on a different level than the traditional, top-down MMO combat.

Has come a long ways since launch to find its footing as a top tier MMO - I really suggest giving it a try!",streamlined combat system allows dynamic interactive gameplay place different level traditional topdown mmo combat come long way since launch find footing top tier mmo really suggest giving try,True,1
The game KEEP CRASHING in loading screens. I been trying to play now for 30 mins and still couldnt. I restarted 3 times. I am done. Deinstalled.,game keep crashing loading screen trying play min still couldnt restarted time done deinstalled,False,0
"best combat in an mmo, state of the game since launch is pretty good, ive been having a good time",best combat mmo state game since launch pretty good ive good time,True,1
"lacks content, end game is boring",lack content end game boring,False,0
"Overall a fun MMO, but I'm still confused about how Aeternum differs from the original New World launch.",overall fun mmo im still confused aeternum differs original new world launch,True,1
"Avoid it. The game has potential, which is what we've been saying for years, but the devs are absolute trash. Genuinely one of the worst dev teams in gaming history. These people are completely incompetent, don't communicate, and refuse to listen to player feedback. If you're new and decide to try it out, don't think you're stepping into a healthy game - we have a steadily declining playerbase, and recently went through a round of mass server closures. I don't think it will be shutting down anytime soon since there seems to be a bit of a sunk costs fallacy at work here for AGS. The sad reality is it will most likely continue to hobble along with a few thousand concurrent players and experience a few small spikes around seasonal ""content."" The long-term viability of the game is certainly something to think about before you buy, and it does not look good. The state of the game since launch is entirely due to deliberate decisions made by the devs. About 5 years and these people have learned nothing. Additionally, the dev team has no concept of balancing weapons in PVP, or no intention of doing it. I think its more likely that the idea simply exceeds their grasp. The dev team is incapable of doing this even at a core level of gameplay, like ranged vs melee. This leads to a situation where a very small handful of builds outperform literally anything else in the game, so everyone runs these builds. This is doubly true for gear perks - despite over a hundred different weapon/armor perks existing in the game, you will choose between 3 or 4 for both PVE and PVP. Nothing else is remotely viable in end game content. This fundamentally undermines what should be the most engaging combat style in any MMO. 

TLDR? What should be one of the best games in the category is one of the worst solely because of the people running it. These people shouldn't be in charge of a mobile game let alone an MMO.",avoid game potential weve saying year devs absolute trash genuinely one worst dev team gaming history people completely incompetent dont communicate refuse listen player feedback youre new decide try dont think youre stepping healthy game steadily declining playerbase recently went round mass server closure dont think shutting anytime soon since seems bit sunk cost fallacy work ag sad reality likely continue hobble along thousand concurrent player experience small spike around seasonal content longterm viability game certainly something think buy look good state game since launch entirely due deliberate decision made devs year people learned nothing additionally dev team concept balancing weapon pvp intention think likely idea simply exceeds grasp dev team incapable even core level gameplay like ranged v melee lead situation small handful build outperform literally anything else game everyone run build doubly true gear perk despite hundred different weaponarmor perk existing game choose pve pvp nothing else remotely viable end game content fundamentally undermines engaging combat style mmo tldr one best game category one worst solely people running people shouldnt charge mobile game let alone mmo,False,0
Don't listen to the negative reviews. The game looks and plays amazing even on a 1080. I've played WoW for 20 years and was looking for a new mmo to pickup. New world is awesome and a great change.. would recomend to anyone looking for a new game.,dont listen negative review game look play amazing even ive played wow year looking new mmo pickup new world awesome great change would recomend anyone looking new game,True,1
"Used to be able to move characters between regions, they disabled it... I'm out...",used able move character region disabled im,False,0
"Awesome crafting system, fun atmosphere and the PVP is amazing. Just feels like there needs to be more to do when you reach end game but aside from that GREAT game.",awesome crafting system fun atmosphere pvp amazing feel like need reach end game aside great game,True,1
"Good game i like the game play and the game in general,",good game like game play game general,True,1
"Returning after a few years, the game is great now. Def worth a buy",returning year game great def worth buy,True,1
"game does not run. crash. 
When troubleshooting, amazon make it my job.
amazon break it, but i have to fix it.  zero star",game run crash troubleshooting amazon make job amazon break fix zero star,False,0
TBH just play FFXIV or wow. Maybe even consider going outside and touching grass before touching this dumpsterfire of a game.,tbh play ffxiv wow maybe even consider going outside touching grass touching dumpsterfire game,False,0
"Honestly a great game, If you are a first time player it is 100% worth it. It has a great Early-Endgame and was fun throughout.
Just wish it had more care and content being pumped into it rather than just Battle Passes. Hoping that it either starts getting the love and content it deserves or a New World 2 in the future. I would love to comeback and play more.",honestly great game first time player worth great earlyendgame fun throughout wish care content pumped rather battle pass hoping either start getting love content deserves new world future would love comeback play,True,1
"great game, love it a ton!",great game love ton,True,1
unplayable piece of shit. on rtx5080 textures flickering like crazy... (only this game have this trouble),unplayable piece shit rtx texture flickering like crazy game trouble,False,0
"first real mmo very fun. Game seems dead and performance wasnt the best but it was fun while it lasted 


7.5/10",first real mmo fun game seems dead performance wasnt best fun lasted,True,1
"It's one of those trap games, gatekeeping the endgame until you spend hundreds of hours and when you reach there, you just find out how mentally disabled the development team is. PVPwise, extreme imbalance in builds make it either extremely easy to kill people or just impossible. You will rarely find some fights where the winner is decided by better choices or skill. PVEwise, it's not bad to spend your time walking around and looting chests or gathering stuff, but there are other MMOs doing it much better than this one. 

Every new patch / season, you expect them to fix the bugs and imbalance in the game, but instead, they just ruin it even more by adding some overpowered none-sense weapon/artifact/item. 

I will come back to see if they actually do it right this time in the next patch of Season 10. But until seeing that they actually do that, don't fall into this trap game and don't waste your time. If they somehow magically fix the game, I will edit this review.",one trap game gatekeeping endgame spend hundred hour reach find mentally disabled development team pvpwise extreme imbalance build make either extremely easy kill people impossible rarely find fight winner decided better choice skill pvewise bad spend time walking around looting chest gathering stuff mmos much better one every new patch season expect fix bug imbalance game instead ruin even adding overpowered nonesense weaponartifactitem come back see actually right time next patch season seeing actually dont fall trap game dont waste time somehow magically fix game edit review,False,0
so far I'm having a blast,far im blast,True,1
"Bought this on launch and stuck with it for a couple of years. Eventually gave up with countless problems and bugs that broke the game. Took a well needed break and just come back now to a completely revamped MSQ thatll take you a good length of time to complete all whilst doing what you want to do (farming,pvp,dungeons) at your own pace. Good playerbase on each server with Playstation now joining our servers with crossplay so a great time to play with others at low level! Worth a try again as im hooked and not looking back. <DO BE WARNED YOU NEED THE DLC> Without mounts this game is very slow.",bought launch stuck couple year eventually gave countless problem bug broke game took well needed break come back completely revamped msq thatll take good length time complete whilst want farmingpvpdungeons pace good playerbase server playstation joining server crossplay great time play others low level worth try im hooked looking back without mount game slow,True,1
"Insane Visuals, 
excellent group content, 
great community, 
good combat, 
decent gearing system, 
bad crafting and inventory system,
terrible pricing",insane visuals excellent group content great community good combat decent gearing system bad crafting inventory system terrible pricing,True,1
"Game has plenty of issues. But for people who like the complexity of creating builds, farming gear, harvesting, and paying with others (pvp & pve) this game is great. I have gotten pretty deep into it and am loving it so far.",game plenty issue people like complexity creating build farming gear harvesting paying others pvp pve game great gotten pretty deep loving far,True,1
"I can easily run the game and I have ran it before but now after coming back the game doesn't run and it keep saying that it's not responding as soon as I launch the game I get a black screen and nothing happens 
",easily run game ran coming back game doesnt run keep saying responding soon launch game get black screen nothing happens,False,0
Seems like it's picking up pace again. New expansion coming in October 2025 too,seems like picking pace new expansion coming october,True,1
game d 7arara = trash game,game arara trash game,False,0
"Here's what's up:

I've been searching for an MMO for the better part of a year after not playing them for over +10. I gave a try to a handful and this and Guild Wars 2 were the only ones to really 'stick'. In the end though I find this game incredibly frustrating.

The good:
- There's plenty to do from killing bosses to crafting gear and for the most part there's always someone in the world in the same area. 
- It's one of the 'newer' popular MMOs, so it looks more modern than many other counterparts
- You can see where they put in a lot of effort from character designs, some gameplay mechanics etc

The bad:
- The end game content is incredibly gated mainly the dungeons and pvp. For the pvp, I still have no idea how OPR assigns points to players. There's not one instruction guide.
- As you play, you don't have much room to really learn the game. Meaning between slowdowns and dazes, you generally have no idea what those things are and how they work unless you go out of the game to read online
- Some of the gameplay mechanics you swear are made by monkeys. For example, there was 2 different methods of switching weapons, which I didn't know until I thought there was a phantom keyboard press on my computer during pvp. Lo and behold, the mouse scroll also swapped weapons.
- The camera work for this makes me think the developers are cross eyed or have some fetish for wild camera view changes with environment

You can tell Amazon had big hopes for this. And then they wiped their hands clean once they saw it was dying. Half-baked experience, hope they dedicate more time and make it work. While GW2 had its fair share of issues, it never felt incomplete or unrefined the way this game does.",here whats ive searching mmo better part year playing gave try handful guild war one really stick end though find game incredibly frustrating good there plenty killing boss crafting gear part there always someone world area one newer popular mmos look modern many counterpart see put lot effort character design gameplay mechanic etc bad end game content incredibly gated mainly dungeon pvp pvp still idea opr assigns point player there one instruction guide play dont much room really learn game meaning slowdown daze generally idea thing work unless go game read online gameplay mechanic swear made monkey example different method switching weapon didnt know thought phantom keyboard press computer pvp lo behold mouse scroll also swapped weapon camera work make think developer cross eyed fetish wild camera view change environment tell amazon big hope wiped hand clean saw dying halfbaked experience hope dedicate time make work gw fair share issue never felt incomplete unrefined way game,False,0
Good and cozy game. I had much fun playing it 👌,good cozy game much fun playing,True,1
"$60 for the game, another $20 for the battle pass, and if you want mounts to move faster you have to spend another $30.",game another battle pas want mount move faster spend another,False,0
"So I played around 100 hs when this launched, now revisiting with Aeternum from scratch. Im just loving it. I need the story to be hooked, something that was really lacking when this launched, now theres a stroryline that gets you motivated.

The game plays really well, combat is something that is achieved, mixing a pseudo arpg. Graphics are really nice and the map is really beautiful and full of secrets. 

Try it, you will not regret it!",played around h launched revisiting aeternum scratch im loving need story hooked something really lacking launched there stroryline get motivated game play really well combat something achieved mixing pseudo arpg graphic really nice map really beautiful full secret try regret,True,1
Trash Company banned me for nothing.,trash company banned nothing,False,0
"There was so much promise, so much potential, but from the same game studio who associated themselves with a undisclosed ""Programmer, Hacker, and Game developer"" then in retrospect this game was doomed before it dropped, I played the closed beta and thought this game was going to dethrone WoW, GW2, and even the invincible Wizard101. Shameful.",much promise much potential game studio associated undisclosed programmer hacker game developer retrospect game doomed dropped played closed beta thought game going dethrone wow gw even invincible wizard shameful,False,0
New World? more like Old World,new world like old world,False,0
"Player for 0.6 hours              refunded after that amount of time
",player hour refunded amount time,False,0
"This is just a smooth, solo-friendly experience with a lot to do in-game. Now that they are done with the console ports and cross-play, they really want to add significant content and features based on the roadmap. I'm having fun.",smooth solofriendly experience lot ingame done console port crossplay really want add significant content feature based roadmap im fun,True,1
mmm is fun. play game. do fun,mmm fun play game fun,True,1
"Its a lot of fun , like it a lot",lot fun like lot,True,1
My review of the game: abysmal dogshit,review game abysmal dogshit,False,0
i love the gathering and crafting :P it just feels so good xD,love gathering crafting feel good xd,True,1
"Predatory monetization, rough direction choices by Amazon/developers as a whole. 
In my opinion a waste of a great launch game.",predatory monetization rough direction choice amazondevelopers whole opinion waste great launch game,False,0
"The developers are very greedy people to sell a raw game for such money + DLC for a mount for $30.
I am writing this to people who are thinking about buying this game, it is not worth it)",developer greedy people sell raw game money dlc mount writing people thinking buying game worth,False,0
Played at launch and thought I would revisit this game this week. Tried to play game and after 4 attempts it will no longer load. Giant turd sandwich.,played launch thought would revisit game week tried play game attempt longer load giant turd sandwich,False,0
"It's quite fun, lots of crafting, good combat mechanics, very high production values. Disregard the whining kids giving negative reviews despite playing 400 hours.",quite fun lot crafting good combat mechanic high production value disregard whining kid giving negative review despite playing hour,True,1
"I HAVE TO BUY A £25 EXPANSION TO GET A MOUNT?! (and I mean, any mount - there isn't even a basic mount accessible if you don't buy dlc as of 8 Sep 2025)",buy expansion get mount mean mount isnt even basic mount accessible dont buy dlc sep,False,0
"Massive potension PVE and PVP aspect!

BUT PLEASE DEV, please DEVELOP the game so the player did not hop on and off from the game",massive potension pve pvp aspect please dev please develop game player hop game,True,1
This game is coming back to life! I am extremely excited for the future of the game! Truly grateful!,game coming back life extremely excited future game truly grateful,True,1
"I pre-ordered this way back in 2021; it feels like an age ago. I put 40 hours into it during launch week, I recall now—server queues for hours and hours, and somewhat old-school group forming was needed to complete more challenging content. I dropped it and never tried it again. Recently, I started seeing ""Is New World fun in 2025?"" videos popping up in my YouTube feed. I watched a few and figured I'd give it a try. Gotta say, there's crossplay now, and the servers feel just as alive as they did at launch—so many folks in towns I can barely navigate, but I love it. The starting sequence was updated, and since I started a new character to reacquaint myself with the game, I noticed it was a nice small change. The atmosphere of the game is off the charts. I love fall, and many areas in this game feel like a fall festival mixed with fantasy elements and 1600s style—I love it. Graphically, it can still go toe-to-toe with newer MMOs. It runs better than I remember, and the audio throughout the world is top-notch. My girlfriend and I have been playing together, and we’re loving it so far.

",preordered way back feel like age ago put hour launch week recall nowserver queue hour hour somewhat oldschool group forming needed complete challenging content dropped never tried recently started seeing new world fun video popping youtube feed watched figured id give try gotta say there crossplay server feel alive launchso many folk town barely navigate love starting sequence updated since started new character reacquaint game noticed nice small change atmosphere game chart love fall many area game feel like fall festival mixed fantasy element stylei love graphically still go toetotoe newer mmos run better remember audio throughout world topnotch girlfriend playing together loving far,True,1
"I've never found a game where the playtesting got me more hooked and ultimately was more enjoyable than the released game did, until i tried New World.

Dont even bother...",ive never found game playtesting got hooked ultimately enjoyable released game tried new world dont even bother,False,0
worst game i ever played in my life,worst game ever played life,False,0
"This game has it all, Hunting, Mining, Crafting, Decorating, Music, Questing, PVP, you NAME IT, its GOT it! The player base can be a tad toxic, but overall this game always has me crawling back. The boss fights are difficult, but fun. There's almost always something to do, and fun people to meet. Some of my best gaming memories over the years have happened on this very game. If you haven't played it yet, what are you waiting for?!",game hunting mining crafting decorating music questing pvp name got player base tad toxic overall game always crawling back bos fight difficult fun there almost always something fun people meet best gaming memory year happened game havent played yet waiting,True,1
"The game runs like COMPLETE GARBAGE since the Aeternum update.


Played the game before the update, ran great, better then great, it ran perfect, smooth 120fps, no hiccups, no issues.

Now the game takes 30 minutes to load, has constant stuttering, visuals take forever to load and pop in... its a god damned mess.   totally unplayable now even on lower settings.   Used to run it at max settings, now it wont even run decent on medium.


Unplayable mess currently.",game run like complete garbage since aeternum update played game update ran great better great ran perfect smooth fps hiccup issue game take minute load constant stuttering visuals take forever load pop god damned mess totally unplayable even lower setting used run max setting wont even run decent medium unplayable mess currently,False,0
better than it was i guess,better guess,True,1
"Played before the Aeternum update, had liked the game but grind felt long and I ended up dropping due to not many friends playing",played aeternum update liked game grind felt long ended dropping due many friend playing,True,1
good game but damn can the game load wtff,good game damn game load wtff,False,0
"Hated it at launch,

Came back now its amazing 10/10 very excited for season 10

Perfect MMO for playing on controller and steam deck (I stream mine from PC via moonlight though)

*Note for anyone else who got confused by me regarding DLC, If you bought the game before october 2024 the DLC is not included however if you bought it after and got ""New World: Aeternum - Standard Edition"" the DLC is included and doesnt need to be purchased.",hated launch came back amazing excited season perfect mmo playing controller steam deck stream mine pc via moonlight though note anyone else got confused regarding dlc bought game october dlc included however bought got new world aeternum standard edition dlc included doesnt need purchased,True,1
"Best game of it's kind, simply astonishing from outside. Bug-ridden and rotten inside.
Cant enjoy the game without a million of visual bugs or character bugs. Half the time spent in game is spent restarting or trying to get something to work. 
It came up a very long way indeed, but 1 year ago was so much more smoother than it is now, although now it has more better features, petty I cant seem to enjoy them.",best game kind simply astonishing outside bugridden rotten inside cant enjoy game without million visual bug character bug half time spent game spent restarting trying get something work came long way indeed year ago much smoother although better feature petty cant seem enjoy,False,0
"Amazing gathering system. Would recommend for new players, very forgiving content. No need to rush to end game, take your time in figuring out everything just play at your own pace and enjoy. The servers could be a bit better in ping will be hard to do pvp fighting if you are from a third world country because of the delays and lag in pvp. Overall Great Game to play alone or with friends even to make friends!",amazing gathering system would recommend new player forgiving content need rush end game take time figuring everything play pace enjoy server could bit better ping hard pvp fighting third world country delay lag pvp overall great game play alone friend even make friend,True,1
"The world looks great, great music, fun combat. Enjoying the class-less style as well.",world look great great music fun combat enjoying classless style well,True,1
"cant even launch the damn game, day ruined, any love left for the game is gone. see you never again new world.",cant even launch damn game day ruined love left game gone see never new world,False,0
"I've honestly been enjoying the game more lately, in my opinion I feel that it has improved a lot since its launch back when it wasn't Aeternum. 

When I'm not doing quests/expeditions/raids, I enjoy farming or just fish, play music with the amazing scenery. Plus I really love the feeling of the weapons and fights, I can stay hours in creating different builds with the range of weapons, gears etc. Honest opinion, do try the game and explore as much as you can.",ive honestly enjoying game lately opinion feel improved lot since launch back wasnt aeternum im questsexpeditionsraids enjoy farming fish play music amazing scenery plus really love feeling weapon fight stay hour creating different build range weapon gear etc honest opinion try game explore much,True,1
Game is good but having gear locked behind pvp is bs,game good gear locked behind pvp b,False,0
"update are slow. game feels dead. took a long break came back and my name i played early access to get Jack Frost is now taken from me forced to rename my character.  cant use Runnydeath for some reason. and now im in a high ping euro server.
yea im done ill wait for another mmo.  no loyalty to there players obviously.",update slow game feel dead took long break came back name played early access get jack frost taken forced rename character cant use runnydeath reason im high ping euro server yea im done ill wait another mmo loyalty player obviously,False,0
Should not have to purchase DLC to level crafting skills.,purchase dlc level crafting skill,False,0
Great game.. if you have time to sink your teeth into it.. its very rewarding.. but like all MMO's.. it has its draw backs.. I would just rather spend my time in this one than any others.,great game time sink teeth rewarding like mmos draw back would rather spend time one others,True,1
Nah. Received the game for free and still felt scammed by how things turned out.,nah received game free still felt scammed thing turned,False,0
"Its honestly a really fun game. Its a pretty big sandbox. You can craft anything you want, go punch an elite monster several leagues above your level, or just cook a bunch of stuff to just sell it. There is something for everyone to do. It feels like a single player game with a bunch of people involved to add some chaos and change to the mix. I think its perfect for the right kinda a player, a.k.a. me. I am casual and love to just go around chopping down trees that are supposedly pure metal lol. Its just a fantasy element that I never got to try. Try not to take it too seriously, be it PVP or PVE. Just go with the flow and enjoy it. And the story is actually really good. Its evolving and does require a little bit of reading, like literally finding notes and books and piecing them together. Kinda neat that way. That is my 2 cents.",honestly really fun game pretty big sandbox craft anything want go punch elite monster several league level cook bunch stuff sell something everyone feel like single player game bunch people involved add chaos change mix think perfect right kinda player aka casual love go around chopping tree supposedly pure metal lol fantasy element never got try try take seriously pvp pve go flow enjoy story actually really good evolving require little bit reading like literally finding note book piecing together kinda neat way cent,True,1
"Couldn't even generate a new character, after 9 game crashes (several because of  sound files?) I made it through and was loading into the world, as soon as i did I then I fell through the floor into a grey void and got kicked out of the server and couldn't make it back to menu as it kept crashing. Avoiding all amazon games now, this is insanity I've never seen something run this bad, its meant for consoles so let it stay there",couldnt even generate new character game crash several sound file made loading world soon fell floor grey void got kicked server couldnt make back menu kept crashing avoiding amazon game insanity ive never seen something run bad meant console let stay,False,0
"Don't worry about the bots mining every node before a human gets to it, just buy it after the bots have put it on the trade post!",dont worry bot mining every node human get buy bot put trade post,False,0
"It's okay, time waster.. good graphics, but you can play for hours and just grind, nothing to really keep the player engaged. The story can be clicked through, it doesn't grab me.",okay time waster good graphic play hour grind nothing really keep player engaged story clicked doesnt grab,True,1
my pc is dying peak game,pc dying peak game,True,1
"i payed full price for the game, i wish they would include mounts instead of locking them behind the dlc , other than that its a chill game
",payed full price game wish would include mount instead locking behind dlc chill game,True,1
It is worth a try .,worth try,True,1
"Amazon Games fumbled this, 900k players at launch to around 6k in 2025. If it was free to play it would be worth a try",amazon game fumbled player launch around free play would worth try,False,0
"better than most mmos honestly. smooth combat, good story line, and players every where",better mmos honestly smooth combat good story line player every,True,1
EXELLENT GAME best online game ive ever played,exellent game best online game ive ever played,True,1
"Before I start my review, I ought to give a bit of background to my playtime. I originally started playing when the game first launched in 2021 while isolating with COVID (Ahhh memories). I put roughly 40 hours in then but quickly found myself getting bored with the bugs, server issues and otherwise lack of polish/ Content. 

Fast forward to good ol' 2025. After not quite being able to scratch the MMO itch for a while, I decided to pick New World up again and even bought the DLC for good measure. This time around, My experience was drastically different. The game felt polished, Everything flows nicely. I was surprised by just how much it had changed and for the better. It finally felt like what was promised all those years ago. The trade skills are fun to level, I have yet to feel like im grinding anything out because activities such as chopping trees is actually enjoyable. This is how an MMO should be, Not taking 30 hours to gain one level.

 Now I have played A LOT of runescape over the years and my fair share of WOW but each time I go back to them I hit the same wall of the games demanding every ounce of free time I have. Luckily, New World does not have this issue. It's your casual persons MMO which is something I have been yearning for for a long time. You don't need to spend every waking hour playing it just to fit in with the playerbase. All through the levelling and questing you constantly see people at your own level which helps the feeling that you're not playing catchup to a playerbase that has spent the last 4 years no-lifing the game. There's no pressure to constantly run the best in slot gear or play a Meta setup. The playerbase on the whole is really friendly and active. 

Now with regards to the DLC, I can understand the veteran players frustrations. They've poured a lot of time into the game only to be met with a fairly expensive DLC that adds features that should have been standard in the first place. We get it, It no fairsies. I can see it from the developers side though. Yes, Amazon as a whole are worth more than most European countries. They are not, however, going to keep pumping money into the game if there's no return for them. Compare new world to other MMO's and I'd say the cost of playing is VERY cheap. one DLC in 4 years is a small price to play to maintain a game where you can lose thousands of hours. I'd happily buy a new DLC every year (which would hopefully contain more than the current one) if it meant keeping the game running and the community alive. The cosmetics store is also fairly non-intrusive. It's there if you want it but I wouldn't say it gets shoved in your face a lot.

All in all, If you find yourself getting bored of the standard run of MMO's out there, Give new world a try. Its worth its price tag for what you're getting.",start review ought give bit background playtime originally started playing game first launched isolating covid ahhh memory put roughly hour quickly found getting bored bug server issue otherwise lack polish content fast forward good ol quite able scratch mmo itch decided pick new world even bought dlc good measure time around experience drastically different game felt polished everything flow nicely surprised much changed better finally felt like promised year ago trade skill fun level yet feel like im grinding anything activity chopping tree actually enjoyable mmo taking hour gain one level played lot runescape year fair share wow time go back hit wall game demanding every ounce free time luckily new world issue casual person mmo something yearning long time dont need spend every waking hour playing fit playerbase levelling questing constantly see people level help feeling youre playing catchup playerbase spent last year nolifing game there pressure constantly run best slot gear play meta setup playerbase whole really friendly active regard dlc understand veteran player frustration theyve poured lot time game met fairly expensive dlc add feature standard first place get fairsies see developer side though yes amazon whole worth european country however going keep pumping money game there return compare new world mmos id say cost playing cheap one dlc year small price play maintain game lose thousand hour id happily buy new dlc every year would hopefully contain current one meant keeping game running community alive cosmetic store also fairly nonintrusive want wouldnt say get shoved face lot find getting bored standard run mmos give new world try worth price tag youre getting,True,1
it is real good my bros and girls,real good bros girl,True,1
Great game makes my pants fit tighter!,great game make pant fit tighter,True,1
Its a good game. They added horses so you no longer have to walk 900 miles each way for a quest that only gives you 100xp. That's pretty cool,good game added horse longer walk mile way quest give xp thats pretty cool,True,1
I want to enjoy it but the player base is insufferable.,want enjoy player base insufferable,False,0
"really scummy that you need to spend almost 50 CAD just to get a mount
",really scummy need spend almost cad get mount,False,0
its pretty dead nothing new end game pretty much sucks and super repetative pvp only 4 maps some weapons are super broken ones you reach lvl 65 and have the gear you need wich dont take long at all you dont have much to do besides pvp,pretty dead nothing new end game pretty much suck super repetative pvp map weapon super broken one reach lvl gear need wich dont take long dont much besides pvp,False,0
It's a good game for idle time.,good game idle time,True,1
"The game is good MMO with a very unique combat system and PVP opportunities. That said, the dev's don't listen to the few hundred still playing this game. They add stuff that no one wants and their game breaks with every update. Imagine being a part of a billion dollar company and the quality of work is that of a 1 man indie company (and that's not fair top indie company's). If u are bored out of you mind and can tolerate the worst game management i have ever seen then play this game.",game good mmo unique combat system pvp opportunity said devs dont listen hundred still playing game add stuff one want game break every update imagine part billion dollar company quality work man indie company thats fair top indie company bored mind tolerate worst game management ever seen play game,False,0
"Fun casual MMO, at first i was bored and it felt very grindy, but if you balance out farming and questing it is actually pretty fun.",fun casual mmo first bored felt grindy balance farming questing actually pretty fun,True,1
good game to play keeps you  entertend,good game play keep entertend,True,1
"[h1]Stop feeding us WOKE SLOP![/h1]

We just want to mine ore, kill enemy, do amazing pve storyline and co-op stuff, cool pvp with factions n stuff...
Game is perfect as it is just drop the ideologies and let people play game without forcing them into your mess.
You can be gay you can be trans do your thing i want you to be happy but keep me out of it please...",hstop feeding u woke sloph want mine ore kill enemy amazing pve storyline coop stuff cool pvp faction stuff game perfect drop ideology let people play game without forcing mess gay trans thing want happy keep please,False,0
"Extremely grindy, but not in a good way.",extremely grindy good way,False,0
"So many issues, the game is unplayable. I have searched and done everything I could to fix it, even went on forums. When I start the game it lags in loading screen. When I get to the game and about to start the tutorial it drops me under the map and renders nothing but floor and maybe a ship sometimes. after that it freezes and crashes. also Yes My pc parts are more than enough to run the game. Sad to say this post is my final option. If anyone can actually help fix this please reach out so I don't feel like i just got robbed out of my money.",many issue game unplayable searched done everything could fix even went forum start game lag loading screen get game start tutorial drop map render nothing floor maybe ship sometimes freeze crash also yes pc part enough run game sad say post final option anyone actually help fix please reach dont feel like got robbed money,False,0
best mmo i have found as of late.,best mmo found late,True,1
"Honestly pretty good, even my son likes it...Something we can play together!",honestly pretty good even son like itsomething play together,True,1
"Love love love it!  No overwhelming amount of skills etc to try and set up.
I would recommend this game to new players and experienced ones alike, thumbs UP",love love love overwhelming amount skill etc try set would recommend game new player experienced one alike thumb,True,1
Revisiting this game since my friend died years ago and im glad that things have gotten at least somewhat better..,revisiting game since friend died year ago im glad thing gotten least somewhat better,True,1
Shitty mmorpg with a few of the achievements being basically impossible.,shitty mmorpg achievement basically impossible,False,0
"Came back after many, many years of not playing and having pre-ordered way back when, I felt I needed to give New World a fair shot after not having seriously played, and boy was I glad I did. The new areas, the mount system (I like it, understand why some don't though) new weapons, enemies, etc. It was all so refreshing but it still very much retained the reason I bought it in the first place: I can spend hours doing nothing but gathering or I can run mutated expeditions or I can do both, or I can go decorate my house, or I can go craft. It's all just a wonderful, play-at-your-own-pace experience. 

IMO you get your money's worth with the main story quest line alone, and that only gets you to level 65. At that point, the real end game begins with farming mutations and the crafting grind and so much more (albeit the crafting grind is annoyingly grindy even for an MMO, and absurdly expensive - please AGS) 

It's a really fun MMO experience, offering a refreshingly straightforward combat system, the ability to play whatever style you want (although another healing main hand would be great). There are definitely ""meta"" builds, with guides galore, but highly recommend just feeling the skill trees out yourself first. The mechanics aren't super hard to understand, even for me, which is saying a lot, and most builds, assuming you understand the general idea of what you're building, will handle most of the PVE content this game has to offer excluding the end-game stuff like Hive, M2/3's, stuff like that. You could probably be just fine not following a meta guide and cruise through M1's just fine. 

Not to mention the utterly beautiful world design and uniqeuness each area has. Riding into town on your mount and seeing people hammering down at the workbench or smelting, the little audible ambiance of it all, it's all so inviting and to be honest it feels very immersive at times. 

Season 9 just came out, and with how much proposed content AGS has for Season 10 (spoiler, it's A LOT of neat stuff: procedural expeds, endgame overhaul, more PVP modes, raids, dungeons) now is a time to test it out. If a lot of the roadmap changes do indeed come to fruition, it'll change a lot with the new season, but time will tell if that is actually the case.",came back many many year playing preordered way back felt needed give new world fair shot seriously played boy glad new area mount system like understand dont though new weapon enemy etc refreshing still much retained reason bought first place spend hour nothing gathering run mutated expedition go decorate house go craft wonderful playatyourownpace experience imo get money worth main story quest line alone get level point real end game begin farming mutation crafting grind much albeit crafting grind annoyingly grindy even mmo absurdly expensive please ag really fun mmo experience offering refreshingly straightforward combat system ability play whatever style want although another healing main hand would great definitely meta build guide galore highly recommend feeling skill tree first mechanic arent super hard understand even saying lot build assuming understand general idea youre building handle pve content game offer excluding endgame stuff like hive m stuff like could probably fine following meta guide cruise m fine mention utterly beautiful world design uniqeuness area riding town mount seeing people hammering workbench smelting little audible ambiance inviting honest feel immersive time season came much proposed content ag season spoiler lot neat stuff procedural expeds endgame overhaul pvp mode raid dungeon time test lot roadmap change indeed come fruition itll change lot new season time tell actually case,True,1
Do you like apples? Well the games pretty good now. How do you like them apples!!,like apple well game pretty good like apple,True,1
"Nothing compelling here... u might look at this review as not investing enough time. But... as someone looking to invest more time, the basic experience includes an initial experience which is just as important and in this case, very underwhelming. People often look for something to invest in. Especially MMORPG vets. There is no need to invest in and then be disappointed. So, the initial experience is very important even if long time players attack you for not ""playing enough"".

So, the numbers make you feel like you're progressing - akin to a gambling game. Ding ding... more crafting numbers, yay! The harvesting and crafting experience seems to imply more depth in why you should play. However, the numbers just scale. Everything feels good to start. However, once you get into town and see how everyone is dressed in half-naked outfits looking for attention and players with names which all involve the word ""big"" or ""long"" or ""shaft"" you realize this game is not really an MMORPG... the only ""role"" here is thousands of male players who think they are endowed and will get some action by playing the game. You might say I didn't give the community a chance, but really, just look at most of the players names and how the chat rambles on. It's really a puberty fest of PvP immaturity. Good luck I say! It became clear to me in only 5 hours why this game should not be labeled an MMORPG and would be better off being sold and the graphics and AI to be updated to an open world MMOPAG (massively multiplayer online puberty attention game). Too much immaturity and lack of a meaningful world for me to invest in. To each their own.",nothing compelling might look review investing enough time someone looking invest time basic experience includes initial experience important case underwhelming people often look something invest especially mmorpg vet need invest disappointed initial experience important even long time player attack playing enough number make feel like youre progressing akin gambling game ding ding crafting number yay harvesting crafting experience seems imply depth play however number scale everything feel good start however get town see everyone dressed halfnaked outfit looking attention player name involve word big long shaft realize game really mmorpg role thousand male player think endowed get action playing game might say didnt give community chance really look player name chat ramble really puberty fest pvp immaturity good luck say became clear hour game labeled mmorpg would better sold graphic ai updated open world mmopag massively multiplayer online puberty attention game much immaturity lack meaningful world invest,False,0
It started off kind of interesting but I really hate that we can't get mounts without paying for them and it doesn't really explain a lot of whats going on around you. A lot of it you have to figure out yourself instead of intro quests which I really enjoy doing. The story is slow moving.,started kind interesting really hate cant get mount without paying doesnt really explain lot whats going around lot figure instead intro quest really enjoy story slow moving,False,0
Best MMORPG Combat play style currently on the market.,best mmorpg combat play style currently market,True,1
"As a basically solo PVE player I am enjoying this game very much. In particular:

[b]Good[/b]

- it's a beautiful, fully 3D world with varied, atmospheric zones and lots of different creatures to kill, resources to harvest, stories to enjoy and books to read.
- The main story and the premise is interesting, and the absence of the usual fantasy races in addition to human is refreshing.
- No rigid character classes, and easy to respec (at least early on).
- Lots of trade skills if you like that sort of thing.
- Dungeons, open world events and PVP (if you like that sort of thing).

[b]Less good[/b]

- Playing with a group of friends could be more seamless (e.g. sharing quests).
- I haven't found the combat log but I may need to research that more, sometimes debuffs are difficult to identify.
- The voice acting is occasionally hilarious.
- There is no obvious way to send items between your characters (again I may have just not found it).
- No central bank to store items, instead lots of local banks you can transfer items between.
- If you are mainly interested in combat mechanics and challenges rather than story, this may not be for you.
",basically solo pve player enjoying game much particular bgoodb beautiful fully world varied atmospheric zone lot different creature kill resource harvest story enjoy book read main story premise interesting absence usual fantasy race addition human refreshing rigid character class easy respec least early lot trade skill like sort thing dungeon open world event pvp like sort thing bless goodb playing group friend could seamless eg sharing quest havent found combat log may need research sometimes debuffs difficult identify voice acting occasionally hilarious obvious way send item character may found central bank store item instead lot local bank transfer item mainly interested combat mechanic challenge rather story may,True,1
better then most mmos I have played,better mmos played,True,1
game is dog shit for pvp go into pvp area nothing but void gauntlets and ice or life stafe builds great balance,game dog shit pvp go pvp area nothing void gauntlet ice life stafe build great balance,False,0
"[h3]5/5[/h3]  for the idea and uniqueness.
[h3]3/5[/h3]  for how I test the game before releasing it to production.

__________________

I'm familiar with the game before Steam, when Amazon had its own launcher.

Pros:
- non-target
- graphics (even for 2025 it's beautiful and optimized for PVE and even PVP)
- performance (DLSS, etc. - full stuffing)
- the storyline has always been a small plus for me (at first it was almost non-existent, but later it was supplemented and it turned out interesting)
- expeditions (= dungeons) are all different - not only graphically, but also with unique mechanics, enemies
- the game allows you to play alone - if you are not interested in playing in a group - please, play alone
- adequate community - write in the chat that you need to knock out an artifact from a monkey and they will help you. There are discord channels with regular activity (there are definitely English / Russian)
- live market. I know at least one streamer who buys and resells things on the market and makes money on it.
- PvP is cool, lots of activities and even mass skirmishes

Cons:
- not all languages ​​are available (no Russian)
- Bugs, eternal bugs. They are not critical and usually do not interfere with the game. In 2025, it became better. I really hope that they will fix it.
- when they introduced artifacts, they killed crafting a little. But in general, it is needed for high level, as well as resources, they are always in demand.

Total:
There are no alternatives among MMOs. The game has at least 200 hours, even more. The rest of the MMOs are either raw, or alpha, or with a target, etc.

We are really looking forward to a new update this year.

_____________

Знаком ещё с игрой до стима, когда у Амазона свой лаунчер был.

Плюсы:
- нонтаргет
- графика (даже для 2025 года она красива и оптимизирована под пве и даже под пвп)
- производительность (длсс и тп - полный фарш)
- сюжетка всегда была для меня небольшим плюсом (вначале её почти не было, а уже позже её дополнили и получилось интересно)
- экспедиции (= данжи) все разные - не только графически, но и с уникальными механиками, врагами
- игра позволяет играть одному - елси тебе не интресна игра в группе - пожалуйста, играй один
- адекватное комьюнити - пишешь в чат, что тебе нужно выбить артифакт с обезъяны и тебе помогут. Есть дискорд каналы где регулярная активность (англ / рус есть точно)
- живой рынок. Я знаю как минимум одного стримера, кто покупает и перепродаёт на рынке вещи и на этом зарабтывает.
- пвп крут, куча активностей и массовые замесы даже

Минусы:
- не все языки есть (русского нет). Это не мешает, поэтому даже толком не минус.
- баги, вечные баги. Они не критичные и обычно не мешают игре. В 2025 году стало по лучше. Очень надеюсь что исправятся.
- когда ввели артифакты - немного убили крафт. Но в целом он для хайлевела нужен, как и ресурсы, они постоянно в цене.

Итого:
Альтернативы среди ммо нет. В игре минимум 200 часов есть, даже больше. Остальные ммо либо сырые, либо альфа, либо с таргетом и тп

Очень ждём нового обновления в этом году.
",hh idea uniqueness hh test game releasing production im familiar game steam amazon launcher pro nontarget graphic even beautiful optimized pve even pvp performance dlss etc full stuffing storyline always small plus first almost nonexistent later supplemented turned interesting expedition dungeon different graphically also unique mechanic enemy game allows play alone interested playing group please play alone adequate community write chat need knock artifact monkey help discord channel regular activity definitely english russian live market know least one streamer buy resells thing market make money pvp cool lot activity even mass skirmish con language available russian bug eternal bug critical usually interfere game became better really hope fix introduced artifact killed crafting little general needed high level well resource always demand total alternative among mmos game least hour even rest mmos either raw alpha target etc really looking forward new update year,True,1
"This game requires way too much time googling guides and equipment how-tos. I spend significantly more time looking up everything and not playing the game - I am not exaggerating. Every time I ask a question in game, someone tells me to google it.
I played all summer, thought I was doing well. In every group or raid, someone said my gear was trash. I'd change my gear to what they say, join a group, same thing. I would recommend the other MMOs over this one, unless you don't mind watching hundreds of hours of YT videos.
Yes, I'm dumb. Still, the game seems poorly designed. You don't learn much from playing the game. It's either from other players or google searches.",game requires way much time googling guide equipment howtos spend significantly time looking everything playing game exaggerating every time ask question game someone tell google played summer thought well every group raid someone said gear trash id change gear say join group thing would recommend mmos one unless dont mind watching hundred hour yt video yes im dumb still game seems poorly designed dont learn much playing game either player google search,False,0
"Bad:
* When you are in a group, there's no way to sync your quest progress. So you just all play singleplayer but within sight of each other.
* The first 6 hours of the game seem to be mostly autorun to the diamond and pressing E, Clicking generically will win most  combat regardless of weapon/stats.

Best of a bad situation:
* Can inventorize while auto-running to objectives
* Fall damage is low
* Occasional ""Expeditions"" do work for groups *and* have enemies that are huge damage sponges and hence able to kill you.
* Can easily respec to use different weapons, though I've yet to find any that feel particularly fun.

Overall: Don't buy",bad group there way sync quest progress play singleplayer within sight first hour game seem mostly autorun diamond pressing clicking generically win combat regardless weaponstats best bad situation inventorize autorunning objective fall damage low occasional expedition work group enemy huge damage sponge hence able kill easily respec use different weapon though ive yet find feel particularly fun overall dont buy,False,0
"Good luck trying to mine ores or anything ""rare"" without the dlc. people with mounts just glide past you and take everything before you even see the nodes. Endgame content robbed, must buy dlc to play it. Shiet. And since they scrapped the ""free to play"" model. 60 bucks? DO NOT BUY THIS GAME.",good luck trying mine ore anything rare without dlc people mount glide past take everything even see node endgame content robbed must buy dlc play shiet since scrapped free play model buck buy game,False,0
"Your quests suck, I hate them, especially ""Unraveling the Mystery"" it's not fun, it's not interesting, it's just long trek through the desert and obstacles to activate  things at 3 different corner of a desert.",quest suck hate especially unraveling mystery fun interesting long trek desert obstacle activate thing different corner desert,False,0
"Fun game overall. Worth the play ""until you get bored"" because up to ""until you get bored"" it's worth the time.",fun game overall worth play get bored get bored worth time,True,1
Almost 7hrs in and the game is very engaging and well phase. I am having a great time playing.,almost hr game engaging well phase great time playing,True,1
Banned for no reason haven't played game in months and says i was banned and their is only robot support can't speak to anyone about this appeal system is garbage pre ordered this game,banned reason havent played game month say banned robot support cant speak anyone appeal system garbage pre ordered game,False,0
"Extremally enjoyable, way better than it was at release. Cant stop playing at ps5.",extremally enjoyable way better release cant stop playing p,True,1
"6/10 
If it was free or on a deep discount 7/10 

It has the bones, the skeleton to make a 8/10 MMORPG here and they have a 10k population concurrent on Steam so healthy enough to justify a few bucks but the asking price is not at all worth it 

21 hours so far, I got it on discount, and yes, I would recommend 

First I picked a beefy great sword weilder but you can pick up any weapon and gain levels in it 
So I found a musket and then a hatchet weapon, and a void gaunlet... tried them and it was 21 hours of fun crafting and trying weapons 

I'm going to keep playing but yeah if this gets more content it may eventually be more than worth the asking price 

",free deep discount bone skeleton make mmorpg population concurrent steam healthy enough justify buck asking price worth hour far got discount yes would recommend first picked beefy great sword weilder pick weapon gain level found musket hatchet weapon void gaunlet tried hour fun crafting trying weapon im going keep playing yeah get content may eventually worth asking price,True,1
"New player here after the bezos fiasco; I genuinely love this game.

I was hesitant at first to spend THAT MUCH on a simple MMO, but with no mandatory monthly subscription and plenty of freebies, this game feels full and wild. 
I love exploring the world, and I haven't felt that kind of excitement from an MMORPG since my OG Runescape days. 

the graphics are beautiful, the music and ambiance is spectacular. 

I can't wait to see what more has to come, especially after gaining so many new players.",new player bezos fiasco genuinely love game hesitant first spend much simple mmo mandatory monthly subscription plenty freebie game feel full wild love exploring world havent felt kind excitement mmorpg since og runescape day graphic beautiful music ambiance spectacular cant wait see come especially gaining many new player,True,1
"Crazy concept: This game gets better as more content is released and ages. Reviews are full of people with infinite amounts of time, and small attention spans. Expecting years worth of content from a game a fraction of the age of other MMO's is delusional, but yet here we are.",crazy concept game get better content released age review full people infinite amount time small attention span expecting year worth content game fraction age mmos delusional yet,True,1
"used to be bad now its good
",used bad good,True,1
"Solid MMO... huge improvement from launch to include new player experience, leveling, endgame, and quality of life. A very fair and fun game that continues to add good content and features.",solid mmo huge improvement launch include new player experience leveling endgame quality life fair fun game continues add good content feature,True,1
the game is very well set up. if you want a game straight to the point this isnt for you. this game is not meant to be a quick finish. you need to put time into this game for it to be enjoyable !,game well set want game straight point isnt game meant quick finish need put time game enjoyable,True,1
"This game will always be trash, on a steam platform that becoming trash. You own nothing!",game always trash steam platform becoming trash nothing,False,0
good game but endgame content is a bit lacking,good game endgame content bit lacking,True,1
It's a wel made MMO all the people crying about a 40 dollar DLC just arent used to how MMOs work you expect them to constantly update the game for free? Let one of these people go to pwi or throne and liberty where a maxed weapon cost you 6 grand lol its a good game if you like MMOs and has a cool voiced story thats easy to follow and neat side quests that fit the worlds lore. Worth the full price. No pay to win,wel made mmo people cry dollar dlc arent used mmos work expect constantly update game free let one people go pwi throne liberty maxed weapon cost grand lol good game like mmos cool voiced story thats easy follow neat side quest fit world lore worth full price pay win,True,1
"Its funny till you find out that all the NEW WORLD servers are controlled by the same group of people who actively seek out and ddos other up and coming servers to maintain their control over their monopoly.

Another great feature is how nearly every NEW WORLD server is not only a ♥♥♥♥♥♥♥♥ waste of time but they're also specifically crafted to farm as many donations as possible, most commonly through progressively restricting base mode feature that enable fun game play behind pay walls or ranks.",funny till find new world server controlled group people actively seek ddos coming server maintain control monopoly another great feature nearly every new world server waste time theyre also specifically crafted farm many donation possible commonly progressively restricting base mode feature enable fun game play behind pay wall rank,False,0
This game doesn't even work. All it's good for is crashing. Tried to play it 5 separate times and nothing would even load. Don't recommend.,game doesnt even work good crashing tried play separate time nothing would even load dont recommend,False,0
so much fun even if you've never played an MMO before,much fun even youve never played mmo,True,1
really great game to play with friends and solo too combat is fun and new leveling weapons feels rewording,really great game play friend solo combat fun new leveling weapon feel rewording,True,1
Its a game that takes a lot of my time..,game take lot time,True,1
"I tried this game when it launched and couldnt even play since I would get BSOD or just crash. I thoughr I would give it another try and goddamn Im enjoying it. Combat even tho simple feels awesome, graphics are good and leveling seems fun. For a long time I have a game that I cant wait to play again. Will update when I get to lategame, as far as I understand there is a decent amount these days. Comeback game for sure.",tried game launched couldnt even play since would get bsod crash thoughr would give another try goddamn im enjoying combat even tho simple feel awesome graphic good leveling seems fun long time game cant wait play update get lategame far understand decent amount day comeback game sure,True,1
10/10 one of my favorite games that I've ever played. If you like playing alone its amazing for grinding nodes/resources. Its an all around fun experience.,one favorite game ive ever played like playing alone amazing grinding nodesresources around fun experience,True,1
"This game absolutely isn't without flaws, but a lot of the negative reviews come from PvP elitists, people who no-life every bit of content as soon as it comes out then complains that there isn't enough to do, or usually people who fall into both of those categories.  

A lot of the PvP elitists genuinely wouldn't be happy unless the game was made 100% full-loot with zero safe zones, and even then, some would probably demand that it's full loot *and* permadeath, but all you need to do to see how that turns out is to look at the player count for Mortal Online 2. Their enjoyment comes solely from ruining the experience for others, so don't take their unhappiness with the state of the game as a sign that it isn't enjoyable.

That being said, the game isn't perfect, but for what it is it's enjoyable and in a good enough state to get lots of hours of fun. It's not going to be ""the only MMO you'll ever need"" (which is what some expect it to be) but it's an enjoyable time killer game with an active playerbase and a good amount of farming content to engage in as well as relaxing downtime content, with great visuals and SFX to accompany it all.",game absolutely isnt without flaw lot negative review come pvp elitist people nolife every bit content soon come complains isnt enough usually people fall category lot pvp elitist genuinely wouldnt happy unless game made fullloot zero safe zone even would probably demand full loot permadeath need see turn look player count mortal online enjoyment come solely ruining experience others dont take unhappiness state game sign isnt enjoyable said game isnt perfect enjoyable good enough state get lot hour fun going mmo youll ever need expect enjoyable time killer game active playerbase good amount farming content engage well relaxing downtime content great visuals sfx accompany,True,1
"New World: Aeternum is an absolute joy to play. The world is stunning, and as I level up, I find myself completely immersed and eager to explore every corner. I love the freedom of having no set classes and being able to play the way I want. There’s always something to do, from crafting and gathering to participating in a vibrant, player-driven economy. Even with my limited playtime, the game feels relaxing and rewarding, letting me unwind while enjoying beautiful visuals and great mechanics. It’s the perfect blend of exploration, creativity, and freedom.",new world aeternum absolute joy play world stunning level find completely immersed eager explore every corner love freedom set class able play way want there always something crafting gathering participating vibrant playerdriven economy even limited playtime game feel relaxing rewarding letting unwind enjoying beautiful visuals great mechanic perfect blend exploration creativity freedom,True,1
this shit is gas when you dont got a bitch in your ear complaining about the devs,shit gas dont got bitch ear complaining devs,True,1
"Best game I have ever played. Limitless in the things you can do , roles you can play, extreme PVP or casual gamer, it doesn't matter. Be as active in companies as you want to be or play solo. This game has a bunch for everyone. Graphics are amazing, game play and combat is solid.",best game ever played limitless thing role play extreme pvp casual gamer doesnt matter active company want play solo game bunch everyone graphic amazing game play combat solid,True,1
"I love this game. The gameplay is amazing. It has just enough sand in the box to be enjoyable and considered a sandbox. The fishing system is very nice. You even get a dedicated fishing questline that gives you really good fishing gear at the end. Everything about the game is great, except the leveling system. I don't like having my character's progression amount to nothing every expansion like in WoW just to keep things ""new"".

That being said, the reason I do not recommend this game is the CONSTANT CRASHING and the bugs! It is a buggy MESS of a game. From leather item icons in the crafting menu being switched, like rough leather gloves and rough leather pants icons. The fact that when you sell items to a sell order the items in the list of your items to sell does not disappear. They stay there, as though you still have the item. Which gets very confusing when you're trying to sell lots of items.

That's not even the worst of it! Most of the time, I am unable to launch the game! It literally will load the launcher then open to a black screen that eventually just stops responding forcing windows to close it. I literally have to shut down my laptop, NOT RESTART, BUT SHUT DOWN, just to launch the game. And it only launches SOMETIMES. I will literally have to shut down EVERY. SINGLE. TIME. I want to re-attempt to launch the game. And when it does actually launch, if I close the game, I ALWAYS have to shut my laptop down to try again. Not only that, but the game will randomly crash WINDOWS due to its kernel-level anti cheat software bugging out. Literally crashing to BSOD (now black screen of death) with the failure code and of course the anti-cheat as the culprit. This game is essentially MALWARE. I would love to get a refund, but unfortunately, I have 32 hours into the game and well above the time-limit on steam. And there's no actual support or a place to submit issues except in-game ""feedback"" that does nothing. You can't even upload screenshots of the issues you have anywhere and Amazon couldn't care less.

Also, for those considering getting the deluxe edition it is NOT worth it at all IMO. The mount looks awful, the armor skin looks awful. Unless you REALLY love the mount/armor skin, go for it. Otherwise, it is NOT at all worth it. Save your money to get a better cash shop mount/armor skin and buy the regular version instead.

My specs, for reference:
ASUS ROG Strix G18 (2024) Laptop
Intel i9 14900HX
Nvidia Gefore RTX 4080
Upgraded RAM to 64GB
2-2TB NVME SSDs

Hardware is not the issue here.

Editing my review: It seems to be an issue with DirectX12 renderer. When I set the -dx11 flag I don't get any crashing or errors. I'm not going to change my negative review until it's all fixed. This game has been out for 4 years already and there shouldn't be this many issues.",love game gameplay amazing enough sand box enjoyable considered sandbox fishing system nice even get dedicated fishing questline give really good fishing gear end everything game great except leveling system dont like character progression amount nothing every expansion like wow keep thing new said reason recommend game constant crashing bug buggy mess game leather item icon crafting menu switched like rough leather glove rough leather pant icon fact sell item sell order item list item sell disappear stay though still item get confusing youre trying sell lot item thats even worst time unable launch game literally load launcher open black screen eventually stop responding forcing window close literally shut laptop restart shut launch game launch sometimes literally shut every single time want reattempt launch game actually launch close game always shut laptop try game randomly crash window due kernellevel anti cheat software bugging literally crashing bsod black screen death failure code course anticheat culprit game essentially malware would love get refund unfortunately hour game well timelimit steam there actual support place submit issue except ingame feedback nothing cant even upload screenshots issue anywhere amazon couldnt care less also considering getting deluxe edition worth imo mount look awful armor skin look awful unless really love mountarmor skin go otherwise worth save money get better cash shop mountarmor skin buy regular version instead spec reference asus rog strix laptop intel hx nvidia gefore rtx upgraded ram gb tb nvme ssds hardware issue editing review seems issue directx renderer set dx flag dont get crashing error im going change negative review fixed game year already shouldnt many issue,False,0
Combat is fun. Leveling is not too long and not boring. I enjoyed it. Fun solo and with friends. 10/10 recommend especially with the new season coming out :),combat fun leveling long boring enjoyed fun solo friend recommend especially new season coming,True,1
Great game to play with friends. Very good graphics!,great game play friend good graphic,True,1
i cant stand the lag.  takes me 30 - 45 minutes just to log into the game.  its the only game that has ever been like this.   to frustrating to play.,cant stand lag take minute log game game ever like frustrating play,False,0
"After the last server merging, I no longer have a server in my region, which forces me to play under 140+ ms (and I play projectiles weapons mostly). I was wondering if S10 would be worth returning to and even finally buying the DLC. Now that I know my experience will be ""enhanced"" by latency, there's no more reluctance to give this title a permanent farewell.",last server merging longer server region force play m play projectile weapon mostly wondering would worth returning even finally buying dlc know experience enhanced latency there reluctance give title permanent farewell,False,0
"Not a bad game, however when you lock what should be a core feature, mounts behind a dlc, you know where you can stick your game and your dlc.",bad game however lock core feature mount behind dlc know stick game dlc,False,0
its gg but it might take from you a lot of hours from your real life,gg might take lot hour real life,True,1
"This game caused my divorce, therefore, fixed my marriage. Highly recommend",game caused divorce therefore fixed marriage highly recommend,True,1
"Love the crafting system, the ability to be successful with solo play or team play.",love crafting system ability successful solo play team play,True,1
"do not recommend the game still full of game breaking bugs after years, my main quest line vanished so been unable to finish that. The enemy variety is lackluster still also and all around just not all that fun of a game.",recommend game still full game breaking bug year main quest line vanished unable finish enemy variety lackluster still also around fun game,False,0
"Damn... I have played this game on launch... This game is so much better now.. i cant stop playing it .. imo, it is the best MMO on the market ...",damn played game launch game much better cant stop playing imo best mmo market,True,1
"Game seems in a solid state, really enjoying it at the moment.",game seems solid state really enjoying moment,True,1
$60 dollar online game with consistent high ping. $30 non included dlc to be able to ride mounts and craft higher end items. Majority of the community playing is in endgame and are running content available only after paying an additional charge for the dlc. The “broken” weapon is behind the same pay wall. And the game still has majority micro transactions for any “cool” stuff. Great game to blow $100-$250 and endgame content falls off quick.,dollar online game consistent high ping non included dlc able ride mount craft higher end item majority community playing endgame running content available paying additional charge dlc broken weapon behind pay wall game still majority micro transaction cool stuff great game blow endgame content fall quick,False,0
Developers of this game can't fix bugs and performance of this game. so sad. Every update worst than before,developer game cant fix bug performance game sad every update worst,False,0
well this game is Good but the devs are trash i can't believe that a game this cool getting trash devs the game from the early access was bad and i played cuz i like this of kind games but i got juked i've been playing this trash game for 500h and still no improvement from the devs but the only thing they are good at is stealing from the people,well game good devs trash cant believe game cool getting trash devs game early access bad played cuz like kind game got juked ive playing trash game still improvement devs thing good stealing people,False,0
"One of the best MMOs out there, build friends, lose friends, win and lose territory, have fun in some of the dungeon and explore a wide and beautiful map. The skills for the weapons is low and needs far more expansion, but is simple and allows you to dual wield so you can build your own multi class. The skills in the game go well and allow you to become master of them all, which I really enjoy. I would like to see different aesthetics to the craftable elements of the game so there are some uniqueness to those of us who take the time to do it. Yes the DLC is $30, I havent got it yet, but its no different than WOW. I say try it, have fun.",one best mmos build friend lose friend win lose territory fun dungeon explore wide beautiful map skill weapon low need far expansion simple allows dual wield build multi class skill game go well allow become master really enjoy would like see different aesthetic craftable element game uniqueness u take time yes dlc havent got yet different wow say try fun,True,1
"when dlc will do on discount ???? trash thief s, buy game with 1 year free dlc and when dlc come out you have to pay for it.....the only dlc game bring btw and still same price as the release . as many years will pass, if dlc will not going to drop under 10$ , me personal will not buy this trash pointless update.",dlc discount trash thief buy game year free dlc dlc come pay itthe dlc game bring btw still price release many year pas dlc going drop personal buy trash pointless update,False,0
"This game has come a long way since launch. The world is surprisingly massive. Great graphics, mechanics are pretty smooth, quests are decent, crafting system is insane, end game is just starting for me at 80 hours in. Still plenty to learn, do, and explore. Two Thumbs Up.",game come long way since launch world surprisingly massive great graphic mechanic pretty smooth quest decent crafting system insane end game starting hour still plenty learn explore two thumb,True,1
most of my items and gold are gone，it‘s been more than a week and no follow up at all，spent 400hours+ for nothing,item gold goneits week follow allspent hour nothing,False,0
"The game is great if you only want to pve, but as soon as you touch PvP get ready for the headaches.",game great want pve soon touch pvp get ready headache,False,0
Best mmo ever with the worse devs,best mmo ever worse devs,True,1
Fun game with lots to do and very immersive. It still does needs more endgame content and I guess the October update might be their last chance.,fun game lot immersive still need endgame content guess october update might last chance,True,1
good game but pay to win with the dlc,good game pay win dlc,True,1
"Closing in on 1000 hours and still really enjoying NW:A. The questlines are great - though they only take up a little time (probably had them done in the first 100-200 hours). There are loads of dailies that can suck up time if you mindlessly farm them, but the first few times through they're interesting enough. The dungeons (aka, expeditions) are scaled quite well - four levels of difficulty with a decent step up between each level. Crafting can be a huge part of the game - I'm just capping those off now as I approach that 1000 hour mark. As is a common refrain, there does seem to be a lack of endgame content, UNLESS you like PVP. I'm not a huge fan, but it does seem like that could add quite a bit extra at endgame. Overall, I'd definitely recommend playing, even if it's just for the first 1000 hours. :)",closing hour still really enjoying nwa questlines great though take little time probably done first hour load daily suck time mindlessly farm first time theyre interesting enough dungeon aka expedition scaled quite well four level difficulty decent step level crafting huge part game im capping approach hour mark common refrain seem lack endgame content unless like pvp im huge fan seem like could add quite bit extra endgame overall id definitely recommend playing even first hour,True,1
"When this game first came out it was… okay. Just didn’t do it for me. Found it very bland. Started playing it again this last week or so and I’m having a ridiculous amount of fun. I tend to run solo and between questing when I want and even just logging, mining, fishing and such I am getting lost in the game all the while blasting music or podcasts. Love the game now.",game first came okay didnt found bland started playing last week im ridiculous amount fun tend run solo questing want even logging mining fishing getting lost game blasting music podcasts love game,True,1
"Bought this game at launch but stopped playing it after getting to level 21 because of a number of issues. Came back in Aug 2025 and thought to give it a try to satisfy the MMORPG itch.

The good, I played for a solid week playing 1-3 hours a day and levelling to 60 didn't feel like a choir. At around level 30, I found out you need to buy a $40 DLC to get to from level 60 to 65 and ride a mount. I decided to keep playing and see if I liked the game enough to get the DLC. On my way to level 60, I decided the mount wasn't really that worth it to get places faster because of the Fast travel feature. 

Gameplay loop gets a bit repetitive at certain parts of the grind but I got over it. The combat mechanics are dead simple and don't offer much complexity to have different combat styles. Its barely above a hack and slash. 

The story got a bit boring and I was skipping it most of the time. 

Graphics (combat and environment) was the winning feature but not enough to redeem the game. I decided not to get the DLC and stopped playing at level 60. 

The taste of the end game you get at level 60 didn't seem that engaging. The invasions and wars didn't mean anything when it can be lost/gained fairly easily.",bought game launch stopped playing getting level number issue came back aug thought give try satisfy mmorpg itch good played solid week playing hour day levelling didnt feel like choir around level found need buy dlc get level ride mount decided keep playing see liked game enough get dlc way level decided mount wasnt really worth get place faster fast travel feature gameplay loop get bit repetitive certain part grind got combat mechanic dead simple dont offer much complexity different combat style barely hack slash story got bit boring skipping time graphic combat environment winning feature enough redeem game decided get dlc stopped playing level taste end game get level didnt seem engaging invasion war didnt mean anything lostgained fairly easily,False,0
"New World is an incredible game that combines breathtaking visuals, deep lore, and engaging gameplay in a way that feels both modern and timeless. The world is vast and beautifully crafted, with environments that invite exploration at every corner. The combat system is dynamic and rewarding, offering a perfect balance between strategy and action. What stands out most is the quality of detail—from the sound design to the immersive atmosphere—that makes every session feel unique. Whether you’re questing solo or adventuring with friends, New World delivers an unforgettable MMO experience.",new world incredible game combine breathtaking visuals deep lore engaging gameplay way feel modern timeless world vast beautifully crafted environment invite exploration every corner combat system dynamic rewarding offering perfect balance strategy action stand quality detailfrom sound design immersive atmospherethat make every session feel unique whether youre questing solo adventuring friend new world delivers unforgettable mmo experience,True,1
"I returned to playing NW after a long break. The game has changed significantly during this time, and I am really enjoying playing it. I bought the DLC and think it's worth it; riding the mounts is VERY enjoyable and well done. If anyone is thinking about returning, I encourage you to give it a try. I also see a lot of players at low levels, which is no surprise - the entire main quest storyline has been rebuilt. I've heard that season 10 is supposed to bring some major changes along with a new location, but I haven't looked into it. Maybe if you're a hardcore PVP player, you'll complain after a while, but I play balanced with a slight PvE advantage. The only downside for me is the inability to level up characters over a longer period of time, as I like to grind levels for a long time.",returned playing nw long break game changed significantly time really enjoying playing bought dlc think worth riding mount enjoyable well done anyone thinking returning encourage give try also see lot player low level surprise entire main quest storyline rebuilt ive heard season supposed bring major change along new location havent looked maybe youre hardcore pvp player youll complain play balanced slight pve advantage downside inability level character longer period time like grind level long time,True,1
"I pay solo and revisited New World from the initial 300 hrs I put in at the release. Great way to kill time, upgrading trade skills while questing passively. Player base is enough but still low. You can queue expeditions as long as you meet the requirements and just continue questing until you load in. Ha ha, LOAD in. LOAD, get it? big LOAD.",pay solo revisited new world initial hr put release great way kill time upgrading trade skill questing passively player base enough still low queue expedition long meet requirement continue questing load ha ha load load get big load,True,1
"game is fun not gonna lie ive played for 90 hours i havnt played in 2 years but im makeing a come back now i will see if theres more levels
",game fun gonna lie ive played hour havnt played year im makeing come back see there level,True,1
"really cool game, if only the devs did a better job managing it </3 such potential",really cool game devs better job managing potential,True,1
"These are my thoughts after coming and going since launch. This game at its core is by far one of the best action mmo like game out there BUT there are some major issues overall. For starters Since launch there have been very few major updates that keep the game feeling fresh which to have a game like this survive is crucial. When they actually get around to major pve updates they are well received but it seems that most of their time is being put into pvp which most players dont really want anything to do with. I dont have an issue with pvp in this game but it seems like ALOT more time and resources are being put into pvp which makes up a smaller portion of the player base. They come out with PVE content to attract new players but then dont do anything to keep them in the game. This imo has been an issue since the game came out. Dont get me wrong the changes that are typically done are good for the most part but they take sooooo long to make content to keep the core game feeling fresh. At the end of teh day its hard to tell what direction they want to take this game in....is it a pvp game...is it a pve mmo like game? Its a shame that this has been fumbled for so long when the game at its core is so good (or could have been) i still will continue to pop in when they have these major updates (every year or whenever they happen) but its hard to log in, threes nothing to do. This game needs regular content updates ( i know this has been a topic among the player base forever now) every quarter. We need more MMO like stuff to do. The vast majority of the player base doesn't want OPR maps or even capture the flag. I mean ya for the small portion of the player base that really only play the game for its pvp is great but you're missing out on teh people who wanna do pve mmo stuff. They are all gone and most dont bother coming back because of the things stated in this review. i just wish companies would look at their game from the overall player base perspective not the small percentage. Let me be clear i dont have an issue with this game having pvp but pve for this type of game is far more fun for most people who once played this game. I want options on what to do and not feel like im forced to do a specific mode or what not. Im crazy for still having hope this will turn around but ya never know.",thought coming going since launch game core far one best action mmo like game major issue overall starter since launch major update keep game feeling fresh game like survive crucial actually get around major pve update well received seems time put pvp player dont really want anything dont issue pvp game seems like alot time resource put pvp make smaller portion player base come pve content attract new player dont anything keep game imo issue since game came dont get wrong change typically done good part take sooooo long make content keep core game feeling fresh end teh day hard tell direction want take game inis pvp gameis pve mmo like game shame fumbled long game core good could still continue pop major update every year whenever happen hard log three nothing game need regular content update know topic among player base forever every quarter need mmo like stuff vast majority player base doesnt want opr map even capture flag mean ya small portion player base really play game pvp great youre missing teh people wanna pve mmo stuff gone dont bother coming back thing stated review wish company would look game overall player base perspective small percentage let clear dont issue game pvp pve type game far fun people played game want option feel like im forced specific mode im crazy still hope turn around ya never know,True,1
I really enjoy the mechanics and feel the game provides. I can absolutely recommend the game in 2025.,really enjoy mechanic feel game provides absolutely recommend game,True,1
"I really wish they didn't abandon their core backers.  I bought the game before it came out... and I have loved every minute I've spent in the game.  Up until the payed DLC, I had done just about everything... and I loved it.  The game is beautiful, the combat is skill based and fun... it's just MY RPG.

However they decided to make a payed DLC and abandoned the people they told they would never sell DLCs to years ago.",really wish didnt abandon core backer bought game came loved every minute ive spent game payed dlc done everything loved game beautiful combat skill based fun rpg however decided make payed dlc abandoned people told would never sell dlcs year ago,False,0
"With the new hands guiding development its heading in a really good direction, that being said the real game starts when the main story ends, and the Angry Earth DLC is annoyingly a must have with the amount of content locked behind it. To date this is still the best MMO ive played.",new hand guiding development heading really good direction said real game start main story end angry earth dlc annoyingly must amount content locked behind date still best mmo ive played,True,1
"They had to roll back every EU server after mistakenly giving each player a large sum of gold. I will never forget watching the panic spread through the community and the market dry up in an instant.
It took one minute to destroy the game's economy, but the memory of seeing everyone rushing to pay off every debt they had will last forever.

10/10 would lag in war again",roll back every eu server mistakenly giving player large sum gold never forget watching panic spread community market dry instant took one minute destroy game economy memory seeing everyone rushing pay every debt last forever would lag war,True,1
vry good. Best mmo ive played. I think they may need to put it on game pass or make it cheaper for a bigger audience but all n all its fun,vry good best mmo ive played think may need put game pas make cheaper bigger audience fun,True,1
This is the most recent mmo I've spent time in. There are still some quests to do but I'm currently at level cap and don't think I'm going to buy the expansion so this is probably the end of the mmo line for me.,recent mmo ive spent time still quest im currently level cap dont think im going buy expansion probably end mmo line,True,1
É um jogo muito bom tenho  memorias muito boas com esse jogo super recomendo pelo preço vale muito apena por tantas horas de diversão,um jogo muito bom tenho memorias muito boa com esse jogo super recomendo pelo preo vale muito apena por tantas horas de diverso,True,1
"well coming back after few months the game is now un-playable for me. nothing but 5-10 seconds of pure PC freeze. it locks up my entire system, the only game to do this. not sure what they have broken but I don't recommend it now.",well coming back month game unplayable nothing second pure pc freeze lock entire system game sure broken dont recommend,False,0
"awesome mmo..much better than it was when it first came out..they fixed a lot of things, it's worth trying again",awesome mmomuch better first came outthey fixed lot thing worth trying,True,1
"PvEvP player. Graphics is beautiful, you can solo MQ and there is plenty of grind/craft to spend time on if you want. The tradinghouse in late game is fun. 

If you are social, join a company that either do a lot of PVP or have weekly activities for the end-game M3 expiditions and raids. 

Join New World Discord to find the right company for you or use the recruitment chat.",pvevp player graphic beautiful solo mq plenty grindcraft spend time want tradinghouse late game fun social join company either lot pvp weekly activity endgame expiditions raid join new world discord find right company use recruitment chat,True,1
"Paid skins are ass
also they have a AFK system thats also ass",paid skin as also afk system thats also as,False,0
"I played this game when it came out then I stopped for a bit. When I came back the lagging was and is so bad that its not playable for me, and i even upgraded my PC and internet since then. So this game needs to be optimized better. I really enjoyed playing the game at first then i was waiting for new content. Now I wouldn't recommend this game cause its made for a pro gamer level PC not a causal player anymore.",played game came stopped bit came back lagging bad playable even upgraded pc internet since game need optimized better really enjoyed playing game first waiting new content wouldnt recommend game cause made pro gamer level pc causal player anymore,False,0
"Imagine man, just imagine. You have to pay for your mount in a game you paid a full price for. Sad shit",imagine man imagine pay mount game paid full price sad shit,False,0
why did u add islands to cutless and u cant evenn go there?????????????!!!!!!!!!!!!!!!!!,add island cutless cant evenn go,True,1
I have played this game every summer since the beta but usually stop after I complete the season pass and hit max gear score. I am now level 65 and finishing up all the MSQ's. I feel committed this time I will stick through to get the best gear and see what season 10 has to offer. I dont intend on putting this game down anytime soon. This is my 4th max leveled character and each time I do a play through its been better and better optimized. If they keep it going in this direction with fresh content and fix all the bugs as they go then I feel confident this could be the MMO I needed.,played game every summer since beta usually stop complete season pas hit max gear score level finishing msqs feel committed time stick get best gear see season offer dont intend putting game anytime soon th max leveled character time play better better optimized keep going direction fresh content fix bug go feel confident could mmo needed,True,1
"Leaving a positive review in loving memory of the good old days — before clueless game design, genius-level ""fixes"" that broke everything, and clown costumes turned this gem into a joke.",leaving positive review loving memory good old day clueless game design geniuslevel fix broke everything clown costume turned gem joke,True,1
This game is amazing and very enjoyable and would recommend,game amazing enjoyable would recommend,True,1
"Amazing game that you can never play too much. Only gotten better with time!
",amazing game never play much gotten better time,True,1
"played it a year ago and now it wont load at all. went through everything online and nothing.
",played year ago wont load went everything online nothing,False,0
"🏝️ Welcome to Aeternum, Reborn

New World: Aeternum isn’t just a patch or expansion—it’s a full-blown reimagining of Amazon’s flagship MMO, now rebuilt with consoles in mind and packed with updates that elevate nearly every aspect of the experience.

Set in the cursed, mysterious island of Aeternum, the game fuses open-world exploration, faction warfare, crafting, and real-time action combat. And now, with controller support and crossplay, it's easier than ever to jump in, whether you're a solo adventurer or a guild-hardened veteran.

⚔️ Combat: Weighty, Skill-Based, and Satisfying

One of the biggest highlights is the refined combat system. This isn’t tab-targeting or button-mashing. Instead, New World leans into real-time action: you aim, dodge, block, and strike. Each weapon feels distinct, and recent updates have added:

Target locking

Enhanced hit reactions

Gamepad-friendly mechanics

Aim assist for smoother controller play

Whether you’re swinging a greataxe in a PvP siege or launching spells in a solo trial, combat now feels snappy, immersive, and rewarding.

🏹 PvE and PvP: Choose Your Destiny

Aeternum thrives on player choice. Want to fight other players for territorial control? Join a faction, declare war, and jump into massive PvP battles. Prefer PvE? Dive into corrupted dungeons, world bosses, and new endgame 10-player raids and solo trials.

For those who like both, New World offers a hybrid sandbox: go from crafting potions in a peaceful settlement to waging war on the front lines—without ever needing to make a new character.

🛠️ Crafting and Economy: A Living World

Crafting in New World isn’t an afterthought—it’s a lifestyle. Gathering, refining, and crafting feel meaningful and rewarding. Player-driven economies fuel towns, gear, and trade. If you enjoy being a blacksmith, potion brewer, or leatherworker, this game lets you shine just as bright as the warriors.

🎬 Story and Atmosphere: Deeper Than Ever

One of the most criticized areas at launch—storytelling—has been massively improved. Aeternum now offers:

Fully voiced quests

Cinematic cutscenes

Structured narrative arcs

Lore-rich environments and world-building

These enhancements give purpose to your journey beyond just leveling up or grinding loot. The world finally feels alive—and mysterious.

🎮 Console Version: Surprisingly Polished

New World: Aeternum makes a strong console debut. Performance is smooth, UI has been reworked for controller use, and matchmaking and crossplay systems integrate well across platforms. You can easily play with friends on PC or other consoles without technical hiccups.

🧩 The Few Flaws

While much improved, the game isn’t perfect:

PvP balance can still feel uneven at times

Some repetitive quest structures persist

Endgame grind is real—though arguably part of the genre

But none of these issues outweigh the sheer enjoyment and flexibility the game now offers.

✅ Final Verdict: A Triumph of Reinvention

Amazon Games has done something rare: taken community feedback seriously and rebuilt their game into something stronger, deeper, and more enjoyable.

If you tried New World before and left unimpressed, Aeternum is worth a second look. If you’re new to MMOs or coming from console, this is one of the most accessible yet immersive MMORPGs available today.
Yes AI wrote this....and yes Fortnite still sucks.",welcome aeternum reborn new world aeternum isnt patch expansionits fullblown reimagining amazon flagship mmo rebuilt console mind packed update elevate nearly every aspect experience set cursed mysterious island aeternum game fuse openworld exploration faction warfare crafting realtime action combat controller support crossplay easier ever jump whether youre solo adventurer guildhardened veteran combat weighty skillbased satisfying one biggest highlight refined combat system isnt tabtargeting buttonmashing instead new world lean realtime action aim dodge block strike weapon feel distinct recent update added target locking enhanced hit reaction gamepadfriendly mechanic aim assist smoother controller play whether youre swinging greataxe pvp siege launching spell solo trial combat feel snappy immersive rewarding pve pvp choose destiny aeternum thrives player choice want fight player territorial control join faction declare war jump massive pvp battle prefer pve dive corrupted dungeon world boss new endgame player raid solo trial like new world offer hybrid sandbox go crafting potion peaceful settlement waging war front lineswithout ever needing make new character crafting economy living world crafting new world isnt afterthoughtits lifestyle gathering refining crafting feel meaningful rewarding playerdriven economy fuel town gear trade enjoy blacksmith potion brewer leatherworker game let shine bright warrior story atmosphere deeper ever one criticized area launchstorytellinghas massively improved aeternum offer fully voiced quest cinematic cutscenes structured narrative arc lorerich environment worldbuilding enhancement give purpose journey beyond leveling grinding loot world finally feel aliveand mysterious console version surprisingly polished new world aeternum make strong console debut performance smooth ui reworked controller use matchmaking crossplay system integrate well across platform easily play friend pc console without technical hiccup flaw much improved game isnt perfect pvp balance still feel uneven time repetitive quest structure persist endgame grind realthough arguably part genre none issue outweigh sheer enjoyment flexibility game offer final verdict triumph reinvention amazon game done something rare taken community feedback seriously rebuilt game something stronger deeper enjoyable tried new world left unimpressed aeternum worth second look youre new mmos coming console one accessible yet immersive mmorpgs available today yes ai wrote thisand yes fortnite still suck,True,1
Game has massively improved since release. Mounts/raids/mutated dungeons/arenas/world pvp. Definitely worth a shot even if you wait for it to go on sale.,game massively improved since release mountsraidsmutated dungeonsarenasworld pvp definitely worth shot even wait go sale,True,1
"I’m a former Gwent Beta player, and this game really brings back those vibes. It’s absolutely amazing — and best of all, it has no Pay-to-Win mechanics, unlike MTG or Hearthstone. From what I’ve heard, monetization will focus only on cosmetics, which is fantastic. 10/10 HIGHLY RECOMMENDED!

Here are some highlights I’ve noticed so far:

Audio & Visuals: Excellent sound, music, and animations.
Deck Diversity: Plenty of viable deck options, making experimentation fun.
Market System: Unique and refreshing — I haven’t seen anything like it in other card games.
Side Lanes: A clever mechanic that adds real depth to unit placement and strategy.
Tutorial: Clear and helpful
Community Engagement: Really impressed with how actively their and team communicate and respond to feedback on Discord. No other game studio does this like they do.
Balance Updates: Frequent tweaks (weekly/daily) are fantastic and keep the game feeling fresh.
UI & Performance: Smooth, clean, and easy to use.
Card Mechanics: Creative, fun, and well thought out.",im former gwent beta player game really brings back vibe absolutely amazing best paytowin mechanic unlike mtg hearthstone ive heard monetization focus cosmetic fantastic highly recommended highlight ive noticed far audio visuals excellent sound music animation deck diversity plenty viable deck option making experimentation fun market system unique refreshing havent seen anything like card game side lane clever mechanic add real depth unit placement strategy tutorial clear helpful community engagement really impressed actively team communicate respond feedback discord game studio like balance update frequent tweak weeklydaily fantastic keep game feeling fresh ui performance smooth clean easy use card mechanic creative fun well thought,True,1
Very Fun gameplay and so many customization options!,fun gameplay many customization option,True,1
This game had potential. I say had because it is clear now after so much playing time that all they want is to loop you into doing things over and over and have mechanics to time lock items to where you have to come back to make any progress. there is something there but the time locks for crafting and certain items is a huge progression killer and makes the game feel like a chore in endgame.  if you want to play just for the story then thats ok,game potential say clear much playing time want loop thing mechanic time lock item come back make progress something time lock crafting certain item huge progression killer make game feel like chore endgame want play story thats ok,False,0
Would not recomend this game it is pile of dog shit that spent 10hours throwing up and eating on repeat!,would recomend game pile dog shit spent hour throwing eating repeat,False,0
"Fun mmo. Much better than expected.
",fun mmo much better expected,True,1
"The moderators for global chat are obviously very left-wing because I said ""illegal immigrants should leave"" and my account got suspended for a week. Might not come back at all",moderator global chat obviously leftwing said illegal immigrant leave account got suspended week might come back,False,0
"The game is awesome. This gives me vibes of Gothic/Risen universe.
The world invites for exploration from the very beginning. 
Despite some hand holding I often find myself lost in the wilderness hunting, gathering, fighting.
Combat is engaging and fun.
Harvesting skills are available from the get-go, are fun to execute and it's cool that you don't have to look for nodes, you can harvest almost everything. Trade skills are also pretty much early gained.
The plot is fine.",game awesome give vibe gothicrisen universe world invite exploration beginning despite hand holding often find lost wilderness hunting gathering fighting combat engaging fun harvesting skill available getgo fun execute cool dont look node harvest almost everything trade skill also pretty much early gained plot fine,True,1
"[h2]I'll tell you from a game tester perspective this game is good.[/h2]

Starting with those who complain about the endgame hidden behind the paywall - yes that's true but you pay once for the game and once for DLC, actualy now that's even both in one - that's all. People also complain on ""they said there wouldn't be anymore paying"" tbh i don't even know if that's true but even if it was (I am not defending them - devs aren't the best but game itself is pretty good) still, you're paying like 10x less than for the rest of MMOs and you pay before you start playing, then you're free to go, no p2w, nothing more to pay than battlepass (mainly skins and some items that you could get in the normal way) and skins itself.
And my favourite - people who spend 3k/5k/7k hours in game saying the game is bad and giving negative, love those :D
If I don't like the game, I am not playing it, if I spent more than 300-500h then it's obviously worth it.

Game improved a lot over the years, even at the begin it had this ""atmosphere"" but now it's much better - ofc there are bugs but in these days in almost every game there are bugs, more or less.

I know that it's maybe not the cheapest game, but it's worth the price - let's just look at my time spent, almost 3k and still playing when the rest of games I have around 1,3-1,5 and i'm done with them.

I'm playing just from the release in 2021 (ofc with breaks, sometimes a week, sometimes a month, but i'm still coming back and playing, found a company, we're doing both PVE and PVP contents, endgame raids etc. but I've heard even solo people are finding a lot to do here (crafting, gathering, solo trials etc.)

[h2]If You're reading comments because You're thinking about coming back or buying the game - just give it a try, don't listen those haters ;)[/h2]
",hill tell game tester perspective game goodh starting complain endgame hidden behind paywall yes thats true pay game dlc actualy thats even one thats people also complain said wouldnt anymore paying tbh dont even know thats true even defending devs arent best game pretty good still youre paying like less rest mmos pay start playing youre free go pw nothing pay battlepass mainly skin item could get normal way skin favourite people spend kkk hour game saying game bad giving negative love dont like game playing spent obviously worth game improved lot year even begin atmosphere much better ofc bug day almost every game bug less know maybe cheapest game worth price let look time spent almost still playing rest game around im done im playing release ofc break sometimes week sometimes month im still coming back playing found company pve pvp content endgame raid etc ive heard even solo people finding lot crafting gathering solo trial etc hif youre reading comment youre thinking coming back buying game give try dont listen hater,True,1
"My main game pretty much - The game is now in a state where there is plenty of progression, End game is still not packed with activities but they are getting there. The PVP modes are fun and you can get some good variety, 3v3 Arena's, Outpost rush, Caputre the flag and free for all island. PvE has some fun parts too like the raids, and farming some of the artifacts.",main game pretty much game state plenty progression end game still packed activity getting pvp mode fun get good variety arena outpost rush caputre flag free island pve fun part like raid farming artifact,True,1
"No asia server, for asians players dont bother in this pvp game, you will be in a disadvantage.",asia server asian player dont bother pvp game disadvantage,False,0
"I had fun with this game, I just wish it could pick a direction and stick to it. Not a huge fan of the way it's monetised either.",fun game wish could pick direction stick huge fan way monetised either,False,0
"Criminally underrated; this is one of the best MMOs, and one of the best RPGs I have ever played.",criminally underrated one best mmos one best rpgs ever played,True,1
"I've been playing New World off and on since it's beta. And saying it had a bumpy ride would be an understatement. Almost everything that could go wrong with an MMO, happened in New World. And the Dev response was HORRIBLE. There was a moment during it's lifecycle I REALLY thought it was going to be shut down. 
Then New World Aeternum released. Okay, console players, reworked story, whatever. The numbers started dropping again, they kept updating the game, it looked like things were mediocre, but the game survived. Then Scott Lane stepped away and a change in leadership happened. And it's like overnight we started getting more information about upcoming additions to the game, new game modes, maps, zones, weapons. And at this very moment I think New World is in the best state it's ever been. And it's only looking better in the future. AGS and whoever was calling the shots up until scott lanes departure, gets a negative review. But New World in it's current state? I can't recommend it enough. It's fun, beautiful, and its FINALLY getting better. If you are a new player considering purchasing the game. I'd say do it. This is the best time to join Aeternum.",ive playing new world since beta saying bumpy ride would understatement almost everything could go wrong mmo happened new world dev response horrible moment lifecycle really thought going shut new world aeternum released okay console player reworked story whatever number started dropping kept updating game looked like thing mediocre game survived scott lane stepped away change leadership happened like overnight started getting information upcoming addition game new game mode map zone weapon moment think new world best state ever looking better future ag whoever calling shot scott lane departure get negative review new world current state cant recommend enough fun beautiful finally getting better new player considering purchasing game id say best time join aeternum,True,1
It is a good game with Endless Potential and Amazon NEEDS to invest into this and Amazon needs to Optimize this game as much as possible. If they are smart they could be the next big MMO from 2025 into the future if they have the correct people in charge.,good game endless potential amazon need invest amazon need optimize game much possible smart could next big mmo future correct people charge,True,1
"27 hours in, not even focusing on the levelling speed. Game is fun to explore, the crafting and gathering professions feel good, haven't been excited about that in a mmo in a long ass time. Combat feels good too. The con is that  I have been playing this like a single player game, have yet to experience the social aspect. 
I did get into a few low level expeditions, but ppl just zoom through it and ignore my attempts to start a convo. Sad for me, but I can see why they just want to finish things as fast as possible. I hope the social aspect improves.",hour even focusing levelling speed game fun explore crafting gathering profession feel good havent excited mmo long as time combat feel good con playing like single player game yet experience social aspect get low level expedition ppl zoom ignore attempt start convo sad see want finish thing fast possible hope social aspect improves,True,1
"Bought the game around release, was disappointed by the buggy mess and left the game after sticking it out for a couple weeks due to friends playing the game and a hope that it would get better. Stopped playing for a couple years, came back to a much more polished game that is now fun to play but everything endgame is locked behind a DLC paywall. I put maybe 20 more hours into the game before I realized it was pointless without spending more money, because I was never going to be able to make anything worthwhile with the skills I was grinding. To me, a big appeal of New World was the ""Pay us once and play your game; no subscription needed"" mentality they had. I was okay with forking over 60 bucks because I thought that it would get me a game from start to finish. Apparently the subscription was inevitable, it just came in the form of DLC. They just HAD to add DLC and while that in and of itself wouldn't be bad, locking the only 'viable' gear and consumables, along with a whole new tier of levels for gathering and crafting, behind said DLC is not fun. 

If you spend the money and get the DLC, and you like MMO's, you'll probably like New World, but just know that you'll have to spend more money eventually if you want to have the newest and the best, and not get left in the dust.",bought game around release disappointed buggy mess left game sticking couple week due friend playing game hope would get better stopped playing couple year came back much polished game fun play everything endgame locked behind dlc paywall put maybe hour game realized pointless without spending money never going able make anything worthwhile skill grinding big appeal new world pay u play game subscription needed mentality okay forking buck thought would get game start finish apparently subscription inevitable came form dlc add dlc wouldnt bad locking viable gear consumables along whole new tier level gathering crafting behind said dlc fun spend money get dlc like mmos youll probably like new world know youll spend money eventually want newest best get left dust,False,0
It started rough at launch but the devs are slowly figuring it out.,started rough launch devs slowly figuring,True,1
"I had quite a few technical issues with the game while playing on linux OS. If the game goes on discount, I will probably purchase the game.",quite technical issue game playing linux o game go discount probably purchase game,False,0
"This is a great game for those new to MMOs and for those that are MMO veterans. There are a lot of bad reviews since launch, but its current state is amazing. It is a high price point but you will definitely get your hours out of it.",great game new mmos mmo veteran lot bad review since launch current state amazing high price point definitely get hour,True,1
"game is fun, kinda like Fantasy Destiny",game fun kinda like fantasy destiny,True,1
Love this game so much fun best mmorpg to come out in recent times we need more mmorpgs,love game much fun best mmorpg come recent time need mmorpgs,True,1
"sI NO TIENES EL DLC NO PUEDES HACER NADA, TODO LO IMPORTANTE ESTÁ BLOQUEADO",si tienes el dlc puedes hacer nada todo lo importante est bloqueado,False,0
"Great game as of Q4 2025, Lots of fun builds and trade skills. Much improved new player experience, full main story that you can actually follow. Don't buy the ""this game is dead narrative"", after the merges and console release the whole map is swarming with people on El Dorado. Exciting updates on the horizon, well worth the price of admission.",great game lot fun build trade skill much improved new player experience full main story actually follow dont buy game dead narrative merges console release whole map swarming people el dorado exciting update horizon well worth price admission,True,1
"MASSIVE VISUAL DOWNGRADE
yes that's right,  When new world updated to New World: Aeternum, they did a visual downgrade, they didn't document but its clear looking at my old footage and looking at it now.  it was announced along side the consoles version when they updated it to Aeternum, PC players got the shaft and got a massive visual downgrade across all settings apart from low, game doesn't look like anything from before Aeternum update, if i could go back and get a full refund knowing this i would.
Came back since i seen some buzz about New world, notice something wasn't right, i remember going this was one best looking MMORPGS out there, i'm not blind.
'",massive visual downgrade yes thats right new world updated new world aeternum visual downgrade didnt document clear looking old footage looking announced along side console version updated aeternum pc player got shaft got massive visual downgrade across setting apart low game doesnt look like anything aeternum update could go back get full refund knowing would came back since seen buzz new world notice something wasnt right remember going one best looking mmorpgs im blind,False,0
returning players have to pay 10$ more than new players for the expansion and the mount. if that doesnt say it all i dont know what does.,returning player pay new player expansion mount doesnt say dont know,False,0
"Beautiful world that is fun to explore, lots of stuff to do. Just hit 1200 hours and no plans to stop. :)",beautiful world fun explore lot stuff hit hour plan stop,True,1
Just don't even think about it.,dont even think,False,0
"All I wanna say is, thanks for the game. I enjoy playing it. Keep doing what your doing.",wanna say thanks game enjoy playing keep,True,1
The game is fun but all the good items are locked behind group content and if you are a returning player or new player people don't let you join them since your gear isn't good enough.,game fun good item locked behind group content returning player new player people dont let join since gear isnt good enough,False,0
"Deleting Aus servers kills the game for us, bye.",deleting au server kill game u bye,False,0
First time playing in 2025. I don't understand the negativity over the game. It's a fun game.,first time playing dont understand negativity game fun game,True,1
"Played at launch, was fun but y'all know what happened at launch. Came back 4 years later and surprisingly having fun. Most of the gripes I previously had with the game are gone and I'm remembering the things I really liked about it.",played launch fun yall know happened launch came back year later surprisingly fun gripe previously game gone im remembering thing really liked,True,1
"I am playing this for the first time in 2025. I heard it was bad on launch but thought I would try it out of sheer boredom. I am glad I did. I am only in it a few hours so far but I am liking it. I am playing as a solo player and treating it like a crafting game. Weird right? I tried some other crafting games but they were progress bar simulators. At least this game has a story, polish and great graphics. I may decide to do some group content later on but for now it is fun as a chill solo game.",playing first time heard bad launch thought would try sheer boredom glad hour far liking playing solo player treating like crafting game weird right tried crafting game progress bar simulator least game story polish great graphic may decide group content later fun chill solo game,True,1
"Like Pirates meets the American Wild West, we cross vast and unfamiliar land and sea, seeking richness and adventure.
",like pirate meet american wild west cross vast unfamiliar land sea seeking richness adventure,True,1
"Played since alpha...been playing off and on since. Coming back in August 2025, seems pretty fun since servers has been merged. Things look more lively. I do a lot of solo play, so I am glad so solo content was added when I left. I will try those out. Community can be helpful and toxic at the same time, find your niche. The server I am on seems pretty balanced between factions. I would want more people to run dungeons with especially older dungeons for people like me who are catching up. They need to add more rewards for older content so people will still do them, or at least make dungeons be able to solo if we got no one to run it with.",played since alphabeen playing since coming back august seems pretty fun since server merged thing look lively lot solo play glad solo content added left try community helpful toxic time find niche server seems pretty balanced faction would want people run dungeon especially older dungeon people like catching need add reward older content people still least make dungeon able solo got one run,True,1
"Overall a great MMO. Was tough to find PvE groups but now that more players are coming back it is quite easy to find and clear group content. 

Biggest downside is the amount of bugs still present in the game
",overall great mmo tough find pve group player coming back quite easy find clear group content biggest downside amount bug still present game,True,1
I love this game. I made a new character recently after about a year hiatus and I have been playing it on the steam deck which has been surprisingly smooth. Excited to continue leveling and crafting!,love game made new character recently year hiatus playing steam deck surprisingly smooth excited continue leveling crafting,True,1
"At begining was good to play but now in any server, lot of bot, afk, optimization is crazy, you cant play with ""new people"" in DJ, relax discover...  Only rush and pay. worst game ever !",begining good play server lot bot afk optimization crazy cant play new people dj relax discover rush pay worst game ever,False,0
"I recently decided to give New World another honest shot after some time away, and all I can say is wow. I’m blown away by how far this game has come and how much it has to offer. Almost every aspect of New World feels rewarding, detailed, and genuinely fun.

Gathering isn’t just a chore it’s enjoyable, immersive, and makes you feel part of the world. Crafting actually matters here; what you create has value, and your contributions feel impactful both personally and for your community. There’s a real sense that your effort means something, whether you’re refining resources, building gear, or just pitching in for your faction.

What’s even more impressive is the community. The players are the backbone of this game, and they’ve singlehandedly kept it alive, thriving, and better than ever. There’s a unique camaraderie here that you don’t often find in MMOs, where cooperation and collaboration truly elevate the experience.

New World isn’t just surviving  it’s growing, evolving, and capturing my attention in a way few games have. If you’ve been on the fence, or tried it before and moved on, now is the perfect time to return. It feels like a complete package: fun, meaningful, and backed by a passionate player base.

This game deserves more recognition, and I’m genuinely excited to see where it goes next. Highly recommended.",recently decided give new world another honest shot time away say wow im blown away far game come much offer almost every aspect new world feel rewarding detailed genuinely fun gathering isnt chore enjoyable immersive make feel part world crafting actually matter create value contribution feel impactful personally community there real sense effort mean something whether youre refining resource building gear pitching faction whats even impressive community player backbone game theyve singlehandedly kept alive thriving better ever there unique camaraderie dont often find mmos cooperation collaboration truly elevate experience new world isnt surviving growing evolving capturing attention way game youve fence tried moved perfect time return feel like complete package fun meaningful backed passionate player base game deserves recognition im genuinely excited see go next highly recommended,True,1
"I am not sure what goes on with the servers, but I can watch my connection to each region and will see a better ping in EU than US east or west... I am central US. The fluctuation of the connection makes this game unplayable at times. As someone who came back to the game after hearing positive updates, this is not a great start.  I also find it disheartening that they took away things that I earned though quest only to make you have to pay for it with the new expansion. Besides the companies reasons to take items from you and lack of stable connection, the core of the game play is great and very enjoyable.",sure go server watch connection region see better ping eu u east west central u fluctuation connection make game unplayable time someone came back game hearing positive update great start also find disheartening took away thing earned though quest make pay new expansion besides company reason take item lack stable connection core game play great enjoyable,False,0
Very good! We are waiting for season 10 to be great!,good waiting season great,True,1
"Good progress compared to launch- I keep coming back to play from time to time and have a lot of fun!
Interesting PVE
complex Crafting and gathering system
Fun PVP",good progress compared launch keep coming back play time time lot fun interesting pve complex crafting gathering system fun pvp,True,1
i JUST WANT YOU TO KNOW THAT PLAYING THIS GAME IN 2025 IS HOT WATER DOODOO. THE GAME WAS OVERLY GRINDY AND JUST OUTRIGHT BORING. UNFORTUNATELY I DO NOT RECOMEND THIS GAME BECAUSE THE TIME INVESTMENT CAN JUST ALL GO AWAY SINCE THESE DEVS ARE HOT WATER DOODOO.,want know playing game hot water doodoo game overly grindy outright boring unfortunately recomend game time investment go away since devs hot water doodoo,False,0
"Developers constantly ruin the game.  Their updates since 2024 have caused tons of micro stutter, even if you have an AMD 9950X3D and Nvidia 5090 or a 4090.
Tried multiple computers.

Oh yeah! Devs make it so that Tanks can do 6K crits on other players in PvP! Completely unbalanced mess of code in the current state! Fun fact! You don't get a mount unless you pay for the extra DLC!  Which game charges you for a mount?!

Servers constantly die and developers merge them together rather than fixing the spaghetti code of a mess. 

New World Devs! Did you know you could probably solve most of your bugs in 1 day if you used Ai?! Maybe even bring balance to PvP",developer constantly ruin game update since caused ton micro stutter even amd xd nvidia tried multiple computer oh yeah devs make tank crits player pvp completely unbalanced mess code current state fun fact dont get mount unless pay extra dlc game charge mount server constantly die developer merge together rather fixing spaghetti code mess new world devs know could probably solve bug day used ai maybe even bring balance pvp,False,0
Devs are very good at yapping and damn useless at making the game better for their players.,devs good yapping damn useless making game better player,False,0
"Tried to play again for the first time in a while and i load in and nothing renders and i can't move until the game closes and reopens. 
Pretty trash considering the promises the devs made
",tried play first time load nothing render cant move game close reopens pretty trash considering promise devs made,False,0
"In 27 hours I did the MSQ to get in Eysion wilds. and hit 65. I would say the first 45 levels where fun, but after that was a cut and paste very low effort repitive grind.",hour msq get eysion wild hit would say first level fun cut paste low effort repitive grind,False,0
It is very fun to play and has soooo many great quests for leveling up quickly.,fun play soooo many great quest leveling quickly,True,1
cant launch the game i get stuck on a black screen,cant launch game get stuck black screen,False,0
"New World: Aeternum feels a lot like a World of Warcraft-lite—there’s plenty of questing, crafting, and leveling, but the grind can feel relentless and, at times, surprisingly unrewarding. The world is expansive and visually appealing, yet the repetitive tasks and slow progression make it hard to stay hooked for long periods. Combat can be fun, but balance issues and lackluster endgame content hold the experience back. With more polish, meaningful rewards, and engaging systems, this could become a game worth sticking with—but right now, it struggles to capture and retain attention.",new world aeternum feel lot like world warcraftlitetheres plenty questing crafting leveling grind feel relentless time surprisingly unrewarding world expansive visually appealing yet repetitive task slow progression make hard stay hooked long period combat fun balance issue lackluster endgame content hold experience back polish meaningful reward engaging system could become game worth sticking withbut right struggle capture retain attention,False,0
"On launch this game was peak, but poor dev choices has brought it to where it is today. A dying community that gets miss treated. It's clear there are two different types of players, the type that want to keep one character and keep growing that character. Severs die out and you need to merge it with another, this is fine and you should keep doing this. But you should be catering to the crowd that like wipe cycles, starting out fresh with everyone. Along with that, the main issue is the barrier to entry. The price is too high, with the criticism the game gets. Make the game pay to unlock and lower the price to 15$ to get the full game. The 60$ price tag is no longer worth it, you need to do something over nothing.",launch game peak poor dev choice brought today dying community get miss treated clear two different type player type want keep one character keep growing character severs die need merge another fine keep catering crowd like wipe cycle starting fresh everyone along main issue barrier entry price high criticism game get make game pay unlock lower price get full game price tag longer worth need something nothing,False,0
"this game was so fun, wish i could play it for the first time again. would recommend.",game fun wish could play first time would recommend,True,1
"exploring and crafting feels rewarding, the world is stunning, and it’s easy to enjoy solo or with friends.",exploring crafting feel rewarding world stunning easy enjoy solo friend,True,1
Played just long enough to know it will never be as good as WoW. Endgame is mid at best,played long enough know never good wow endgame mid best,False,0
really exciting well planned game lots of surprises enjoyed it a lot. If you dont like crafting maybe this game isnt for you but collecting resources is so satisfying . Dungeons are fun too. Easy to level up any weapons you choose have them all,really exciting well planned game lot surprise enjoyed lot dont like crafting maybe game isnt collecting resource satisfying dungeon fun easy level weapon choose,True,1
"I was hesitant on buying this game because of the mixed reviews, but thankfully I did. This has been by far an amazing experience. I have thoroughly enjoyed the levelling progression and the main mission line has been really interesting. Crafting requires a lot of material grinding, similarly to other mmorpgs but I like how the material grind has been created. You can easily grind for mats while travelling the world and even in later stages of the game there's reasons to visit earlier areas because of how the crafting works. I mostly play PVE so I can't say if the pvp battling is done well or not, but at least the pvp areas faction wars, from a healers standpoint have been an interesting to experience.",hesitant buying game mixed review thankfully far amazing experience thoroughly enjoyed levelling progression main mission line really interesting crafting requires lot material grinding similarly mmorpgs like material grind created easily grind mat travelling world even later stage game there reason visit earlier area crafting work mostly play pve cant say pvp battling done well least pvp area faction war healer standpoint interesting experience,True,1
A really good game. One of the best RPGs I've played,really good game one best rpgs ive played,True,1
WORST PROGRESSION SYSTEM IVE EVER SEEN THIS GAME DESERVES TO BE DEAD,worst progression system ive ever seen game deserves dead,False,0
"New World is a game where you have to make your own fun. Once you complete the MSQ (Main Story Quest) there is a ton to learn about the content you would like to play (PVP or PVE) but, if you put the time in you can definitely have fun for hundreds of hours. If you come across a bug it will not be fixed for months, years, or sometimes ever. 

Choice your poison!",new world game make fun complete msq main story quest ton learn content would like play pvp pve put time definitely fun hundred hour come across bug fixed month year sometimes ever choice poison,True,1
"cant even play a game now, play it since 2022 was good back then, and now cant even stay in game for 5 minutes, the game always kicked me says ""login blocked, suspicious sofware or corupted files"" my pc doesnt have any change at all, already reinstaled the game, and even reinstall my windows, nothing happen still got kicked. holy, not the suspicious software or the file corupted, just the game sucks!!!",cant even play game play since good back cant even stay game minute game always kicked say login blocked suspicious sofware corupted file pc doesnt change already reinstaled game even reinstall window nothing happen still got kicked holy suspicious software file corupted game suck,False,0
"Plagued by technical issues, has very poor visuals.  NPCs are poorly animated during dialogues and have terrible writing.  Main quest line plays out like it was written by a 9 year old.  Quests aren't fun, they are typical MMO quests.  Gathering and crafting has potential but it's not fun to have resource nodes constantly empty because other players are harvesting them.  Instead of using the game's normal currency for fast travel, cash shop currency is used, and it's also used during crafting to make your items better, so P2W is rearing its head even in the first few hours of the game.  It's really sad that a billion dollar company like Amazon cannot make a good MMO.",plagued technical issue poor visuals npc poorly animated dialogue terrible writing main quest line play like written year old quest arent fun typical mmo quest gathering crafting potential fun resource node constantly empty player harvesting instead using game normal currency fast travel cash shop currency used also used crafting make item better pw rearing head even first hour game really sad billion dollar company like amazon cannot make good mmo,False,0
"tldr; Amazon is so rich, the real player here is just the game designer himself.

Simply put, this game feels like a giant test run—a sandbox experiment controlled by just a handful of people (mainly the lead game designer). An enormous amount of effort, labor, and money has gone into its development: building the 3D world, creating dungeons, even those sound effects. There are ten of thousands of icons, along with countless 3D items, many of which are practically useless, such as furniture or even a decorative jar you can place in your house.

The game constantly breaks every couple of weeks because the designer keeps adding or changing things without any clear plan. After three years of this on-and-off cycle, I honestly feel sorry for those who have invested so much money and effort to keep pushing out new content. In the end, the people truly in charge of game design are the players themselves, while everyone else—developers and users alike—feels more like NPCs in their playground.",tldr amazon rich real player game designer simply put game feel like giant test runa sandbox experiment controlled handful people mainly lead game designer enormous amount effort labor money gone development building world creating dungeon even sound effect ten thousand icon along countless item many practically useless furniture even decorative jar place house game constantly break every couple week designer keep adding changing thing without clear plan three year onandoff cycle honestly feel sorry invested much money effort keep pushing new content end people truly charge game design player everyone elsedevelopers user alikefeels like npc playground,False,0
Game is great.  Note a lot of people who say the game sucks have over 1k hours in it.  Clearly they hate the game... LOL,game great note lot people say game suck hour clearly hate game lol,True,1
"Is a collection of the best features of other games well put together and plenty of crafting, pvp  and fishing!!",collection best feature game well put together plenty crafting pvp fishing,True,1
"Played at Launch and the endgame was horrible. Little to do and the stuff you could do was dull and repetitive. Recently returned, to a completely remade story questline, breathtaking vistas and engaging combat. Now dont get me wrong the story is average at best and I down right dont like some of the characters, but every npc (even non story npcs) is voiced and the content keeps you moving through the world at a good pace, leveling isnt a grind and moves you towards the endgame fairly quickly. 
The game has matured a lot since launch and has quite a few new end game systems for PvE and PvP players and I have found the game to be very respectful of my time. There is no objective that HAS to be done everyday nor is there a tradeskill I HAVE to level, there is the opportunity to be more hardcore with the game and there is depth to the combat, war strategies and raids. However outside company events there is no requirement to be online. Gearing doesn't move quickly enough for you to constantly feel the need to update your gear. With the perk system getting updated in season 10 its a great time to level up and experience the world at your own pace, discover the endgame, find some artifacts without worrying too much about having bis since it will get overhauled soon. 
",played launch endgame horrible little stuff could dull repetitive recently returned completely remade story questline breathtaking vista engaging combat dont get wrong story average best right dont like character every npc even non story npc voiced content keep moving world good pace leveling isnt grind move towards endgame fairly quickly game matured lot since launch quite new end game system pve pvp player found game respectful time objective done everyday tradeskill level opportunity hardcore game depth combat war strategy raid however outside company event requirement online gearing doesnt move quickly enough constantly feel need update gear perk system getting updated season great time level experience world pace discover endgame find artifact without worrying much bi since get overhauled soon,True,1
"Whats the point in buying a game that you can't get past character creation, or log in reliably to?  Save your money for a game and developers that listen to players. FIX THE GAME, FIX IT!  Customers shouldnt have to get a VPN (that EAC detects as ""malicious software"") just to play.  For the $60 it costs it should work and yet...",whats point buying game cant get past character creation log reliably save money game developer listen player fix game fix customer shouldnt get vpn eac detects malicious software play cost work yet,False,0
"epic, super game, thanks Amazon Games",epic super game thanks amazon game,True,1
"I hate zombie games, but this game has to be the prettiest one to date. Yes, yes, I KNOW they are called the Lost but you can't tell me they aren't zombies! lol It is a fun game though. I love the features the remind me it is a cross between ESO and BDO",hate zombie game game prettiest one date yes yes know called lost cant tell arent zombie lol fun game though love feature remind cross eso bdo,True,1
This game is under new management and is good now. Don't listen to someone with 1k plus hours. I recommend coming back and trying it.,game new management good dont listen someone plus hour recommend coming back trying,True,1
Game is still fun regardless of the recent support and drop in players. I play alone tbh and have a blast! I enjoy roaming through the world and completing quests. Game just overall feels good!,game still fun regardless recent support drop player play alone tbh blast enjoy roaming world completing quest game overall feel good,True,1
"Unplayable after latest update. The game kicks me and says I have suspicious software installed. I have nothing other than standard desktop software installed and everything was working fine before 8/14/2025 patch. I restarted game, validated files, and rebooted the computer, but nothing helped. Easiest solution....uninstall game and play something else.",unplayable latest update game kick say suspicious software installed nothing standard desktop software installed everything working fine patch restarted game validated file rebooted computer nothing helped easiest solutionuninstall game play something else,False,0
This is the first MMO game I've ever properly played and I'm completely hooked! I love the fact I didn't have to buy the DLC after buying the game aswell! I love my silly horse :3,first mmo game ive ever properly played im completely hooked love fact didnt buy dlc buying game aswell love silly horse,True,1
"Almost no effort to eradicated bots, server maintenance starts at 2200 ( prime time for play ) , bugs last for months, last discord update 10 months ago. Feel game has been abandoned by devs.
Shop link works, and always up",almost effort eradicated bot server maintenance start prime time play bug last month last discord update month ago feel game abandoned devs shop link work always,False,0
"Most of the times, there are lags and server disconnections. This really destroys the joy of plaing in this graphically very nice world. But taking 10 minutes to login, getting lags every time you enter a town and so on....nah...",time lag server disconnection really destroys joy plaing graphically nice world taking minute login getting lag every time enter town onnah,False,0
"Great game, with a great combat system.",great game great combat system,True,1
"Only had about less than 100 hours of gameplay and I am enjoying the game so far. Purchased the base game years ago and now came back  & got the DLC and it became much better in terms of gameplay, storyline, and lot more.",less hour gameplay enjoying game far purchased base game year ago came back got dlc became much better term gameplay storyline lot,True,1
"I don’t usually leave reviews, but after seeing so many negative ones—especially from people with over 1,000 hours of gameplay—I felt the need to speak up about how good this game actually is.
It honestly makes no sense to me how someone can sink 500+ hours (sometimes over 1,000) into a game and still leave a negative review. If a game keeps you playing that long, it's clearly doing something right.

Active Community & Ongoing Support

This game still has a large, active player base across PC, PlayStation, and Xbox. Servers are populated, and you’ll have no trouble finding groups for any activity. The devs also continue to support the game with frequent updates and seasonal events that add variety and excitement to the experience.
Content for Every Type of Player 
Whether you're into PvE, PvP, solo or group play, this game delivers:
Farming & crafting
Dungeons & raids
Guilds & large-scale PvP wars
PvP matchmaking
Rare item & cosmetic skin hunting
Player housing with actual combat benefits
A full-featured auction house where you can flip items or gear up
Elite chest runs for farming high Gear Score equipment
You're also not locked into a single playstyle. You can freely respec your stats and try out different builds whenever you want.

Not a Money Grab

One of the best things about this game is that it’s not a cash grab.
The DLC is entirely optional. Around 90% of the endgame content takes place in areas that are included in the base game. You can enjoy high-level dungeons, PvP, raids, elite runs, and more without ever buying an expansion.
No pay-to-win mechanics. All in-game purchases are purely cosmetic—and even then, you don’t need to spend money to look good. The game is filled with awesome cosmetic rewards you can earn just by playing, especially from dungeons and high-end activities.

Final Thoughts

If you’re on the fence because of the reviews, take a closer look at how many hours those players have actually spent in the game. That alone speaks volumes.
This game offers hundreds (if not thousands) of hours of content and freedom to play your way. You 100% get your money’s worth.",dont usually leave review seeing many negative onesespecially people hour gameplayi felt need speak good game actually honestly make sense someone sink hour sometimes game still leave negative review game keep playing long clearly something right active community ongoing support game still large active player base across pc playstation xbox server populated youll trouble finding group activity devs also continue support game frequent update seasonal event add variety excitement experience content every type player whether youre pve pvp solo group play game delivers farming crafting dungeon raid guild largescale pvp war pvp matchmaking rare item cosmetic skin hunting player housing actual combat benefit fullfeatured auction house flip item gear elite chest run farming high gear score equipment youre also locked single playstyle freely respec stats try different build whenever want money grab one best thing game cash grab dlc entirely optional around endgame content take place area included base game enjoy highlevel dungeon pvp raid elite run without ever buying expansion paytowin mechanic ingame purchase purely cosmeticand even dont need spend money look good game filled awesome cosmetic reward earn playing especially dungeon highend activity final thought youre fence review take closer look many hour player actually spent game alone speaks volume game offer hundred thousand hour content freedom play way get money worth,True,1
"This game was fun when it first came out but I came back after a while, saw you needed to buy DLC to have mounts, and immediately deleted the game. The entire thing looks like one big advertisement now, no better than fortnite or COD. I am tired of these big companies nickel and diming us to enjoy the games when there are amazing games from smaller studios simply doing it better. Corporations are ruining gaming.",game fun first came came back saw needed buy dlc mount immediately deleted game entire thing look like one big advertisement better fortnite cod tired big company nickel diming u enjoy game amazing game smaller studio simply better corporation ruining gaming,False,0
This game is unplayable even on 9800x3d and 9070 XT. Sutters and freezes occur all the time with literally the best gaming CPU on the market! And this is a 4 year game. I don't recommend this unoptimized mess.,game unplayable even xd xt sutters freeze occur time literally best gaming cpu market year game dont recommend unoptimized mess,False,0
At launch a few years back this was a real shell of a game. But over the last few years the team at AGS have really improved on so many aspects of the games. I really enjoy it now. Would recommend!,launch year back real shell game last year team ag really improved many aspect game really enjoy would recommend,True,1
"Had a good time with the game. Am not, nor will ever be a fan of leveling/endgame content locked behind PvP/PvP zones only. Having to make a mad dash to collect those ducat coins and praying no one with a long-ranged weapon gets the drop on me is not a good time in my opinion. 

Overall, game is okay. I've made a few returns over the years. Could've been way better, could've been way worse. You'll get some fun out of it, at least.",good time game ever fan levelingendgame content locked behind pvppvp zone make mad dash collect ducat coin praying one longranged weapon get drop good time opinion overall game okay ive made return year couldve way better couldve way worse youll get fun least,True,1
The game was fine until they merged the servers. Now for me it's unplayable and very frustrating at times. I was considering on spending money on their store but with the support so poor I will not be. This game will be dead soon.,game fine merged server unplayable frustrating time considering spending money store support poor game dead soon,False,0
people will say what they will about this game but if you are looking to just chill out and farm an MMO this is a solid choice.,people say game looking chill farm mmo solid choice,True,1
"This game is not worth $90.00 +tax CAD.

1.
The amount of in-game bugs that interrupt game play is inappropriate for a game at this price, this is the price of a fully completed game that wouldn't have such simple errors.

2.
Overpowered mobs for no reason, which you need to kill for progression that require a group. Max level is 65, yet there's level 70 mobs whose ""defiance bar/stamina"" you can barely put a dent in. If I wanted to play dark souls on steroids I would have played dark souls - without equipping ANY armor.

3. 
The fact you need to wait several minutes, if not an hour while asking in the LFG chat for help from people is dumb and wastes player's time as there is a lack of a comprehensible LFG system except for raids/dungeons. Open world content is hit or miss due to the lack of an LFG system.

5.
The Main Story Quest bug prevented me and someone else from continuing, we had to log completely out for the day and find something else to do. So much for enjoying your purchase.The in-game purchases are expensive, you buy things you cannot at time use. It keeps saying ""Error Applying Dye"". Apparently this is an ongoing issue discussed on Reddit.

6.
Loot bags dropping inside environment. A bug that can easily cost you a artefact or legendary named item drop being inaccessible to collect.

Not worth the money at the moment. Wait until the price is lower, or the recurring frequent bugs are fixed.",game worth tax cad amount ingame bug interrupt game play inappropriate game price price fully completed game wouldnt simple error overpowered mob reason need kill progression require group max level yet there level mob whose defiance barstamina barely put dent wanted play dark soul steroid would played dark soul without equipping armor fact need wait several minute hour asking lfg chat help people dumb waste player time lack comprehensible lfg system except raidsdungeons open world content hit miss due lack lfg system main story quest bug prevented someone else continuing log completely day find something else much enjoying purchasethe ingame purchase expensive buy thing cannot time use keep saying error applying dye apparently ongoing issue discussed reddit loot bag dropping inside environment bug easily cost artefact legendary named item drop inaccessible collect worth money moment wait price lower recurring frequent bug fixed,False,0
"Combat is alright. Story is awful; if this was written by actual writers (and not AI), they should be ashamed.",combat alright story awful written actual writer ai ashamed,False,0
why is this game telling me i have no license to play the game but says i already bought new world aeternum and played 12 hours,game telling license play game say already bought new world aeternum played hour,True,1
Amazing PVP MMO!  Good build diversity if you're into theory crafting.  No need for making Alts.  Sink your time into 1 character.,amazing pvp mmo good build diversity youre theory crafting need making alt sink time character,True,1
"Great game, always one of my top 10 games played and will play for time to come 
",great game always one top game played play time come,True,1
"lots to do, fun game. If you like exploration, this is your game.",lot fun game like exploration game,True,1
The game its self is  just alright .   it looks really nice but the game play is less then ideal and the char creation leave a lot to be desired.  Customer service  just doesn't . even after to  buy from the store items still don't work and there is no one to help you GG Jeff.,game self alright look really nice game play less ideal char creation leave lot desired customer service doesnt even buy store item still dont work one help gg jeff,False,0
Bad Company Produced A Bad Game,bad company produced bad game,False,0
I hope there will be a new server and expansion.. for the new server it only applies to those who bought expansion.. I'm annoyed with people who don't want to contribute to this game.. those who don't/haven't bought expansion are just taking advantage of it.,hope new server expansion new server applies bought expansion im annoyed people dont want contribute game donthavent bought expansion taking advantage,True,1
"was a pos back then, even more of a pos now",po back even po,False,0
"+ I really liked the gameplay, it is super fun
+ Tons of things to do
+ Huge open world to explore
+ Great graphics

- Paid game with a paid DLC as well
- I haven't played for a long time and when I came back the game says my username has been taken by someone. Like for real? How can you allow this to happen? I paid for this game FFS! If it was a free to play game I would have let it slide but this is unacceptable to me",really liked gameplay super fun ton thing huge open world explore great graphic paid game paid dlc well havent played long time came back game say username taken someone like real allow happen paid game ffs free play game would let slide unacceptable,True,1
The game feels good for combat. but you run out of things to do fast and they update the game slowly,game feel good combat run thing fast update game slowly,False,0
Gotten much better since launch! Got the dlc and hyped to get my panda mount! ;D,gotten much better since launch got dlc hyped get panda mount,True,1
"Tried the game and launch and didn't like it. Now, the game won't even launch. Just hangs on loading screen.",tried game launch didnt like game wont even launch hang loading screen,False,0
"Tried this again, after playing a lot on release and stopped for a while.

This game made a positive step in my opinion and its still alive. Sadly all my friends there stopped playing as well.
The existing character was too confusing after the long time, so i started new for a bit and it was not that bad. 
If i wouldn't have any other game to play, maybe i would continue. - But yet, i'm completely burned out with this game and dont think there is a chance to come back

Recommend for people who like a class system based on your weapon",tried playing lot release stopped game made positive step opinion still alive sadly friend stopped playing well existing character confusing long time started new bit bad wouldnt game play maybe would continue yet im completely burned game dont think chance come back recommend people like class system based weapon,True,1
"I like this game because it is very expansive in exploration. Its just like real life and there is something for everybody in this game. I like the fishing mechanics, its very fun. also, any character you make can master other weapon usage so you can do what you like.",like game expansive exploration like real life something everybody game like fishing mechanic fun also character make master weapon usage like,True,1
So imagine you pay full price for a game full of bugs.. Years later it actually becomes playable. Oh but there is a catch.. you have to pay half of the price you paid again.. Thanks but no thanks.. I prefer playing core GW2 for 100 hours without any dlc and then pay 15 bucks on a dlc..,imagine pay full price game full bug year later actually becomes playable oh catch pay half price paid thanks thanks prefer playing core gw hour without dlc pay buck dlc,False,0
"I enjoy it, that's all that matters.",enjoy thats matter,True,1
"Game is great, all these people who have said negative things about the server merger for OCE server, they are wrong. There is a OCE server. Game feels full of life with crossplay active. Dont listen to the negative reviews if youre considering purchasing the game. Majority of those people like to complain about everything. Recommend giving it a go if you want a good MMO",game great people said negative thing server merger oce server wrong oce server game feel full life crossplay active dont listen negative review youre considering purchasing game majority people like complain everything recommend giving go want good mmo,True,1
"I cant even connect to the server, and my wifi is fast. I can't even get through the mian loading screen",cant even connect server wifi fast cant even get mian loading screen,False,0
"Worth trying out. Its graphics look great. Tough on higher levels. Fun to level. Haven't started much endgame content. Not entirely a PvP game, but much of it revolves around it.  It's worth playing and fun.",worth trying graphic look great tough higher level fun level havent started much endgame content entirely pvp game much revolves around worth playing fun,True,1
"You know that game that your homie defends regardless of how bad the devs are? Go play that game this one is worse lol.

Open world can look super cool but coming back after over 3 years I thought it would be better but nah. Also ridiculously convoluted systems and confusing end game. Desperately need a full overhaul and simplification so that 90% of what you do isn't wasted time",know game homie defends regardless bad devs go play game one worse lol open world look super cool coming back year thought would better nah also ridiculously convoluted system confusing end game desperately need full overhaul simplification isnt wasted time,False,0
"IDK WTF happened...i bought this game at launch... performance was good, game was ok,... just not my cup of tea.  I reinstall almost 4 years late with better hardware, it  runs much worse I have no problem running other games or programs, but this game needs... IDK what  it needs but it needs it.",idk wtf happenedi bought game launch performance good game ok cup tea reinstall almost year late better hardware run much worse problem running game program game need idk need need,False,0
"Bog standard mmo, not really any different at all. Skills are bad, and they haven't really done anything different. I kept hearing it looks beautiful but it just doesn't",bog standard mmo really different skill bad havent really done anything different kept hearing look beautiful doesnt,False,0
"Seems to be a pretty terrible company with profit as their only concern. If you like cookie cutter games where they maximize your gametime but not satisfaction, maybe this game and it's player base is for you.",seems pretty terrible company profit concern like cookie cutter game maximize gametime satisfaction maybe game player base,False,0
"Used to play this game almost daily. Now? It isn't worth the price. Almost unplayable without a $50 NZD DLC, and there isn't even enough new content to justify the price. Dying player base, multiple bots occupying every farm spot, don't waste your time and get a different game.",used play game almost daily isnt worth price almost unplayable without nzd dlc isnt even enough new content justify price dying player base multiple bot occupying every farm spot dont waste time get different game,False,0
"This game has been great to play. One of the - if not the best - experiences from an MMORPG that I have come across in the past few years. Graphics are great, the gameplay is smooth, menu navigation is easy, and there is a ton of fun things to do, so you are never bored. I love the Dungeon instances, and how easy they are to join and take part in. I've had the game for three days now, and have already sunk thirty hours into it.",game great play one best experience mmorpg come across past year graphic great gameplay smooth menu navigation easy ton fun thing never bored love dungeon instance easy join take part ive game three day already sunk thirty hour,True,1
"Just a mess of bad design choices, scummy server merges and horrible performance. 
Was fun for a few months but the only enjoyable part is the gathering.",mess bad design choice scummy server merges horrible performance fun month enjoyable part gathering,False,0
"it's the best souls like mmo , has it's ups and downs but it can be enjoyable , i usually enjoy the fresh start servers",best soul like mmo ups down enjoyable usually enjoy fresh start server,True,1
"i Genuinely like this game and its been doing really well with that being said. AGS is taking steps backwards again and im getting worried. for some reason in the new updates of the game I can be right in front of certain enemies such as the toy maker and fire arrows straight into its face/body but i have to find the sweet spot somewhere on the hitbox to even do any damage because my arrows fly through the hit box. this really shows how poorly they ""care"" for this game I have a thousand hours + in the game already and desperately want it to be good the unfortunate part about this is I can only count on them to update the game for season 10 hopefully they address this sooner rather than later, as ive already waited months for an update in the past for game breaking bugs that lead to me logging off the game hopefully new world will truly get better",genuinely like game really well said ag taking step backwards im getting worried reason new update game right front certain enemy toy maker fire arrow straight facebody find sweet spot somewhere hitbox even damage arrow fly hit box really show poorly care game thousand hour game already desperately want good unfortunate part count update game season hopefully address sooner rather later ive already waited month update past game breaking bug lead logging game hopefully new world truly get better,True,1
"im really love it this game
",im really love game,True,1
"New World: Rise of the Angry Earth – 160 Hours In, Still Hooked

After 130 hours in New World since launch, I can honestly say the Rise of the Angry Earth expansion has made me fall in love with the game all over again. The introduction of mounts is a massive quality-of-life boost — finally being able to traverse Aeternum quickly on horseback, wolves, or lions is a thrill. It gives the game that epic, open-world feel I remember from my WoW days, but with its own fresh style.

The new flail weapon is another standout. It’s versatile, mixing melee power with defensive and support abilities, which really shines in group play. Speaking of groups — this expansion is at its best when you team up. Whether you’re running expeditions, exploring the new Elysian Wilds zone, or just farming resources together, there’s a real sense of camaraderie.

The DLC also bumps the level cap to 65, adds Artifact gear with unique perks, and expands crafting, giving veteran players like me a reason to keep pushing forward. Sure, there are still occasional bugs and the mount unlocking questline is a bit of a grind, but these feel minor compared to the sheer amount of content and fun.

Verdict: An excellent expansion that breathes new life into the game — fast travel, richer team play, and more goals to chase. For MMO fans, especially those who loved WoW, this is absolutely worth diving into",new world rise angry earth hour still hooked hour new world since launch honestly say rise angry earth expansion made fall love game introduction mount massive qualityoflife boost finally able traverse aeternum quickly horseback wolf lion thrill give game epic openworld feel remember wow day fresh style new flail weapon another standout versatile mixing melee power defensive support ability really shine group play speaking group expansion best team whether youre running expedition exploring new elysian wild zone farming resource together there real sense camaraderie dlc also bump level cap add artifact gear unique perk expands crafting giving veteran player like reason keep pushing forward sure still occasional bug mount unlocking questline bit grind feel minor compared sheer amount content fun verdict excellent expansion breathes new life game fast travel richer team play goal chase mmo fan especially loved wow absolutely worth diving,True,1
"Lots of crying about how terrible the game is in global, and they may be right in end game - I've managed to keep myself entertained enough to level 2 characters to 65 and buy it both on the PS5 and here. It's pretty enjoyable!",lot cry terrible game global may right end game ive managed keep entertained enough level character buy p pretty enjoyable,True,1
"Forcing players to buy the new DLC to play end game is ridiculous. We already went through this once with being required to buy Angry Earth for mounts - which should have just been in the base game, lets be real, and they even locked 5 levels of progression behind the DLC, as well as entire weapon types. NOW, they're doing it AGAIN? Nah dude, this isn't the game it used to be, and charging more and more for new content while OPR has the same 50 people playing it all day is just kicking players while they're down and saying ""more money pweeeease"". Don't let them do it to you, stay far away.",forcing player buy new dlc play end game ridiculous already went required buy angry earth mount base game let real even locked level progression behind dlc well entire weapon type theyre nah dude isnt game used charging new content opr people playing day kicking player theyre saying money pweeeease dont let stay far away,False,0
"Lots of content, great visuals. PvP is what it is.",lot content great visuals pvp,True,1
Game has become better than what it was for almost a year long. Really enjoying it lately,game become better almost year long really enjoying lately,True,1
"The game has come a long way. PVP and PvE are both fun, lots of content, and the actual combat / gameplay loop is enjoyable. 

It's only too bad that it didn't release in this state",game come long way pvp pve fun lot content actual combat gameplay loop enjoyable bad didnt release state,True,1
Fun great game. The LOD's are the biggest trolls in the game. They should do something about that. Like oh shiny then you get close and the shiny isn't there anymore,fun great game lods biggest troll game something like oh shiny get close shiny isnt anymore,True,1
"New World: Aeternum started off rough, clunky systems, bugs, and an overall lack of polish left me disappointed at launch. But credit where it’s due, the devs are turning it around. The game today feels alive, smoother, and far more rewarding to play. Combat is tighter, the world is richer, and the grind feels better. If you dropped it early like I did, it’s absolutely worth giving another shot it’s finally the game it was meant to be.",new world aeternum started rough clunky system bug overall lack polish left disappointed launch credit due devs turning around game today feel alive smoother far rewarding play combat tighter world richer grind feel better dropped early like absolutely worth giving another shot finally game meant,True,1
"I bought it a few months after its release and I have been playing this game on and off for some time. This is a game I find myself going back to. I enjoyed this game with my friends. 

However, one of the main issues I had (and still having) is the issue with the Asia server. I wished there is something they can do since I'm lagging badly in PVPs because there is no dedicated server for SEA. I appreciate the continuous development of the game tho everytime I would install back there is always something new to the game.",bought month release playing game time game find going back enjoyed game friend however one main issue still issue asia server wished something since im lagging badly pvps dedicated server sea appreciate continuous development game tho everytime would install back always something new game,True,1
"after coming back countless times through the seasons the game has gotten worse and worse 
1. leveling is instant one minute you are lvl 7 exploring next you are lvl 25 needing dungeons that lvl 65s can join and clear in seconds so you just run around not understanding the mechanics then in a few hours you are level 65 needing to dump 100k coins for mediocre gear that wont let you run anything except lvl 25 dungeons even then you arent one shotting anything and you are probably going to die so now you are stuck at lvl 65 with trash gear no idea what you are doing and no one to help you :) 

2. by far the worst thing about this game is the community. say you pass everything learned the mechs of dungeons got decent gear and having fun yay great now you have to do hive of gorgons :) 10 player raid where team work makes the dream work but guess what :D you cant do gorgon unless you have already done gorgon and learned EVERY SINGLE MECH there is to learn people will be running gorgon 24 7 but not a single person is going to take you a new player with no experience and no end game gear that you grinded for 2k hours :) so yeah endgame content is a no go


so if you enjoy playing a game where you have no idea what you are doing no one to help you and no chance of actually experiencing the full game apart from the main story quest chains which btw is the most boring writing in any game :D then this pile of absolute garbage with constant disconnects constant lag spikes and constant maitenances then by all means play this game :) oh btw to get to level 65 which allows you to even progress into nearing end game you need to dump money in :D base game is lvl 60 which your gear score is basically worthless so playing past lvl 30 mobs is not optional",coming back countless time season game gotten worse worse leveling instant one minute lvl exploring next lvl needing dungeon lvl join clear second run around understanding mechanic hour level needing dump coin mediocre gear wont let run anything except lvl dungeon even arent one shotting anything probably going die stuck lvl trash gear idea one help far worst thing game community say pas everything learned mechs dungeon got decent gear fun yay great hive gorgon player raid team work make dream work guess cant gorgon unless already done gorgon learned every single mech learn people running gorgon single person going take new player experience end game gear grinded hour yeah endgame content go enjoy playing game idea one help chance actually experiencing full game apart main story quest chain btw boring writing game pile absolute garbage constant disconnect constant lag spike constant maitenances mean play game oh btw get level allows even progress nearing end game need dump money base game lvl gear score basically worthless playing past lvl mob optional,False,0
"I've enjoyed the start of the game, haven't had any bugs or crashes. The game is engaging and fun, and a nice graphical step up from WOW. Community seems helpful and friendly and the MMO loop is easy enough to grasp without too much guidance. Looking forward to end game content when I get there.",ive enjoyed start game havent bug crash game engaging fun nice graphical step wow community seems helpful friendly mmo loop easy enough grasp without much guidance looking forward end game content get,True,1
having a really horrible time with this game the lag and lack luster controller support,really horrible time game lag lack luster controller support,False,0
"So far, so good.
Combines a lot of what I like from stuff like BDO, GW2, and ESO (while having better feeling combat than the latter, imo) the world's fun to run around in, crafting and gathering are actually quite fun, I'm having a great time.

I had to do a bit of fiddling to get it running really smoothly, seems to be some frame pacing issues on the DX12 renderer (on my 3080 at least) - if you're having problems or random black screen flashes intermittently, try the DX11 renderer from the launch options.

Also it wasn't clear when I bought it, but buying New World: Aeternum seems to include Rise of the Angry Earth as well.

Looking forward to playing more.",far good combine lot like stuff like bdo gw eso better feeling combat latter imo world fun run around crafting gathering actually quite fun im great time bit fiddling get running really smoothly seems frame pacing issue dx renderer least youre problem random black screen flash intermittently try dx renderer launch option also wasnt clear bought buying new world aeternum seems include rise angry earth well looking forward playing,True,1
"I bought the game shortly after its release, played 450 hours, went through and felt everything that seemed interesting to me, at that time the game was a very good MMORPG. But after the release of the DLC and the ""change"" of the game towards RPG and the increase in price... it is extremely impudent on the part of Amazon, to pay money to spend less time moving around in the world, and you will be moving 40-50% of the gameplay I would say that this is a full-fledged pay to win not to mention the price of the game...i have no words, only emotions

",bought game shortly release played hour went felt everything seemed interesting time game good mmorpg release dlc change game towards rpg increase price extremely impudent part amazon pay money spend less time moving around world moving gameplay would say fullfledged pay win mention price gamei word emotion,False,0
"One of the most gorgeous games out there.  Some areas are just breath taking.  Combat is super fun and some of the bosses are complex.  That all being said, there is the drawback of lag or processing the environments in combat, but not too bad.  I might just need a new GPU.  Crafting is a weird one and it is daunting.  I keep putting it aside because its just a pain in the UI and how many mats there are.",one gorgeous game area breath taking combat super fun boss complex said drawback lag processing environment combat bad might need new gpu crafting weird one daunting keep putting aside pain ui many mat,True,1
"I like the graphics and the game play.  It feels like there is always something to do even when I'm not pushing through the main story.  I'm still not to max level and I haven't participated in any of the PVP content yet, so I may feel differently later.",like graphic game play feel like always something even im pushing main story im still max level havent participated pvp content yet may feel differently later,True,1
"For a free-ish game, its decent. Some quest's I get bored of but there's some good quest's to do. Not a bad game.",freeish game decent quest get bored there good quest bad game,True,1
its a good game for casual players,good game casual player,True,1
"horrible game, i wish i could refund and get my precious $40 back",horrible game wish could refund get precious back,False,0
"goddamn, as an asian player this sucks, they remove and merged the asian servers so somewhere where my ping is at least 190. goddamn, RIP SA/AP players",goddamn asian player suck remove merged asian server somewhere ping least goddamn rip saap player,False,0
"I bought this over two years ago. Now they want me to pay again just to access the ""new content"" that’s basically a patched version of the same game.
They merged servers, my ping is over 200ms, and most of my progress feels erased.
No compensation, no loyalty rewards — just “buy the DLC or get left behind.”

Imagine charging full price in 2025 and your character still sinks like a rock.

",bought two year ago want pay access new content thats basically patched version game merged server ping m progress feel erased compensation loyalty reward buy dlc get left behind imagine charging full price character still sink like rock,False,0
"game improved 100% over time.
-improved leveling experience
-more endgame content
-cross-server expeditions

still kinda sad that for most pvp content you need to giga-grind to even be able to compete with all the BIS gear.

if you already have the game or manage to catch it on sale go for it, otherwise i would probably avoid it.",game improved time improved leveling experience endgame content crossserver expedition still kinda sad pvp content need gigagrind even able compete bi gear already game manage catch sale go otherwise would probably avoid,True,1
so many things good about this game except the cheaters and hackers that really screw with the economy which is a very big thing. if you can deal with that then you will have a good time .,many thing good game except cheater hacker really screw economy big thing deal good time,True,1
"Improved a lot lately, became recommended!",improved lot lately became recommended,True,1
"OCE players can play, the server remains after Amazon decided not to go ahead with the closure of our server!

Play it, probably the most satisfying gathering/crafting professions i have played in an MMO. Just play on a populated server.",oce player play server remains amazon decided go ahead closure server play probably satisfying gatheringcrafting profession played mmo play populated server,True,1
"How come you need to fix bug and glitches yourself in order to play the game ? 
Trash !",come need fix bug glitch order play game trash,False,0
people sill play this shit ass game?,people sill play shit as game,False,0
"Its a fun game, definitely more to do than at launch.",fun game definitely launch,True,1
Im glad i bit the bullet and decided to try this game out and not listen to reviews. Ive played most mmos out there and was looking for a new one while waiting for Chrono Odyssey to come out. So far im really enjoying this game and can see myself sinking quite a lot of time into it.,im glad bit bullet decided try game listen review ive played mmos looking new one waiting chrono odyssey come far im really enjoying game see sinking quite lot time,True,1
"This game has come SUCH a long way from initial release. It feels 1,000% more streamlined. Less grindy and enjoyable. Are there issues, of course? Will you get your moneys worth, absolutely!",game come long way initial release feel streamlined less grindy enjoyable issue course get money worth absolutely,True,1
"New World is in a good place. It has gone through some really baron periods, but having resolved its teething issues, reinvigorated the MSQ and game content, it is now something I can confidently recommend for those with an appetite to PVP, PVE and craft/farm in game materials.",new world good place gone really baron period resolved teething issue reinvigorated msq game content something confidently recommend appetite pvp pve craftfarm game material,True,1
"This game could be good if it wasn't so incredibly easy, literally a point and click game, you'd think it would ramp up but it never does. walking to point A and accepting a quest simulator.",game could good wasnt incredibly easy literally point click game youd think would ramp never walking point accepting quest simulator,False,0
"Returning player, not disappointed so far",returning player disappointed far,True,1
Great game with solid graphics. i sunk over 800 hours into this game making it fun and great value for money.,great game solid graphic sunk hour game making fun great value money,True,1
"I have been playing this game since it first launched in 2021 and while I did enjoy it back then, I didn't stick with it and never got a character to max level. I bought the Angry Earth expansion last year when it was on sale and decided to start playing again and have been having a blast. This game has made some great improvements since launch and now has a better story and a more streamlined leveling experience. I am a very casual player and play the game solo and have really enjoyed the almost 350 hours of time spent playing. This game gets a lot of complaints about there not being enough to do and that might be true for people who play many hours a day but for a casual gamer like me, I don't have that issue. The world is beautiful, the music/sound is very immersive, the combat is fun and engaging and the life skills are really fun to level. I usually don't enjoy fishing that much in games but I find it so relaxing and enjoyable in New World. Finding a quiet fishing spot and watching the sunset or sunrise over a lake or pond is a great way to unwind after a long day. I think this game is well worth the price, especially if you can get it on sale, and it will offer many hours of content plus even more with future updates.",playing game since first launched enjoy back didnt stick never got character max level bought angry earth expansion last year sale decided start playing blast game made great improvement since launch better story streamlined leveling experience casual player play game solo really enjoyed almost hour time spent playing game get lot complaint enough might true people play many hour day casual gamer like dont issue world beautiful musicsound immersive combat fun engaging life skill really fun level usually dont enjoy fishing much game find relaxing enjoyable new world finding quiet fishing spot watching sunset sunrise lake pond great way unwind long day think game well worth price especially get sale offer many hour content plus even future update,True,1
buy the dlc to continue playing the game; bunch of loosers,buy dlc continue playing game bunch loosers,False,0
"As a game, it has it's pluses and minuses like they all do. I enjoyed my time in New World for the most part. It had a rocky start, which I was around for, and for the most part was still a lot of fun. I played for the entire first year it came out and it was very enjoyable. It has it's issues but no game is perfect. If you enjoy action combat MMOs you'll enjoy New World.

The reason I don't recommend this game to anyone is AGS. They really don't know how to run a game and their support is non existent. And that's a huge issue for an MMO. No matter how good your game is there's always going to be issues that arise. 

I'll honestly say that I had no idea how bad it really was till it happened to me. I had a bug on my character that wouldn't allow me to change factions. And before you even think it was a user error, trust me I've been through every video and forum on how to fix it and what could be causing it. It's 100% on their end. Which was fine - it happens sometimes. So I put in a ticket explaining what the issue was. A few days went by with no response so I put in another. The same thing happened again....and again...and again. I was getting absolutely no response at all from them. I posted on the forums hoping someone would see it on there...still nothing. I started digging into how others contacted support. And that's when I realized there are hundreds of people that are running into the same thing. If you encounter anything where you need to contact them and they need to look into it....well that's just tough. You're pretty much boned. Just start over (over 500 hours into a character) or just have to deal with it.

I've enjoyed my time with NW but I can't recommend it to anyone because it was really just shocking they could have this bad of customer service. It's even turned me off of the Lord of the Rings MMO they're supposedly working on. That won't be ready for 7-10 years so hopefully things are better by then - I sure hope so.

",game plus minus like enjoyed time new world part rocky start around part still lot fun played entire first year came enjoyable issue game perfect enjoy action combat mmos youll enjoy new world reason dont recommend game anyone ag really dont know run game support non existent thats huge issue mmo matter good game there always going issue arise ill honestly say idea bad really till happened bug character wouldnt allow change faction even think user error trust ive every video forum fix could causing end fine happens sometimes put ticket explaining issue day went response put another thing happened againand againand getting absolutely response posted forum hoping someone would see therestill nothing started digging others contacted support thats realized hundred people running thing encounter anything need contact need look itwell thats tough youre pretty much boned start hour character deal ive enjoyed time nw cant recommend anyone really shocking could bad customer service even turned lord ring mmo theyre supposedly working wont ready year hopefully thing better sure hope,False,0
"this game is all around amazing
",game around amazing,True,1
I am mad I let others opinions keep me away from this game.....I am having a blast and LOVE the world and whats going on in it. Give it a chance!!!!!,mad let others opinion keep away gamei blast love world whats going give chance,True,1
"Its good now, you dont have to suffer anymore",good dont suffer anymore,True,1
"Played at launch and recently decided to jump back in and give it another try, since the farming and crafting gameplay loop in itself was a lot of fun. But after about 20 minutes I realized the game has became pay to win since you pay $0.50 an hour to double your exp rates with double xp tokens. In a game where grinding your professions from a fresh account (non funded, so youre not just buying all of the materials off the market) takes hundreds of hours, being able to effectively cut that time requirement in half becomes egregious pay to win to me.",played launch recently decided jump back give another try since farming crafting gameplay loop lot fun minute realized game became pay win since pay hour double exp rate double xp token game grinding profession fresh account non funded youre buying material market take hundred hour able effectively cut time requirement half becomes egregious pay win,False,0
great game. there is no monthly subscription to play.. just buy the games and thats it. great graphics. a lot of fun.,great game monthly subscription play buy game thats great graphic lot fun,True,1
"I write this review as someone who only played the base game. I have not touched the expansion or desert zone.

As much fun as I had leveling a character to 60 and maxing out the gathering and crafting professions, recommending this game would feel disingenuous. 

Pros:
The game is beautiful. The combat is fun. Gathering flowers is satisfying. Chopping down any tree in every forest is fun. Getting XP for gathering and crafting is nice. Dungeons are fun and look awesome, to the point where I had to stop several times just to take it all in. Gooning elite areas with hundreds of players to loot chests was very fun. PvP exists if that's your jam.

Cons:
The server design feels woefully outdated and singlehandedly makes me not recommend this. New World shifted from a hardcore pvp game during development, and we saw the trappings of that design at release: fully disjunct servers, each with several areas that could be conquered by factions, granting them bonuses. This system sounds cool but ultimately leads to one faction dominating every server, and as time passes and players drop off you need to inevitably merge several nearly empty servers, rendering all that work capturing areas pointless. They should have skipped this system all together and had one unified server per region, with appropriate sharding. I don't think an MMO like New World can survive unless it works just as well with 1,000 players as it does with 1,000,000 players.

The gear grind sucks. Grinding the same dungeons over and over to get slightly better gear each time is boring.

PvP not scaling properly means you have to grind max level items before you can engage with it, unless you want to be massacred.

QoL features were extremely lacking  at the point I stopped playing. Shuffling back and forth between your stash and crafting benches to craft sucked. The dungeon finder, once introduced, was a big disappointment.

Overall:
There is definitely a good game in there, but I really think the game devs were not experienced enough making MMOs. The drastic shift in focus during development, even up to release, should raise some red flags. Too much of the design of this game holds it back from being worth getting into.",write review someone played base game touched expansion desert zone much fun leveling character maxing gathering crafting profession recommending game would feel disingenuous pro game beautiful combat fun gathering flower satisfying chopping tree every forest fun getting xp gathering crafting nice dungeon fun look awesome point stop several time take gooning elite area hundred player loot chest fun pvp exists thats jam con server design feel woefully outdated singlehandedly make recommend new world shifted hardcore pvp game development saw trapping design release fully disjunct server several area could conquered faction granting bonus system sound cool ultimately lead one faction dominating every server time pass player drop need inevitably merge several nearly empty server rendering work capturing area pointless skipped system together one unified server per region appropriate sharding dont think mmo like new world survive unless work well player player gear grind suck grinding dungeon get slightly better gear time boring pvp scaling properly mean grind max level item engage unless want massacred qol feature extremely lacking point stopped playing shuffling back forth stash crafting bench craft sucked dungeon finder introduced big disappointment overall definitely good game really think game devs experienced enough making mmos drastic shift focus development even release raise red flag much design game hold back worth getting,False,0
ignore the bad reviews New World is in a very good spot right now. Very well populated and always something to do. The future is bright in New World.,ignore bad review new world good spot right well populated always something future bright new world,True,1
"Game is as fun as you make it. Me and my friend created a guild and have gotten 12 of our friends to download the game. Right now were all having fun level and gear grinding and were excited to get into the pvp aspect. I have a few things I think are silly like how you cant attack while on a mount, or how the jump and climb mechanics are a bit bad, but overall I love the game a lot. People are pretty kind, and will help others in the global chat even when someone asks something pretty dumb. Thanks amazon for fixing this game.",game fun make friend created guild gotten friend download game right fun level gear grinding excited get pvp aspect thing think silly like cant attack mount jump climb mechanic bit bad overall love game lot people pretty kind help others global chat even someone asks something pretty dumb thanks amazon fixing game,True,1
"IMO this is an attemt from AGS at a Lost Ark 2.0 but waay more clunky,basic and unrefined.

Story: Meh...
Combat: Dog unless you're a melee enjoyer or wanna try something other than gap closing squishies followed by stun or aoe.
Playing solo: nah bro its an MMO. (doable but certain zones ""advise"" 5 man so unless you pug or suffer or run along with a 20man zerk squad you aint efficiently farming anything.)
Group play: the minimum you'd expect for an MMO.
PvP Ranking so its not just a 725 gear race?: nope Get farmed lil bro / New ungeared player.
Endgame bosses: sure if you're in a company or ChaddingtonBear with perfect gear already.

Ofcourse you could get there in the end, but you'd probably need to drop some $$ or invest a major amount of time (as a solo).
To me for what it currently has to offer, its not worth the time investment. Wait for a sale or season update. 
Fresh cyclic servers would be BIS but yeah i haven't even bothered to look into the server drama.",imo attemt ag lost ark waay clunkybasic unrefined story meh combat dog unless youre melee enjoyer wanna try something gap closing squishies followed stun aoe playing solo nah bro mmo doable certain zone advise man unless pug suffer run along man zerk squad aint efficiently farming anything group play minimum youd expect mmo pvp ranking gear race nope get farmed lil bro new ungeared player endgame boss sure youre company chaddingtonbear perfect gear already ofcourse could get end youd probably need drop invest major amount time solo currently offer worth time investment wait sale season update fresh cyclic server would bi yeah havent even bothered look server drama,False,0
Graphic is nice. Combat system is excellent. Inventory control and management is better than other mmorpg that I played.,graphic nice combat system excellent inventory control management better mmorpg played,True,1
"I've played NW:A on and off since release. I love the setting and combat system. It's a fun take on the sword, sorcery and gunpowder theme. The game looks fantastic as well. 

BUT my enjoyment and ability to stay engaged with this product has been marred with constant technical issues. 

Year 1 - Release Year: Had all the usual problems any MMO has, unstable servers, bugs, performance issues. 
Year 2 - Game felt stable server wise but still suffered greatly with performance issues.
Year 3 - People started to feel the lack of end game content, not an issue for a casual like me. Performance issues still persisted. 
Year 4 - Soft re-launch with new content, felt fairly stable, low population on servers. Performance issues remained. 
Year 5 - Present Day: Following the latest update I just constantly load into empty game worlds. 

I've changed nothing my side. My rig remains the same but the product no longer works on it. They've merged servers and when I can get into my empty game world I get kicked because of bad ping, a speed test shows my internet is fine - 14ms ping, 200Mbps Down, 22Mbps up. So the conclusion is the server I'm connecting too is the issue. 

I've now uninstalling the game. I really tried with this one. I put 80 hours into 2 characters. When it worked I loved it. But every time I pick it up to play in 2025 it was broken in some new and unusual way. 

So I quit. 

",ive played nwa since release love setting combat system fun take sword sorcery gunpowder theme game look fantastic well enjoyment ability stay engaged product marred constant technical issue year release year usual problem mmo unstable server bug performance issue year game felt stable server wise still suffered greatly performance issue year people started feel lack end game content issue casual like performance issue still persisted year soft relaunch new content felt fairly stable low population server performance issue remained year present day following latest update constantly load empty game world ive changed nothing side rig remains product longer work theyve merged server get empty game world get kicked bad ping speed test show internet fine m ping mbps mbps conclusion server im connecting issue ive uninstalling game really tried one put hour character worked loved every time pick play broken new unusual way quit,False,0
very enjoyable to play would recommend,enjoyable play would recommend,True,1
Games good. Don't believe the hate.,game good dont believe hate,True,1
Come back of the century honestly. No one is more surprised than me that the devs actually stuck with this game and didn't abandon it after a year.,come back century honestly one surprised devs actually stuck game didnt abandon year,True,1
"New World is absolutely one of the best MMOs I've ever played and that is coming from an MMO enthusiast. All the different professions in the game, the leveling process, skilling process, everything feels really good and the end game content is enjoyable a lot. I think for a new MMO to the genre this game also just has tons of potential! I would definitely recommend to anybody looking for a really good open world MMO!",new world absolutely one best mmos ive ever played coming mmo enthusiast different profession game leveling process skilling process everything feel really good end game content enjoyable lot think new mmo genre game also ton potential would definitely recommend anybody looking really good open world mmo,True,1
"After 15 months i came back, the only good thing about the game is the world and the chill during farm and exploration, maybe in some instanced pvp you are lucky and 1 in 20 games there is no snowball from one team, there is NO skill based MATCHMAKING in 2025, can you believe it . Everything else is to remake top to bottom.... combat is still unbalanced, people running away for days. They just released a weapon that deals so much damage everyone is spamming it and its not fun, the 2nd strongest weapon in the game also heals and can be used by healers that just spamm aa and debuffs for days with so little counterplay is unprecedented. The endgame consists in 2 boring raids, one of those is pretty much off limits for 90% of the player base and you just stand in a arena killing a big worm, wowowow , 1 mistake everybody dead..... the sad part is that this is the only decent mmo where you can do a bit of  farm or pvp  hoping it works and you dont find meta rats exploiting broken builds, or just chill and farm while watching a movie. MMos are pretty much done at this point.",month came back good thing game world chill farm exploration maybe instanced pvp lucky game snowball one team skill based matchmaking believe everything else remake top bottom combat still unbalanced people running away day released weapon deal much damage everyone spamming fun nd strongest weapon game also heals used healer spamm aa debuffs day little counterplay unprecedented endgame consists boring raid one pretty much limit player base stand arena killing big worm wowowow mistake everybody dead sad part decent mmo bit farm pvp hoping work dont find meta rat exploiting broken build chill farm watching movie mmos pretty much done point,False,0
"8/10 Overall it's a great game. Some Minor Glitches like any MMO but, Lets address some issues I've seen people complaining about:

1: ""You need the DLC/Things locked behind DLC"" If you get the game now you get the Aeternum version which includes the DLC. If you owned New World before the Aeternum update then yes you need to buy the Angry Earth DLC to access some stuff.

2: ""Game is P2W"" No. The game like Guild Wars (1 or 2) is Pay to Play meaning you buy the game to play but the shop only sells cosmetics and boosters for skill gains things you DO NOT need to buy by any means. As is they tend to run week long events every month that give the effects of some of the boosters such as gathering and territory gains.

3: ""Players are Toxic"" No more than any other MMO I've played TBH. It's the nature of MMOs you ar going to have @$$hats no matter what.

4: ""server merges screwed my region"" They changed a bunch of the merges for our overseas players but it is what it is. I live in the Central US and have to deal with over 100 ping on US East and 200+ on US West and I still make it work.

Overall I like the game. It gives me what I kind of wish GW2 was and the story/progression is pretty great. I've met plenty of friendly helpful people that like most MMOs help negate the toxic ones.",overall great game minor glitch like mmo let address issue ive seen people complaining need dlcthings locked behind dlc get game get aeternum version includes dlc owned new world aeternum update yes need buy angry earth dlc access stuff game pw game like guild war pay play meaning buy game play shop sell cosmetic booster skill gain thing need buy mean tend run week long event every month give effect booster gathering territory gain player toxic mmo ive played tbh nature mmos ar going hat matter server merges screwed region changed bunch merges overseas player live central u deal ping u east u west still make work overall like game give kind wish gw storyprogression pretty great ive met plenty friendly helpful people like mmos help negate toxic one,True,1
"O jogo é muito bom, mas o server estava com poucas pessoas, melhorou bastante depois do merge entre os servidores SA.",jogo muito bom ma server estava com poucas pessoas melhorou bastante depois merge entre o servidores sa,True,1
Besides a lot of the toxic players you will find in any online the game... besides that this game is awesome.,besides lot toxic player find online game besides game awesome,True,1
"Best execution of an open world MMO. Between the exploration, the combat, and interaction with other players, this feels like the model MMOs should use moving forward. Combat isn't bogged down by dozens of active skills, you can experiment with any type of loadout, there's always players working through group content, and the amount of content in the open world makes it always exciting to explore.",best execution open world mmo exploration combat interaction player feel like model mmos use moving forward combat isnt bogged dozen active skill experiment type loadout there always player working group content amount content open world make always exciting explore,True,1
"What can I say about New World, it was a lot of fun and innovation when it first released ( minus the optimization at first ). It was a breath of fresh air for MMOs and its gathering and crafting formula is being reused again and again for other games. It is fun for a while but at the end the devs kind of abandoned it in terms of new content in favor of gaining new console players. It hasn't seen any new content in years hence the decline in players.

Pros: Great gathering and crafting, great music, you can play instruments, action combat, good graphics, innovation
Cons: You only have a limited skillset, no new content, repetitive grind end game, population is low now in every world.",say new world lot fun innovation first released minus optimization first breath fresh air mmos gathering crafting formula reused game fun end devs kind abandoned term new content favor gaining new console player hasnt seen new content year hence decline player pro great gathering crafting great music play instrument action combat good graphic innovation con limited skillset new content repetitive grind end game population low every world,True,1
"the world is beautiful and nice but community and the devs make it insufferable
",world beautiful nice community devs make insufferable,False,0
Can't change the game sound output?? WTF????,cant change game sound output wtf,False,0
"Like anyone who loves MMO's, looking for an adventure, looking for something to melt into or troll the hordes of PVP'ers, this game had potential. I say had because at one time it was very popular it seems. As a former WoW player, looking for something different, similar, something not WoW, New World is dead in end game. You have the ability to start out as one class and can completely change it down the road, amazing concept. Tons of things to pick up and craft and an even more annoying crafting system that is super slow to level up, perfect, enjoy the grind.

The issue is once you reach a certain point in the game there is no force of socializing, there is no force of hey run these raids in order to raise the next wave up for end game, instead its Companies charging an arm and a leg for a carry. Ya, did that with WoW and carrying people through BT or some other last minute get this mount before Blizzard takes it away, but its sad to see there was no learning from that to prevent it or to enjoy the end game. Now its hurry up to the end so we can do the next one. The mechanics for the boss fights are good, but a bit rough on execution, having to sacrifice precious points to prevent you from min maxing your build.

All in all, beautiful graphics, fun story, but LFG is horrible, LFR is horrible, lets focus on end game content or a weird battle pass for cosmetics;",like anyone love mmos looking adventure looking something melt troll horde pvpers game potential say one time popular seems former wow player looking something different similar something wow new world dead end game ability start one class completely change road amazing concept ton thing pick craft even annoying crafting system super slow level perfect enjoy grind issue reach certain point game force socializing force hey run raid order raise next wave end game instead company charging arm leg carry ya wow carrying people bt last minute get mount blizzard take away sad see learning prevent enjoy end game hurry end next one mechanic bos fight good bit rough execution sacrifice precious point prevent min maxing build beautiful graphic fun story lfg horrible lfr horrible let focus end game content weird battle pas cosmetic,False,0
"New World is a great game. Sure, it has had it's struggles over the years but the foundation of the game is very good. The game is beautiful, the sound design is excellent, the combat is very fun. The gathering, refining, and crafting is all very good. The elements of survival melded in with MMO is fantastic, and I hope they keep leaning into that in the future. Overall, New World is a game I return back to time and again as it offers a unique MMO experience that you can't really find elsewhere.",new world great game sure struggle year foundation game good game beautiful sound design excellent combat fun gathering refining crafting good element survival melded mmo fantastic hope keep leaning future overall new world game return back time offer unique mmo experience cant really find elsewhere,True,1
"No server in Asia. Australia is not Asia. Not playable even with ping rate around 250. Internet searches indicates little support. It's too bad I think I would have enjoyed this, even with a less than ideal connection (worked ok with WoW and other games). Thanks Steam for letting me refund.",server asia australia asia playable even ping rate around internet search indicates little support bad think would enjoyed even less ideal connection worked ok wow game thanks steam letting refund,False,0
Decent MMO that doesn't try to empty your pockets,decent mmo doesnt try empty pocket,True,1
"IDk man just something about the world, crafting systems, and combat in this game just STILL scratches the mmo itch like no other",idk man something world crafting system combat game still scratch mmo itch like,True,1
"Was introduced to this game via a long time friend of mine, and was surprised by how much I enjoy the game.",introduced game via long time friend mine surprised much enjoy game,True,1
"AGS Support is the worst in the gaming industrie. 1k hours of progress gets wiped/corrupted because of their server transfers. If any returning player has this issue, dont borther , just delete the game , because support is not helping and are mostly AI anyways",ag support worst gaming industrie hour progress get wipedcorrupted server transfer returning player issue dont borther delete game support helping mostly ai anyways,False,0
3.5 stars   epic game player base sucks for the most part,star epic game player base suck part,True,1
"I gave it another chance after years of putting  on the shelf and its a lot better than I remembered it to be graphics, game play, and exploration all improved in my opinion so I'm having a good time with it. Granted i'm leveling so I cant speak on the end game loops but what I've done, I like it.",gave another chance year putting shelf lot better remembered graphic game play exploration improved opinion im good time granted im leveling cant speak end game loop ive done like,True,1
"The lack of a queuing option in the PvE endgame and the low population on servers obligate you to go around begging strangers to add you to their lobby so you can have a competitive build for PvP. That's unpleasant. The PvE content that has a queuing option doesn't have enough requirements, so you end up in lobbies with trolls. If you don't have a group of at least 6 friends to play this game, don't buy it. At least you like to beg and be humiliated by arrogant idiots so you can do the end-game content. In my case, I am uninstalling the game. If the same people are developing The Lord of the Rings MMO, I will not play it even if it is free to play.",lack queuing option pve endgame low population server obligate go around begging stranger add lobby competitive build pvp thats unpleasant pve content queuing option doesnt enough requirement end lobby troll dont group least friend play game dont buy least like beg humiliated arrogant idiot endgame content case uninstalling game people developing lord ring mmo play even free play,False,0
I like New World. Its interesting and isn't the same as every other mmo. It does have some setbacks but I think those things are just personal preference of play style and interface... But I think the vast majority of players are not bothered by those things as much.,like new world interesting isnt every mmo setback think thing personal preference play style interface think vast majority player bothered thing much,True,1
"One of the most unique and interesting mmo's out there and I genuinely enjoy the game

The soft relaunch as Aeternum is a good thing with an updated early progression and 0-60 leveling is genuinely enjoyable now and easy for new players to digest.

With that being said ALL end game content is locked behind a DLC that is priced just shy of what New World Originally sold for, this LOCKS mounts completely i.e you are unable to use mounts w/o said DLC, a new weapon as well is completely pay-walled (which can be seen as pay to win), PLUS The new gearscore and level cap of 700 and 65 respectively is locked too.

This MEANS you literally cannot compete in the endgame w/o the DLC (endgame being the crux of MMO's).

Buying the game now is $82 CAD + tax which includes the base game and DLC 

Buying the game originally was approximately $54 CAD + tax, then to get the DLC is another $41 CAD + tax.

Essentially being an early adopter means FUCK all (they didn't need to give it for free but a massively reduced price i.e $10 would've made more sense, regardless of any stance of whether the DLC should or shouldnt be a thing in a MMO you PAID FOR ORIGINALLY)

So in essence, GO F*CK YOURSELF AGS (I.e THE PERSON IN CHARGE) - IF I COULD GET A REFUND I WOULD DO SO IN A HEARTBEAT",one unique interesting mmos genuinely enjoy game soft relaunch aeternum good thing updated early progression leveling genuinely enjoyable easy new player digest said end game content locked behind dlc priced shy new world originally sold lock mount completely ie unable use mount wo said dlc new weapon well completely paywalled seen pay win plus new gearscore level cap respectively locked mean literally cannot compete endgame wo dlc endgame crux mmos buying game cad tax includes base game dlc buying game originally approximately cad tax get dlc another cad tax essentially early adopter mean fuck didnt need give free massively reduced price ie wouldve made sense regardless stance whether dlc shouldnt thing mmo paid originally essence go fck ag ie person charge could get refund would heartbeat,False,0
"i came back to this game after 4 years, i had a lot of fun creating a new character and starting a new journey from scratch, i loved the experience the leveling and the story, the graphics are top compared to any other mmo out there. one thing id love them to do is create an asian server. playing with 200+ ping is a little of a struggle. other than that my experience is amazing",came back game year lot fun creating new character starting new journey scratch loved experience leveling story graphic top compared mmo one thing id love create asian server playing ping little struggle experience amazing,True,1
"Gold sellers and buyers dominate this game, from the market to endgame content. AGS does nothing to deter this behavior. A streamer giving away 100k in coin is not unheard of and is good for business. Wurm raids are selling for 100k in coin as well. Gorgon raids go for about half. If you are not paying for a completion and are actually participating, you have to have BIS gear and better know the mechanics or being kicked is a reality, if you can even get an invite. Companies are an option if you are open to becoming a BIS puppet and follow orders. This is a brief statement based on observation of the New World Culture and will not waste anymore time concerning this game.",gold seller buyer dominate game market endgame content ag nothing deter behavior streamer giving away coin unheard good business wurm raid selling coin well gorgon raid go half paying completion actually participating bi gear better know mechanic kicked reality even get invite company option open becoming bi puppet follow order brief statement based observation new world culture waste anymore time concerning game,False,0
"Dungeons are terrible. People just rush through them, and if someone dies, they're left behind. The respawn isn't global, it's individual for each person. This means you can't catch up to the rest of the group, and since the enemies aren't killed, you just get killed by them over and over. Thirty minutes are wasted in the dungeon because you can never get the final loot since you can't make it to the end. You were abandoned by your team!",dungeon terrible people rush someone dy theyre left behind respawn isnt global individual person mean cant catch rest group since enemy arent killed get killed thirty minute wasted dungeon never get final loot since cant make end abandoned team,False,0
"this games the shit, esp with all the changes. NEW WORLD IS POPPING AGAIN I swear, my brother , my best friend n my ex friend all got into it , except for the ex they fell off because they have a shitty ally rogue. OH THE JUSTICE, i only got her one so we could play games together. WE NEVER DID not once. So now that shes tried new world for some reason it runs shitty for her , prob because she got a fake allly hahaha or dmged refurbished. anyway games too good for liars.",game shit esp change new world popping swear brother best friend ex friend got except ex fell shitty ally rogue oh justice got one could play game together never shes tried new world reason run shitty prob got fake allly hahaha dmged refurbished anyway game good liar,True,1
amazing game 10/10 would buy again,amazing game would buy,True,1
bought this a while ago now recently returned and absolutely loving it now most bugs are gone recent updates great game this has truly become,bought ago recently returned absolutely loving bug gone recent update great game truly become,True,1
I like the game. I bought it when it 1st came out...stepped away for a few years and now I'm back and enjoying it once more. Just bought the angry earth expansion. looking forward to mounts.,like game bought st came outstepped away year im back enjoying bought angry earth expansion looking forward mount,True,1
"Over 5,000 hours in this game. Multiple updates and the devs still can't figure out how to roll out an update, instead RANDOMLY kicking players out of live servers during ""peak"" hours to take the server down for maintenance. Bunch of jokers.",hour game multiple update devs still cant figure roll update instead randomly kicking player live server peak hour take server maintenance bunch joker,False,0
been having fun lately with this still needs work but its better,fun lately still need work better,True,1
It appears that a group of people with severe mental and physical handicaps attempted to make a game here,appears group people severe mental physical handicap attempted make game,False,0
Amazing game has some bugs here and there but overall definitely worth playing,amazing game bug overall definitely worth playing,True,1
"Really enjoyed this game hope it works out. The farming and combat is good, the world is outstanding just same players numbers are too low.",really enjoyed game hope work farming combat good world outstanding player number low,True,1
"Bought base game, and came back to try whats new only to learn you cant have a mount or do endgame content without DLC... rip",bought base game came back try whats new learn cant mount endgame content without dlc rip,False,0
"Came back after Aternum launched and pleasantly surprised, game feels fun now :)",came back aternum launched pleasantly surprised game feel fun,True,1
"So, Good ole New World.  I played this game when it first launched for about 450hrs-ish, got to max level yadda yadda.  Quit the game for well over a year, maybe even two years ago.  I came back to check out the new stuff and so far it's been great.  Almost like I missed it.  Let's hope season 10 is successful and helps give this game the boost it needs/needed.",good ole new world played game first launched hrsish got max level yadda yadda quit game well year maybe even two year ago came back check new stuff far great almost like missed let hope season successful help give game boost needsneeded,True,1
"Trash, can't play endgame before buying game again",trash cant play endgame buying game,False,0
wish was more pve/pvp and that servers where a lot larger in playerbase. the world and conbat is where this game shines,wish pvepvp server lot larger playerbase world conbat game shine,True,1
"Game itself isnt bad I guess?   Little to much hand holding initially.  I smell some daily grindyness.  Probably would be fun in PVP,  fast paced with low skill variety?
 Very, very console feeling.  

 Deal breaker---->  Poorly optimized and as such overheats PC realllly really bad.",game isnt bad guess little much hand holding initially smell daily grindyness probably would fun pvp fast paced low skill variety console feeling deal breaker poorly optimized overheats pc realllly really bad,False,0
garbage all servers have over a literal 1000ms ping have never had a game with such trash servers before,garbage server literal m ping never game trash server,False,0
"i was looking at my profile and hours played per game. i saw that i played 83 hours of new world

i don't remember any of it

on paper this game should be amazing but it's boring and grindy af somehow. do NOT buy",looking profile hour played per game saw played hour new world dont remember paper game amazing boring grindy af somehow buy,False,0
Fuck your angry earth in order to have a mount. gg i will keep me dollars.,fuck angry earth order mount gg keep dollar,False,0
"dont bother with the game, ive played alot and all i can say is that im disappointed with the direction of the games development. i play tank, and it seems like the only players that get any attention from the devs are DPS players, even though theres nobody playing tank or healer to fill the queues. aside from personal grievences, the games crafting system is a joke, taking an obnoxious amount of time to level your crafting skill, make or buy the specific trophies for your skill, collect/craft/buy the materials needed and WAIT FOR THE PROPER TIME OF DAY to get even a subpar weapon with RNG. im a PvE player, always have been, and unfortunately the only updates that seem to be coming out are for PvP, i put down the game for several months and when i hopped back in to see if they made any good changes, i was met with none, they added a new map and game mode for PvP and nothing for PvE. and if you think you can just ignore the PvP side of things and enjoy the PvE then you're wrong. so many artifacts are locked behind EXTENSIVE PvP to the point where you have to grind out the most boring aspects of the game for WEEKS to get some good items, and if your a tank or a healer? good luck, you cant PvP if you're not a DPS player, healers at least get to help in PvP, but tanks are completely worthless because taunts dont work on other players. The game is always broken, endgame, an entire area, and mounts are all locked behind a DLC, and the devs simply dont care about 50% of the playerbase. ive given this game so many tries you you dont have to. if you respect your own time then take my word and run as far away from this disappointment as possible.",dont bother game ive played alot say im disappointed direction game development play tank seems like player get attention devs dp player even though there nobody playing tank healer fill queue aside personal grievences game crafting system joke taking obnoxious amount time level crafting skill make buy specific trophy skill collectcraftbuy material needed wait proper time day get even subpar weapon rng im pve player always unfortunately update seem coming pvp put game several month hopped back see made good change met none added new map game mode pvp nothing pve think ignore pvp side thing enjoy pve youre wrong many artifact locked behind extensive pvp point grind boring aspect game week get good item tank healer good luck cant pvp youre dp player healer least get help pvp tank completely worthless taunt dont work player game always broken endgame entire area mount locked behind dlc devs simply dont care playerbase ive given game many try dont respect time take word run far away disappointment possible,False,0
"What an amazingly well crafted world, with quest that feel natural and purposeful, exploration that feels adventurous and worthwhile crafting mechanics also.
From what I have experienced so far, I can't understand the negative reputation of the game.  I feel it's another ""No Man Sky"" success tale as it's been 4 years since I've first tried (and Refunded) New World...  and what I've experienced now is far greater than what I've experienced at launch.

If you're looking for a ""pay-once"" MMO with depth, scratching that WoW Classic itch of achievements, exploration, crafting, and adventure in a beautifully crafted world, definitely have a look at New World!

Most  of the recent ""negative reviews"" are because some game servers were being moved, but AGS listened to player feedback and kept servers in all regions. (also, many of those negative reviews come from 0 playtime accounts!)

I'm so happy I found this again - can see myself spending many hundreds of hours in here - what a great game!",amazingly well crafted world quest feel natural purposeful exploration feel adventurous worthwhile crafting mechanic also experienced far cant understand negative reputation game feel another man sky success tale year since ive first tried refunded new world ive experienced far greater ive experienced launch youre looking payonce mmo depth scratching wow classic itch achievement exploration crafting adventure beautifully crafted world definitely look new world recent negative review game server moved ag listened player feedback kept server region also many negative review come playtime account im happy found see spending many hundred hour great game,True,1
Corporate greed. Don't fuel it. Skip it.,corporate greed dont fuel skip,False,0
I love this game but it apparently can not be played with out windows 11. I meet recommended specs and all my drivers are up to date so there is no reason as to why i cant render the login screen. i cant get any help from ags so im giving up on trying to play a game that i love at this point.,love game apparently played window meet recommended spec driver date reason cant render login screen cant get help ag im giving trying play game love point,False,0
"Imagine buying a game.. then having to pay for the game again to play a game you already own? Economy is broken, game play is dull after a while. What was once an interesting and enjoyable MMO is now a company releasing bad updates and asking for MORE Money for the exact same game.",imagine buying game pay game play game already economy broken game play dull interesting enjoyable mmo company releasing bad update asking money exact game,False,0
Awesome game and lots of people playing it.,awesome game lot people playing,True,1
Absolutely awful. Don't have any other issues with any other games but after every 5 minutes I get disconnected and my internet works completely fine. really just shows how incompetent the game devs are.,absolutely awful dont issue game every minute get disconnected internet work completely fine really show incompetent game devs,False,0
"Excellent storyline, rich world, mind-blowing soundtrack. Top-notch ARPG-style AAA graphics and combat. The MMO aspect is pretty decent in terms of PvE. Unlike other MMOs like Albion or ESO, there's no tab target combat, the action combat in New World actually has contact and feels realistic. But sadly, an MMO needs endgame. The developers have not only ignored (for the most part) critical player feedback, but they also seem to be struggling giving repeatable content that feels rewarding. No matter which lens you look at the game through, the development, content, endgame, and PvP has been underwhelming for years. They are trying but trying too little and too late. That being said. if you want to play this game as a proper AAA experience and not a perpetual ""virtual world"" MMO with a thriving player base, it's worth every penny (including the expansion). I hope they will continue to improve the game and we'll have a proper MMO aspect to this as well.",excellent storyline rich world mindblowing soundtrack topnotch arpgstyle aaa graphic combat mmo aspect pretty decent term pve unlike mmos like albion eso there tab target combat action combat new world actually contact feel realistic sadly mmo need endgame developer ignored part critical player feedback also seem struggling giving repeatable content feel rewarding matter lens look game development content endgame pvp underwhelming year trying trying little late said want play game proper aaa experience perpetual virtual world mmo thriving player base worth every penny including expansion hope continue improve game well proper mmo aspect well,True,1
"Bought the game at launch but came back recently. Dont listen to the majority of the haters. I was put off for so long because it seems like everyone and their mothers hate this game but after biting the bullet and reinstalling it, Ive had an experience unmatched by anything ive ever felt playing any MMORPG. I’ve played almost all the big ones having accumulated hundreds of hours on ESO, GW2, WoW and FF14 and new world has to be hands down my favorite. Shout out to the community in AP southeast for making it an even better experience than it already is.

Pros
-Best PVP ive experienced in any MMO thus far. I usually avoid PVPs in MMOs because i really hate having to reshuffle my stats and gear to not be one shotted constantly butbits different here. I took time to make a build that allows me to play all kinds of content comfortably which is not possible in other MMOs, particularly ESO. 

-Easy to understand and intuitive crafting and awesome life skilling.  I usually am not a crafter not a life skiller because i mainly enjoy doing end game PVE but gathering materials and seeing my skills go up everytime i do things like mining is just so fun in this game. Crafting gear also lets you choose your perks on armour which really helps you build your character to your liking and is a completely viable choice of getting gear (however i would like to note that crafting the best gear would require you to actually play endgame content to get the schematics for it which i understand would put off some of the people who enjoy a more casual experience.

-Incredible world design and atmosphere.  I have never enjoyed a world as much as I do in new world, the only thing that comes close to it for me personally. Every zone has a hnique atmosphere and I love that you can level up your standing in every zone passively just by exploring and doing whatever you want.

-Build diversity and variety. I really enjoy collecting artefacts and reading up  on different perks and unique items to make really awesome builds. I spend hours on end testing and theory crafting and its extremely addictive. Items like “The Abyss” or stat scalping gems allow players to play how they want. I personally love being able to play rapier and use magic and have it hit like a truck. 

-Objectively the best monetisation model in any MMO. There is absolutely nothing you can buy in the game to put yourself at an advantage over other players. Theres no way for you to buy gold, buy power or anything of that sorts, everything in the cash shop is purely cosmetic. And best part about it? No sub fee. You buy the game once and thats it, you have the full experience. Maybe a DLC will drop once in a while but thats pretty much it.  Im so sick of people defending predatory systems in MMOs and saying things like “its not pay to win but pay for convenience” its really sad that we are enabling this kind of monetisation that really has no respect for their playerbase and im really glad new world is one of the few MMOs that still have not implementing anything like this even during periods with low player retention where most other big MMO publishers would have done so.

Cons
-Dont like the speed runners who do their dailys and always queue low level dungeons. This is an aweful thing for new players because a lot of times max level players would queue a low level dungeon for a fast daily clear and the few low level players who are unfortunate enough to be queued with them would often get left behind not being able to get loot or enjoy the dungeon. Which is unfortunate because i really love the dungeons in this game.

-Toxic raiding community. Raid is achievable with a team of  non meta build players as long  as newer players somewhat know what they are doing and are not stubborn about having to change bits and pieces of their build. Unfortunately the vets would often refuse to help new players out but new players more often than not also refuse to change their builds when doing pubs  and are very stubborn. I suggest some sort of queuing system is put in place for raids that require players to have a baseline set of stats for their roles. 

-Character creation could use more sliders and options and some of the cosmetic items look really goofy. Recent ones have been awesome tho 

TLDR New World has become my home MMO and is currently my favourite game. Before any of the vets or just genuinely angry people come and say “yeah sure just give it a few thousand hours and youll run out of things to do” or “honey moon period” like im so sick of hearing this. If i ever even reach a stage where im bored of the game then just let me reach that stage naturally. I am having a good time with it so ill keep playing it. If im bored ill put it down and play something else.",bought game launch came back recently dont listen majority hater put long seems like everyone mother hate game biting bullet reinstalling ive experience unmatched anything ive ever felt playing mmorpg ive played almost big one accumulated hundred hour eso gw wow ff new world hand favorite shout community ap southeast making even better experience already pro best pvp ive experienced mmo thus far usually avoid pvps mmos really hate reshuffle stats gear one shotted constantly butbits different took time make build allows play kind content comfortably possible mmos particularly eso easy understand intuitive crafting awesome life skilling usually crafter life skiller mainly enjoy end game pve gathering material seeing skill go everytime thing like mining fun game crafting gear also let choose perk armour really help build character liking completely viable choice getting gear however would like note crafting best gear would require actually play endgame content get schematic understand would put people enjoy casual experience incredible world design atmosphere never enjoyed world much new world thing come close personally every zone hnique atmosphere love level standing every zone passively exploring whatever want build diversity variety really enjoy collecting artefact reading different perk unique item make really awesome build spend hour end testing theory crafting extremely addictive item like abyss stat scalping gem allow player play want personally love able play rapier use magic hit like truck objectively best monetisation model mmo absolutely nothing buy game put advantage player there way buy gold buy power anything sort everything cash shop purely cosmetic best part sub fee buy game thats full experience maybe dlc drop thats pretty much im sick people defending predatory system mmos saying thing like pay win pay convenience really sad enabling kind monetisation really respect playerbase im really glad new world one mmos still implementing anything like even period low player retention big mmo publisher would done con dont like speed runner daily always queue low level dungeon aweful thing new player lot time max level player would queue low level dungeon fast daily clear low level player unfortunate enough queued would often get left behind able get loot enjoy dungeon unfortunate really love dungeon game toxic raiding community raid achievable team non meta build player long newer player somewhat know stubborn change bit piece build unfortunately vet would often refuse help new player new player often also refuse change build pub stubborn suggest sort queuing system put place raid require player baseline set stats role character creation could use slider option cosmetic item look really goofy recent one awesome tho tldr new world become home mmo currently favourite game vet genuinely angry people come say yeah sure give thousand hour youll run thing honey moon period like im sick hearing ever even reach stage im bored game let reach stage naturally good time ill keep playing im bored ill put play something else,True,1
This game is like having a knee on your neck because the police are arresting you and while they have their knee on your neck you are overdosing on fentanyl like one person that grew up in minneaplois,game like knee neck police arresting knee neck overdosing fentanyl like one person grew minneaplois,False,0
"Allows PvE, PvP, or both. Extra rewards for Pvp, but can get without fighting. quest are to get there and back without dieing. Max level 65. Level up from exp from gathering, crafting, and killing. Never have lag, but need good bandwidth to login easier. Lots to do and explore. Only drawback beside the log in, is being difficult to talk to everyone with a chat channel for everything. World, area, Faction, Alliance, group, personal message.
Experience in group is shared (so, extra. not splitting. get normal exp + some when other group members in the area kill things on their own)",allows pve pvp extra reward pvp get without fighting quest get back without dieing max level level exp gathering crafting killing never lag need good bandwidth login easier lot explore drawback beside log difficult talk everyone chat channel everything world area faction alliance group personal message experience group shared extra splitting get normal exp group member area kill thing,True,1
"New World is great. I have never been an mmo fan, but New World is different. I've tried to get into other mmos but they always felt like cheap time sinks. But everything you do in New World feels impactful and worth your time. The life skills are just as fun as the main story content. Sometimes I just log on to fish for awhile. It takes all the things that other mmorpgs do and does them better. If you've ever been on the fence, just but it and play it. The people that complain about this game and try to turn people away are the people that are never happy with anything and they just like to cry.",new world great never mmo fan new world different ive tried get mmos always felt like cheap time sink everything new world feel impactful worth time life skill fun main story content sometimes log fish awhile take thing mmorpgs better youve ever fence play people complain game try turn people away people never happy anything like cry,True,1
"This game has so much hate surrounding it that I've always stayed away from it because of the negative. Recently, I was bored and decided to give it a shot when they mentioned some server mergers and it being on PS Plus for free, so I figured it would be a good time to get started, and I've had such a good time so much, so I'm probably going to play the new season quite a bit.",game much hate surrounding ive always stayed away negative recently bored decided give shot mentioned server merger p plus free figured would good time get started ive good time much im probably going play new season quite bit,True,1
great game i've ever played in my intire life ! character movements everything is smooth !only thing its need is FEMALE ARMORS !,great game ive ever played intire life character movement everything smooth thing need female armor,True,1
Watching Johnny Sins and Riley Reid rushing down low level raid and 3 shotting the boss. Cinema,watching johnny sin riley reid rushing low level raid shotting bos cinema,True,1
its fun with the mindset you can do solo things but the wars are kinda subjected,fun mindset solo thing war kinda subjected,True,1
Fun game to play.  Slower paced battle and just enjoyable overall,fun game play slower paced battle enjoyable overall,True,1
this is complete trash overkill on heals and shit running builds not to mention the game constantly crashes cause of imcompetent game developers,complete trash overkill heals shit running build mention game constantly crash cause imcompetent game developer,False,0
Fix your trash ass servers AGS. this update is dogshit.,fix trash as server ag update dogshit,False,0
Enjoyable game with loads to do and very interactive when playing with others,enjoyable game load interactive playing others,True,1
No MMO like it on the market at this time.,mmo like market time,True,1
"Great game, lots of content, surprised the player count isn't higher.",great game lot content surprised player count isnt higher,True,1
easy game to get into with lots of things to do solo or pvp.,easy game get lot thing solo pvp,True,1
PVE content has improved greatly since launch,pve content improved greatly since launch,True,1
Much better now then it was 2 years ago.,much better year ago,True,1
"After coming back to the game after a while a true progress is seen by developers, I truly believe this game is not as popular only because of the too high of a price for an MMO game. Ever since they gave it for free on PS  + the game feels so alive again and since it's so world PVP heavy a player base is much needed.",coming back game true progress seen developer truly believe game popular high price mmo game ever since gave free p game feel alive since world pvp heavy player base much needed,True,1
If you look for a game where you can chill this is your game. They have everything. Enjoy,look game chill game everything enjoy,True,1
"Good community, but need lot of love from Amazon to be best",good community need lot love amazon best,True,1
"Back when the game was in Beta I thought the game was very boring. All quests were very similar with it being either gather or killing. No mounts made the long walks a drag and I quit playing. Although, the game had a very good environment and the graphics are amazing.

Coming back to the game in June 2025 has peaked my interest for gaming again. The quests have more variety. They are less similar and have something unique each. The mounts make the long distances easier to do and less of a drag for PVP quests where u can't fast travel. Season 9 brings a lot of new stuff aswell where quests and new Raids give me a reason to grind better gear so I can finally participate with others. The combat system is very engaging and makes u want to level every skill tree to see what every weapon feels like. The servers are recently filling more and more due to Playstation making New World free. No moment of boredom in this game.

Ignore all the people that complain about the game and try it out for yourself. This game has now become worth my time and is my go-to when coming home to play with my friends/ colleagues.",back game beta thought game boring quest similar either gather killing mount made long walk drag quit playing although game good environment graphic amazing coming back game june peaked interest gaming quest variety less similar something unique mount make long distance easier less drag pvp quest cant fast travel season brings lot new stuff aswell quest new raid give reason grind better gear finally participate others combat system engaging make want level every skill tree see every weapon feel like server recently filling due playstation making new world free moment boredom game ignore people complain game try game become worth time goto coming home play friend colleague,True,1
"Although the game was graphically very impressive and I enjoyed gathering a lot, I found it incredibly empty and boring at launch. Coming back in July 2025, it feels much more fleshed out, the voice acted cut scenes are much better and overall the game is just much more pleasant to play. Enjoying the hell out of it these days.",although game graphically impressive enjoyed gathering lot found incredibly empty boring launch coming back july feel much fleshed voice acted cut scene much better overall game much pleasant play enjoying hell day,True,1
Great leveling experience and the ability to really grind things if that's your thing,great leveling experience ability really grind thing thats thing,True,1
"made friends, lost friends, discovered sides to myself i had never seen before, highlighted some hidden talents, made even more friends and got to meet them all in person, each and every single interaction ive had in game made a difference in my life today. and it is for the better. despite all the bugs and fails this game has offered us over the years, i am extremely grateful and can say i got way more than my money's worth the second i made the decision to buy this game at 49EUR back in 2021. i regret nothing",made friend lost friend discovered side never seen highlighted hidden talent made even friend got meet person every single interaction ive game made difference life today better despite bug fails game offered u year extremely grateful say got way money worth second made decision buy game eur back regret nothing,True,1
"Solo player. MSQ, Crafting, Soul Trials, General exploration, Beautiful world, what more could you want?
Highly recommended!",solo player msq crafting soul trial general exploration beautiful world could want highly recommended,True,1
"I primarily purchased and gave new world a try because of OCE servers. They are now removing the OCE region servers and migrating them to NA. This disadvantages me in pvp activities due to increased ping, won't be supporting this game any further.",primarily purchased gave new world try oce server removing oce region server migrating na disadvantage pvp activity due increased ping wont supporting game,False,0
"Amazon Game Studios does not listen to their playerbase and forces players to engage in PvP to acquire endgame weapons and gear, nerfs underpowered items (underpowered in PvE and PvP) at the cost of the PvE playerbase (they have tried to force the game to be a primarily PvP game) while leaving overpowered items untouched for multiple seasons, and poor quality assurance (leaving PvE endgame unplayable for months while appealing to the PvP players which are <5% of the playerbase).

It is worth mentioning the combat feel AWESOME in the game and engaging, which is what still keeps some of my friends playing, but past that I have lost hope for this game.",amazon game studio listen playerbase force player engage pvp acquire endgame weapon gear nerfs underpowered item underpowered pve pvp cost pve playerbase tried force game primarily pvp game leaving overpowered item untouched multiple season poor quality assurance leaving pve endgame unplayable month appealing pvp player playerbase worth mentioning combat feel awesome game engaging still keep friend playing past lost hope game,False,0
Great game with good content for both PVE and PVP.,great game good content pve pvp,True,1
"Great MMO. If they start to deliver on End Game, then this will be around for a very long time.",great mmo start deliver end game around long time,True,1
"After nearly 900 hours in New World, I can confidently say this game is one of the most immersive MMORPGs I’ve played. The world design is breathtaking — from dense forests and eerie ruins to vibrant cities, the game’s visual atmosphere pulls you in and keeps you there. You feel in Aeternum, not just playing it.

Combat is another strong point. The action-based system rewards skill, positioning, and timing. Whether you’re in small-scale PvP or large-scale Wars and Outpost Rush, it’s fast, responsive, and genuinely fun — a rarity in the MMO space where tab-targeting often dulls the experience.

Optimisation has come a long way since launch. Performance is solid now on decent rigs, with noticeably smoother gameplay and reduced hitches or stutters. It’s clear the devs have worked hard to get the technical side under control.

That said, content has historically been New World’s weak spot. While the foundation is excellent, seasonal updates haven’t always landed with the depth or consistency players expect. Still, with the latest expansion, the game feels more complete than ever. There’s now enough PvE, PvP, crafting, and exploration content to easily push well past 1000 hours — and I’m only just getting into the new expansion.

Yes, it gets flak — and much of it is understandable — but there’s so much to enjoy here. If you love MMORPGs with immersive worlds, meaningful PvP, and visceral combat, New World delivers. It's not perfect, but it’s definitely worth your time.",nearly hour new world confidently say game one immersive mmorpgs ive played world design breathtaking dense forest eerie ruin vibrant city game visual atmosphere pull keep feel aeternum playing combat another strong point actionbased system reward skill positioning timing whether youre smallscale pvp largescale war outpost rush fast responsive genuinely fun rarity mmo space tabtargeting often dulls experience optimisation come long way since launch performance solid decent rig noticeably smoother gameplay reduced hitch stutter clear devs worked hard get technical side control said content historically new world weak spot foundation excellent seasonal update havent always landed depth consistency player expect still latest expansion game feel complete ever there enough pve pvp crafting exploration content easily push well past hour im getting new expansion yes get flak much understandable there much enjoy love mmorpgs immersive world meaningful pvp visceral combat new world delivers perfect definitely worth time,True,1
"Stick around, find a good company, and enjoy.",stick around find good company enjoy,True,1
Don't waste your time on this garbage...... WORST PVP in the whole world of gaming.,dont waste time garbage worst pvp whole world gaming,False,0
"Just not worth the price tag, even after years of updates its a clunky mess. Plus if you thought horse armor in oblivion was a bad dlc imagine not being able to use a mount just because it isnt worth dropping an extra 30 dollars on this game.",worth price tag even year update clunky mess plus thought horse armor oblivion bad dlc imagine able use mount isnt worth dropping extra dollar game,False,0
fun to play and intriguing story,fun play intriguing story,True,1
"The ""mixed"" reviews are insane to me. 
Not even a fan of these kind of games but this one is awesome.",mixed review insane even fan kind game one awesome,True,1
 Very good game. Addictive and fun.,good game addictive fun,True,1
game has been out for years yet still runs like a POS,game year yet still run like po,False,0
Awesome game i play with my hubby,awesome game play hubby,True,1
Cannot play end game without the new DLC. They promised to never do this when starting and begging for money. DO NOT RECOMMEND.,cannot play end game without new dlc promised never starting begging money recommend,False,0
"I´ve tried almost every MMO so far and none holds my attention for long. New World has me properly hooked from the start! I really like the combat, but it also has excellent craftin and gathering, which I usally ignore completely",ive tried almost every mmo far none hold attention long new world properly hooked start really like combat also excellent craftin gathering usally ignore completely,True,1
Why does it look worse than on release?,look worse release,False,0
Horseshit support system. False positive ban and no way to appeal. Just automated response. Don't buy this game. They will take your money and then you may or may not be banned after just a few hours of playing.,horseshit support system false positive ban way appeal automated response dont buy game take money may may banned hour playing,False,0
"I think New World is finally where it needed to be a couple years ago. And with the new season 10 coming out and PlayStation making the game free, we got a lot of new players coming. I just started playing again on my third character and it feels better than ever. I was actually in a queue 7/27 and when I joined the server, it was full!!!!! Would love to see it.",think new world finally needed couple year ago new season coming playstation making game free got lot new player coming started playing third character feel better ever actually queue joined server full would love see,True,1
"This is the only game I've ever heard of to restrict basic mounts behind a full priced ""DLC"".
They act like mounts were some brilliant after thought that deserve their own full-priced DLC.

Nah, mounts weren't a brilliant after thought. Your game just sucks, and released WAY too early. The game in its current state (base+dlc) should be version 1.0. The latest patch is where the game should've been on release.

Make the ""DLC expansion"" free for everyone who currently own the game, and include all current content for future buyers as one package. This game isn't good enough to warrant ""expansions"", yet.",game ive ever heard restrict basic mount behind full priced dlc act like mount brilliant thought deserve fullpriced dlc nah mount werent brilliant thought game suck released way early game current state basedlc version latest patch game shouldve release make dlc expansion free everyone currently game include current content future buyer one package game isnt good enough warrant expansion yet,False,0
"Been a long time since I have played but remember having a lot of fun
",long time since played remember lot fun,True,1
"I really enjoyed my time with this game (over 600hrs). Even with all the bugs and borderline unplayable PvP content for quite a long time (all the way up until I stopped playing). The leveling system, variety in builds and biomes, crafting and resource gathering was quite enjoyable. There is just soo much potential here, which is why I considered coming back to give it another whirl in 2025. 

Then I found out that the end game content (raids n such) that were promised is locked behind the DLC. That and the mount people were begging for too. You apparently can't do ""end game"" content anymore without buying the DLC because the gear score was raised, so attempting ""end game"" that was originally available with the game is now out of reach. I get that this is common with MMO content / expansions, but their DLC is NOT an expansion, not really (from what I understand). Wtf Amazon?! You just can't get out of your own way, can you?!

I suppose I'm just sour because I really enjoyed this game and want to continue to enjoy it but can't understand why Amazon would keep fumbling this badly. Wish I could recommend, but I can't.",really enjoyed time game hr even bug borderline unplayable pvp content quite long time way stopped playing leveling system variety build biome crafting resource gathering quite enjoyable soo much potential considered coming back give another whirl found end game content raid promised locked behind dlc mount people begging apparently cant end game content anymore without buying dlc gear score raised attempting end game originally available game reach get common mmo content expansion dlc expansion really understand wtf amazon cant get way suppose im sour really enjoyed game want continue enjoy cant understand amazon would keep fumbling badly wish could recommend cant,False,0
Sad it turned into a pay to win game...,sad turned pay win game,False,0
"So far, so good. Coming from a couple hundred hrs in ESO on PC and Console; I was looking for a new MMO or an old one to get back into. Tried GW2 a couple years ago after being a fan initial when it first came out and it was ehhh. Might try it again, though? Haven't played WoW in YEARS, I might download it to see what's up these days. New World, however, satisfies all those MMO itches for now. Beautiful world, pretty decent story that is growing on me, add to that the various tails/lore around the area. Combat is some of the best I've seen in an MMO so far. Time will tell with this one. Just under 18hrs in and lvl 26 so still A LOT TO DO. Oh and crafting/farming etc seems to work well as well. As stated, just barely scraping the surface but from what I've experienced so far it's worth checking out.",far good coming couple hundred hr eso pc console looking new mmo old one get back tried gw couple year ago fan initial first came ehhh might try though havent played wow year might download see whats day new world however satisfies mmo itch beautiful world pretty decent story growing add various tailslore around area combat best ive seen mmo far time tell one hr lvl still lot oh craftingfarming etc seems work well well stated barely scraping surface ive experienced far worth checking,True,1
"Keep coming back to New World. There is quite a lot to do. The open world is very big and each zone has a very different feel. The combat is different depending on which weapons you use. You are not locked in to one play style. You can switch it up anytime. Magic, sword and shield, bow, flail, spear, etc. A lot of cosmetics as well and crafting is very deep. Definitely recommend this game. If you like fantasy MMO then you will enjoy New World.",keep coming back new world quite lot open world big zone different feel combat different depending weapon use locked one play style switch anytime magic sword shield bow flail spear etc lot cosmetic well crafting deep definitely recommend game like fantasy mmo enjoy new world,True,1
"Fun MMO, havent goten to endgame but the skills and exploration seem good so far.",fun mmo havent goten endgame skill exploration seem good far,True,1
"it takes a stupidly long time to load, it crashes out half a dozen times before you finally get to load in and when you actually do, you lag so badly you can't move. When you try to talk to the characters, the game doesn't let them finish their dialogue so you have to rely on subtitles to understand the quest the NPCs are sending you on. To be clear - this is not my computer. It is over and above the minimum requirements. If I hadn't played more than 2 hours, I would have had the person who gifted this mess of a game to me get it refunded.",take stupidly long time load crash half dozen time finally get load actually lag badly cant move try talk character game doesnt let finish dialogue rely subtitle understand quest npc sending clear computer minimum requirement hadnt played hour would person gifted mess game get refunded,False,0
10 out 10 do not suggest playing this game. if you have not played in a long time and had a character back then. guess what you wont have it anymore. all your progress? gone. all the materials? gone. fuck this game and fuck its developers. i hope karma comes for them hard and fast. PoS game made by a PoS developer. i wanna also add they have yet to make mounts free for everyone like they should have been from day 1. and they have yet to make first light free again like it was prior to the dlc. this game is greedier than nintendo and thats a feat.,suggest playing game played long time character back guess wont anymore progress gone material gone fuck game fuck developer hope karma come hard fast po game made po developer wanna also add yet make mount free everyone like day yet make first light free like prior dlc game greedier nintendo thats feat,False,0
"The game is pretty good over all but the most annoying thing still exists wich is the server problem. as if amazon does not have the capability to get decent server or at least more server, they reduced the few they had to 3 overall. 1 of them is a starter server where you can only play if you create a new charakter and the other 2 are already full. so i guess i have to leave and dont play the game since i cant join any server with my 200+ hrs charakter. how is this even a thing? why can we keep our charakter but cannot join anywhere with them? it just unorganised and lazy to not get a decent amount of server running or increase the capacity of a single server so it can hold enaugh people. basically i cant join my friend because the server is already full. and to start over again after putting 200+hrs into my char is pretty shit ngl. amazing how a company like amazon is too greedy to invest in better server but i guess i will not play the game then.
Update: It works if you wait till the server is not packed with player.",game pretty good annoying thing still exists wich server problem amazon capability get decent server least server reduced overall starter server play create new charakter already full guess leave dont play game since cant join server hr charakter even thing keep charakter cannot join anywhere unorganised lazy get decent amount server running increase capacity single server hold enaugh people basically cant join friend server already full start putting hr char pretty shit ngl amazing company like amazon greedy invest better server guess play game update work wait till server packed player,True,1
"Here’s a balanced review of New World: Aeternum, highlighting what makes it awesome and where it falls short.

Positive Points

Aeternum’s world is gorgeous on PC, with vibrant forests, creepy swamps, and detailed environments, enhanced by dynamic lighting and high-res textures for an immersive vibe. Action-based combat feels tight with mouse and keyboard, offering diverse weapons like Greatsword and Blunderbuss for thrilling, skill-driven PvE and PvP fights. The classless system lets you swap weapons and playstyles anytime, with deep skill trees keeping builds fresh and fun for experimentation. Updated quests and cinematic cutscenes make the Azoth-driven story of the Eternal Isle more engaging and easier to follow than the original.

A streamlined early game and solo-focused content make it great for casual PC players, with co-op options for when you want to team up. Gathering resources like wood or ore is satisfying, with boosted trade skills for archetypes like Ranger, making crafting a fun part of progression. The 10-player Hive of Gorgons raid mixes exciting combat, clever puzzles, and unique gear perks, offering a solid endgame challenge.

Cross-play with consoles keeps the PC community lively, making it easy to group up for PvE expeditions or PvP battles.

Horses, wolves, and lions speed up travel, with customizable looks and upgrades, cutting down on the slog of running across Aeternum.

Amazon’s ongoing patches, seasonal events, and new gear keep it fresh and engaging for long-term players.

Negative's

Settings Limitations: There’s no option to fully hide other players’ mounts or pets, even in crowded areas. The “Hide Characters” setting (under Graphics > Visuals) only reduces player models at low FPS and doesn’t consistently hide mounts or pets, leading to visual clutter and performance dips. Despite optimizations, crowded areas like settlements or world events can cause frame drops on mid-range PCs, and high graphical settings demand a beefy rig.

While the story is improved, many side quests still feel samey, relying heavily on fetch or kill tasks, which can get tedious for players wanting more variety. Leveling up trade skills or endgame gear can feel like a slog, requiring hours of gathering or farming, which might bore players who aren’t into grinding.

The game’s systems—like territory control or crafting—can overwhelm new players, with tutorials that don’t fully explain complex mechanics.

While PvP is fun, open-world PvP requires flagging, and structured modes like Outpost Rush can have long queue times, frustrating players who love competitive play.

Peak times can lead to lag or disconnects, and server merges in the past have caused inventory or progress bugs, though patches have improved this.


Overall, No game is perfect, but it’s a ton of fun. The world is gorgeous, combat feels great, and there’s so much to do, from crafting to epic raids. The item shop’s premium currency is a pain, and settings like hiding mounts or pets don’t work as well as they should, which can make things feel cluttered or laggy. Still, if you’re down for a grind and love exploring a vibrant world, it’s a blast. The mix of solo-friendly quests, deep systems, and cross-platform play keeps you hooked, even with the hiccups.",here balanced review new world aeternum highlighting make awesome fall short positive point aeternums world gorgeous pc vibrant forest creepy swamp detailed environment enhanced dynamic lighting highres texture immersive vibe actionbased combat feel tight mouse keyboard offering diverse weapon like greatsword blunderbuss thrilling skilldriven pve pvp fight classless system let swap weapon playstyles anytime deep skill tree keeping build fresh fun experimentation updated quest cinematic cutscenes make azothdriven story eternal isle engaging easier follow original streamlined early game solofocused content make great casual pc player coop option want team gathering resource like wood ore satisfying boosted trade skill archetype like ranger making crafting fun part progression player hive gorgon raid mix exciting combat clever puzzle unique gear perk offering solid endgame challenge crossplay console keep pc community lively making easy group pve expedition pvp battle horse wolf lion speed travel customizable look upgrade cutting slog running across aeternum amazon ongoing patch seasonal event new gear keep fresh engaging longterm player negative setting limitation there option fully hide player mount pet even crowded area hide character setting graphic visuals reduces player model low fps doesnt consistently hide mount pet leading visual clutter performance dip despite optimization crowded area like settlement world event cause frame drop midrange pc high graphical setting demand beefy rig story improved many side quest still feel samey relying heavily fetch kill task get tedious player wanting variety leveling trade skill endgame gear feel like slog requiring hour gathering farming might bore player arent grinding game systemslike territory control craftingcan overwhelm new player tutorial dont fully explain complex mechanic pvp fun openworld pvp requires flagging structured mode like outpost rush long queue time frustrating player love competitive play peak time lead lag disconnect server merges past caused inventory progress bug though patch improved overall game perfect ton fun world gorgeous combat feel great there much crafting epic raid item shop premium currency pain setting like hiding mount pet dont work well make thing feel cluttered laggy still youre grind love exploring vibrant world blast mix solofriendly quest deep system crossplatform play keep hooked even hiccup,True,1
"This game had a lot of potential, and instead of improving, it has gotten worse over time, ruining its potential. Leveling has become too easy, which gives no motivation to continue playing. I cut a tree and gained 5 woodcutting levels instantly. There is a cash shop that can boost this even further now, making New World a pay-to-fast game. Mounts are also locked behind a $30 extension.

It saddens me because the potential was there. Beautiful graphics, beautiful user interface, excellent combat (best in genre in my opinion), but super bad balancing overall, ruining everything else.",game lot potential instead improving gotten worse time ruining potential leveling become easy give motivation continue playing cut tree gained woodcutting level instantly cash shop boost even making new world paytofast game mount also locked behind extension saddens potential beautiful graphic beautiful user interface excellent combat best genre opinion super bad balancing overall ruining everything else,False,0
"one of  best games that ever existed, there is alot of room for improvments",one best game ever existed alot room improvments,True,1
"Now they are adding banner crap? I have already paid for this game, amazon sucks",adding banner crap already paid game amazon suck,False,0
This game had so much potential. Then they fired the guy that was in charge and replaced him with a bunch of men that wear dresses.,game much potential fired guy charge replaced bunch men wear dress,False,0
"Bought years ago and never really got into it. Waited a while, tried again and the game is broken. Can not even play it.",bought year ago never really got waited tried game broken even play,False,0
"If you live in Australia do not buy this product. They will soon no longer have servers in Australia meaning high pings in a PVP game where ping can make a difference. I really did like the game and got a lot of hours out of it, but as an Australian I can not condone a product that is hurtful to a vast group of consumers, I would boycott this if was also any country other then Australia as well.",live australia buy product soon longer server australia meaning high ping pvp game ping make difference really like game got lot hour australian condone product hurtful vast group consumer would boycott also country australia well,False,0
"great for new players, kinda lame end game content.  Its fun.",great new player kinda lame end game content fun,True,1
"I like everything about this game, honestly don't have any complaints. Combat system is great, visuals are amazing. The story is intriguing, love the whole pirate aspect. I've got to max level but still continuing to finish the story quests and take it all in before I worry about end game content.",like everything game honestly dont complaint combat system great visuals amazing story intriguing love whole pirate aspect ive got max level still continuing finish story quest take worry end game content,True,1
They charge real life money for haircuts and transmogs. Stay away from this dumpster fire.,charge real life money haircut transmogs stay away dumpster fire,False,0
"Fantastic game. Well done, Really enjoying this title. Started to play it on PS5 whilst free put 4 hours in, loaded Steam now im 24 hours in in 2 days. Great  layout, this is how a MMORPG should be done. By far the better of the ones ive played in recent years. 

Love the gameplay and the mechanics, Skyrim / RuneScape vibes haha!

Well done Dev team",fantastic game well done really enjoying title started play p whilst free put hour loaded steam im hour day great layout mmorpg done far better one ive played recent year love gameplay mechanic skyrim runescape vibe haha well done dev team,True,1
"Started really strong, was a blast playing but when hitting endgame the game became static, way too grindy and the once beautiful scenery is just there without interactions...
Sad that this game went from a: Damn that soo nice and awesome 10/10 game to a; why would i start playing this again game... 2/10 
Would not recommend to anyone who wants to play this game like gw2 or wow etc.",started really strong blast playing hitting endgame game became static way grindy beautiful scenery without interaction sad game went damn soo nice awesome game would start playing game would recommend anyone want play game like gw wow etc,False,0
"Best MMORPG out there. Not in its best state, but it keeps improving.",best mmorpg best state keep improving,True,1
really fun . been playing with my son and having a blast. dont let the hyper negative guys ruin the thought of trying for you!,really fun playing son blast dont let hyper negative guy ruin thought trying,True,1
"Great experience with the game and community so far. Loving the questing and PvE side of it. As for PvP; i duel every so often and its just as fun. I'm currently at lvl 46, and looking forward to lvl 65. Enjoying every moment!",great experience game community far loving questing pve side pvp duel every often fun im currently lvl looking forward lvl enjoying every moment,True,1
"slop even the charecter creation is horrid and sorely lacking, considering a multi billion dollar company had influence in this game and it came back with this slop is unreal",slop even charecter creation horrid sorely lacking considering multi billion dollar company influence game came back slop unreal,False,0
"
This is an extremely basic ""mmorpg"". Leveling is horribly unbalanced requiring only the main quest to be finished. Dungeons are rushed through all through the leveling experience, crafting worthless since everything can be bought for peanuts in the trading house. At endgame is tedious dailies galore with few progression raids, blob pvp and the rpg mechanics with the depth of a puddle. Play any other mmo. a pass.",extremely basic mmorpg leveling horribly unbalanced requiring main quest finished dungeon rushed leveling experience crafting worthless since everything bought peanut trading house endgame tedious daily galore progression raid blob pvp rpg mechanic depth puddle play mmo pas,False,0
"Don't buy it, forced DLC to access endgame at 30 dollars. A complete scam for new and returning players to this.

How does this company fail at every step when players are willing time and time again to come back to see if they've fixed the issues is beyond me.",dont buy forced dlc access endgame dollar complete scam new returning player company fail every step player willing time time come back see theyve fixed issue beyond,False,0
Fun game to get lost in for hours!,fun game get lost hour,True,1
Just crashes nonstop. I have a 7900xt and a 5800x3d. Refunding smh.,crash nonstop xt xd refunding smh,False,0
So much to like about this game. I only wish the leveling process was slower and more opportunities for grouping while questing were present. Maybe level squish end game players when entering lower level dungeons? Just sayin'. The store is way too expensive and that's all I'm gonna say about that. And for us weirdo's that like to make alts a bit of shared inventory/mail system would be nice. I hope that some of the feel of this game carry's over into the LOTR game they are making. That is if it's not cancelled 2 years into development.  Just know this game has a beginning and an end. There is nothing to be gained by playing after the story unless you wanna PVP or arer a completionist but there just wasn't anything here to keep me engaged. The framework of this game is great.,much like game wish leveling process slower opportunity grouping questing present maybe level squish end game player entering lower level dungeon sayin store way expensive thats im gonna say u weirdo like make alt bit shared inventorymail system would nice hope feel game carry lotr game making cancelled year development know game beginning end nothing gained playing story unless wanna pvp arer completionist wasnt anything keep engaged framework game great,True,1
"Super solo friendly MMO. Tons of ways to play as your character can repec into any weapon combo (Class) and Stats. A bit of a grind if you wanta do Trade Skills (Mining, Logging, Crafting, etc...) but I like the Grind.",super solo friendly mmo ton way play character repec weapon combo class stats bit grind wanta trade skill mining logging crafting etc like grind,True,1
"good game - great combat system, it came a long a way since launch. Now we wait for season 10",good game great combat system came long way since launch wait season,True,1
in it's current iteration it's genuinely unplayable on my computer. even after several uninstalls and clean windows installs.,current iteration genuinely unplayable computer even several uninstalls clean window installs,False,0
"Starting playing, and its one of the best MMO's iv played. Its like Fable, Skyrim, WoW and Lineage 2 had a child :)  I got no clue why in hell how ppl don't play this and have a negative review. Its like they are all being paid by Blizz ;P. Ppl are all over the world and details are some of the best iv seen! There are events and ppl all over the place having fun. Its so rich and deep world to explore. The details in menus world, quest givers, dialog is so polished. Its like seeing Lord of the rings trilogy for the first time. PVP and factions all over the map! Wars! and casle siges. Skillz ur character has are really cool looking whit amazing sounds. Its an real MMO feeling all over. Haven't had an experience  like this for an game sins WoW and Lineage 2 came out, and that's saying a lot from me. So would i recommend this for real MMO dudes, yes :)",starting playing one best mmos iv played like fable skyrim wow lineage child got clue hell ppl dont play negative review like paid blizz ppl world detail best iv seen event ppl place fun rich deep world explore detail menu world quest giver dialog polished like seeing lord ring trilogy first time pvp faction map war casle siges skillz ur character really cool looking whit amazing sound real mmo feeling havent experience like game sin wow lineage came thats saying lot would recommend real mmo dude yes,True,1
"for some reason they removed the need to make ammunition.  why!?
So are the axes, pick other tools next!?
i find a game i like.
Then some Twit changes it to something i do not like.",reason removed need make ammunition ax pick tool next find game like twit change something like,False,0
"Over the years I've watched this game slowly deteriorate, sad really.  Now, it's basically pay-to-win with the DLC.  So very glad I stopped playing this game years ago lol",year ive watched game slowly deteriorate sad really basically paytowin dlc glad stopped playing game year ago lol,False,0
"Great game overall, allows the player to really emerge himself in the world and pick what he wants to do when he logs in. You can work on crafting, quests, raiding, dungeons or even PVP! Overall give this game a 5 out of 5.",great game overall allows player really emerge world pick want log work crafting quest raiding dungeon even pvp overall give game,True,1
Played for 5 minutes and got stuck in a bush. Hasn't improved while playing for the next 20 hours. Wouldn't recommend! 1/10,played minute got stuck bush hasnt improved playing next hour wouldnt recommend,False,0
"I have a deep appreciation for this game and have also formed connections with a group of wonderful friends. Having accumulated over 7,000 hours of gameplay, I regret to say that I have no choice but to leave due to the possibility of the administrator terminating access without prior notice. If this situation is unacceptable, I would advise against selecting any games hosted on Amazon's platforms. Furthermore, I will no longer consider playing games developed by studios affiliated with Amazon. This experience has been deeply discouraging, as it reflects a lack of value placed on the player community.",deep appreciation game also formed connection group wonderful friend accumulated hour gameplay regret say choice leave due possibility administrator terminating access without prior notice situation unacceptable would advise selecting game hosted amazon platform furthermore longer consider playing game developed studio affiliated amazon experience deeply discouraging reflects lack value placed player community,False,0
I cannot recommend this game when they obviously don't care about the gamers by shutting down servers while claiming it will provide a better gaming experience.,cannot recommend game obviously dont care gamers shutting server claiming provide better gaming experience,False,0
"Locking max levels behind a DLC is crazy, locking content is fine.",locking max level behind dlc crazy locking content fine,False,0
New World is a fantastic MMORPG. It has an open world concept and free quest choice. There are basic classes but unlike the majority of RPG it doesnt lock you in. After your first weapon mastery you can swap out and advance in other choices. The events keep it interesting and P2P doesnt rule with micro-transactions. In short I love this game and any gamer level could find something to fall in love with.,new world fantastic mmorpg open world concept free quest choice basic class unlike majority rpg doesnt lock first weapon mastery swap advance choice event keep interesting pp doesnt rule microtransactions short love game gamer level could find something fall love,True,1
"Combat flow, character movement, sound design, and other elements are outstanding in this game.  Although it had a problematic start the game is in a great place now but could use a more intuitive end game.  Over time the studio has addressed that incrementally.

I'd like to see more progress in dynamic end game content and a larger player base.  Thus far, they're doing a bang up job.",combat flow character movement sound design element outstanding game although problematic start game great place could use intuitive end game time studio addressed incrementally id like see progress dynamic end game content larger player base thus far theyre bang job,True,1
I've been enjoying my time back in NW. The game has come a long way!,ive enjoying time back nw game come long way,True,1
"They just announced that they're NOT going to delete the worst region in the game, all 300 players are jumping with joy.",announced theyre going delete worst region game player jumping joy,False,0
cool game great fun with friends,cool game great fun friend,True,1
"They renamed it, charge for a dlc just to use mounts, destroyed the graphics on PC so console users don't cry and now are forcing most people to connect to Servers in America which will have atrocious pings and leave anyone outside of America in the wrong time zone to play in wars. This game is a lesson in how to every single thing wrong. Every now and them I think about giving it anther go, then I see the latest posts abut how they are gonna kill another bit of it and I just think 'No!'",renamed charge dlc use mount destroyed graphic pc console user dont cry forcing people connect server america atrocious ping leave anyone outside america wrong time zone play war game lesson every single thing wrong every think giving anther go see latest post abut gonna kill another bit think,False,0
"I had a lot of fun with New World. Now that the servers will be merged for the third time, after finding a server with a small, but all the more cohesive community, I'm fed up. So disappointing! Didn't think I'd give a game I've played for almost 1000 hours a thumbs down. But these server mergers are an absolute fun killer. Thanks for the great game, but ... No thanks!",lot fun new world server merged third time finding server small cohesive community im fed disappointing didnt think id give game ive played almost hour thumb server merger absolute fun killer thanks great game thanks,False,0
"IMO, its the perfect mix of all your favorite MMO's. It has a fun and engaging combat system, a full and indepth crafting system, plenty of character customization to include an interchanging class system, and a beautiful, vibrant world ripe for exploration.",imo perfect mix favorite mmos fun engaging combat system full indepth crafting system plenty character customization include interchanging class system beautiful vibrant world ripe exploration,True,1
"I used to love New World with its satisfying lag free gameplay and its beautiful audio.
Amazon's decision to remove local servers is a dealbreaker. I could never bring myself to play with 200 ping.
Abandoning regions instead of supporting them shows a total lack of long-term commitment and clearly shows they don't value there global player base. A sad turn for a game that I once thoroughly enjoyed.
Until they restore local servers, I can’t recommend New World to anyone outside NA or EU.",used love new world satisfying lag free gameplay beautiful audio amazon decision remove local server dealbreaker could never bring play ping abandoning region instead supporting show total lack longterm commitment clearly show dont value global player base sad turn game thoroughly enjoyed restore local server cant recommend new world anyone outside na eu,False,0
"Our teams conducted extensive latency testing, and we’re confident that the player experience will remain smooth and responsive across the board.

AGS pigs",team conducted extensive latency testing confident player experience remain smooth responsive across board ag pig,False,0
"Great game, truly a new gen MMORPG with real time action combat. I've enjoying a lot the systems, and the grind to obtain gear and level up skills. Definitely one of the best (if not the best) MMOs in terms of gathering, really enjoyable. The studio made a lot of mistakes in the past, but looks like they are finally making good decisions and listening to their community.",great game truly new gen mmorpg real time action combat ive enjoying lot system grind obtain gear level skill definitely one best best mmos term gathering really enjoyable studio made lot mistake past look like finally making good decision listening community,True,1
"This is my first review of this game.  
I'm prompted to do one because i was so p!$$ed off with the news that the servers in Australia were being effectively shutdown.  
I know, I know, they were being merged.  But this would make this game unplayable for the AP region.  
I love this game.  It scratches an itch that most MMO's don't.  This game was starting to draw me out of a funk that I have been in for a very long time and now I am fast heading backwards again.  The outlet I looked forward to at the end of a hard day at work is now disappearing right before my eyes. 
But.....  :)
The devs did a 180 and didn't cut the AP servers.  They listened.  They changed their minds and ended up merging all the AP worlds to one.  Its good news, better than I thought it was going to be.
I get to keep playing, with a steady ping.  Thank you for listening, thank you for a great game.",first review game im prompted one ped news server australia effectively shutdown know know merged would make game unplayable ap region love game scratch itch mmos dont game starting draw funk long time fast heading backwards outlet looked forward end hard day work disappearing right eye devs didnt cut ap server listened changed mind ended merging ap world one good news better thought going get keep playing steady ping thank listening thank great game,True,1
"RIP OCE servers, what an absolute scam

EDIT- they reversed the decision",rip oce server absolute scam edit reversed decision,False,0
"Simply a wasted gem! The game is amazing, with unique combat, immersive setting (graphics, sounds), despite its poor optimization. However, all of that is ruined when, after playing for a month, you get to know the game's management. Their final move was to ELIMINATE THE SOUTH AMERICA REGION. So if you're thinking about buying it, know that you'll have 200+ PING. This game isn’t worth its price precisely because of the terrible management that throws something with so much potential straight into the trash

Simplesmente uma joia desperdiçada! O jogo é incrível, com um combate único, ambientação (gráficos, sons) imersivos, apesar da má otimização. 
Porém tudo isso é frustrado quando, depois de 1 mês jogando, você conhece a administração do jogo. A última cartada deles foi ACABAR COM A REGIÃO SOUTH AMERICA. Então se você está pensando em comprar saiba que terá 200 DE PING. 
Esse jogo não vale o preço que cobra justamente pela má administração que joga no lixo algo com tanto potencial",simply wasted gem game amazing unique combat immersive setting graphic sound despite poor optimization however ruined playing month get know game management final move eliminate south america region youre thinking buying know youll ping game isnt worth price precisely terrible management throw something much potential straight trash simplesmente uma joia desperdiada jogo incrvel com um combate nico ambientao grficos son imersivos apesar da otimizao porm tudo isso frustrado quando depois de m jogando voc conhece administrao jogo ltima cartada deles foi acabar com regio south america ento se voc est pensando em comprar saiba que ter de ping esse jogo vale preo que cobra justamente pela administrao que joga lixo algo com tanto potencial,False,0
"AGS lied to its players, advertising the game as having Asia Pacific servers. After cashing in on its dedicated players, they've made the decision to scrap the servers and forcing them to play on US SERVERS. The game is unplayable for anyone in Australia. There are no refunds and zero compensation to the players affected. STAY AWAY FROM THIS COMPANY",ag lied player advertising game asia pacific server cashing dedicated player theyve made decision scrap server forcing play u server game unplayable anyone australia refund zero compensation player affected stay away company,False,0
"Well the devs listened - and we get to keep AU based servers... but the game is still sorely lacking.

Willing to get it another shot - but its just not feeling the same as it used to (mind you hell of a lot less game breaking bugs now)",well devs listened get keep au based server game still sorely lacking willing get another shot feeling used mind hell lot less game breaking bug,False,0
If you are in Australia or NZ. DO NOT BUY THIS GAME! They are for some absolutely silly reason shutting down all Asia-Pacific servers. Do not give your money to these thieves!,australia nz buy game absolutely silly reason shutting asiapacific server give money thief,False,0
"Very immersing mmo. Beautiful, great art design and  for me - an amazing mix of cultures from Roman to Shumerian or Arthurian is so fresh from all generic fantasy with dragons and eleves. 
Quite decent action with a lot to do in the game. I am having a lot of fun to be honest. 
A lot to craft and explore, I also like the inventory system - very handy. 
I am not sure what others around are crying about but I don't see any issues in the game. 
Would be playing more and picking up the expansion as well. 
Also it had an interesting approach to leveling up season (battlepass). I think it is a good one. 

Wish it had more complex housing system - but maybe that will come.",immersing mmo beautiful great art design amazing mix culture roman shumerian arthurian fresh generic fantasy dragon eleves quite decent action lot game lot fun honest lot craft explore also like inventory system handy sure others around cry dont see issue game would playing picking expansion well also interesting approach leveling season battlepass think good one wish complex housing system maybe come,True,1
"If you are based in Australasia/SEA DO NOT BUY THIS GAME , they have announced the dedicated servers will be merged to NA West MEANING players will be playing on higher ping 200+ and on vastly different timezone. Effectively killing the region as a whole.",based australasiasea buy game announced dedicated server merged na west meaning player playing higher ping vastly different timezone effectively killing region whole,False,0
"Our teams conducted extensive latency testing, and we’re confident that the player experience will remain smooth and responsive across the board.

You sure about that.. because from what ive seen your still talking trash",team conducted extensive latency testing confident player experience remain smooth responsive across board sure ive seen still talking trash,False,0
"pretty chill, new player friendly, well populated, beautiful environment, decent combat",pretty chill new player friendly well populated beautiful environment decent combat,True,1
"Changing my review to positive since AGS listened to player feedback and cancelled the region merge. Kudos to them.

Overall a solid game, not perfect by any means but a cozy mmo to play.",changing review positive since ag listened player feedback cancelled region merge kudos overall solid game perfect mean cozy mmo play,True,1
"it was a hard game to recommend before, but now there is no thought, its a definite NO.
if you live in the OCE region, the game is now unplayable, the game requires timing for combat, especially pvp which the game has a heavy focus on, and they just shut down the servers OCE play on, they say US West will be smooth and responsive, a load of $#!7 that is, oce (AP southeast) server was 60-90 ping for australia, US West is 300+ ping ""Our teams conducted extensive latency testing"" my ass

this is the death and final nail of the coffin o7

""As part of this effort, we’ll be retiring certain regions and consolidating their worlds into more active ones. Specifically, the AP Southeast and SA East regions will be joining the US West region. Our teams conducted extensive latency testing, and we’re confident that the player experience will remain smooth and responsive across the board."" - Amazon Games",hard game recommend thought definite live oce region game unplayable game requires timing combat especially pvp game heavy focus shut server oce play say u west smooth responsive load oce ap southeast server ping australia u west ping team conducted extensive latency testing as death final nail coffin part effort well retiring certain region consolidating world active one specifically ap southeast sa east region joining u west region team conducted extensive latency testing confident player experience remain smooth responsive across board amazon game,False,0
"New World actually has a chance. There was a huge leadership shake-up a few months back, and so far... the devs are ACTUALLY LISTENING. 

Thank you for keeping the Oceanic and South American servers",new world actually chance huge leadership shakeup month back far devs actually listening thank keeping oceanic south american server,True,1
You can get 100's of hours of fun out of this game,get hour fun game,True,1
"This game is so bad, AGS doesn't care about their community at all just a bunch of money hungry *******. Also if you get banned GOOD LUCK getting your account back, make sure not too spend money in this game because you will lose everything. They will ban you for dumb shit honestly and customer service is NON EXISTENT. Have an opinion or wanna give feed back about the game or report the 372193467921 bugs in it?  good luck, THEY DON'T WANNA SEE IT... THEY WILL BAN YOU FROM THEIR OFFICIAL DISCORD... this game is run by woke, money hungry people. :)",game bad ag doesnt care community bunch money hungry also get banned good luck getting account back make sure spend money game lose everything ban dumb shit honestly customer service non existent opinion wanna give feed back game report bug good luck dont wanna see ban official discord game run woke money hungry people,False,0
"Yeah, it's pretty broken. fun when it works tho",yeah pretty broken fun work tho,False,0
"I think the Aeternum update broke my game... I can no longer even move my character when I log in; Nothing loads in around me except the players and my character looks like a block. If I take more than 3 steps forward, my game freezes for 20 seconds and rinse and repeat. Haven't played since they did the update to include console, but I did log in to see the new changes around that time, and the graphics alone then made me close the game and uninstall. I'm glad I didn't put too much time into this one since T&L came out a bit after and I moved over to there; But I'm honestly just more shocked I haven't seen many reviews about the decline in the graphic quality - but maybe I just haven't looked enough... Anyways, can't play, changing settings does nothing, and I'm done trying to make it work, so here's a last review before I uninstall. Gl and Hf I guess.",think aeternum update broke game longer even move character log nothing load around except player character look like block take step forward game freeze second rinse repeat havent played since update include console log see new change around time graphic alone made close game uninstall im glad didnt put much time one since tl came bit moved im honestly shocked havent seen many review decline graphic quality maybe havent looked enough anyways cant play changing setting nothing im done trying make work here last review uninstall gl hf guess,False,0
"I actually got kind of hyped up to come back and play this since I gave up after 120+ hours back then.

Was hoping to play through the base game and then get the expansion. But I learned quickly that the added mounts finally but it's locked behind the freaking DLC!!!!! YOU CAN NOT RIDE MOUNTS WITHOUT PAYING $30 USD!!!! DO NOT BUY!!!!

EDIT: For clarity, I am a sucker and a moron... I kept playing because it was scratching an itch. I've let all of you down. :(",actually got kind hyped come back play since gave hour back hoping play base game get expansion learned quickly added mount finally locked behind freaking dlc ride mount without paying usd buy edit clarity sucker moron kept playing scratching itch ive let,False,0
"Much thanks to everyone who showed support for the AP and SA region communities! Our servers are staying up and we are getting the proper merges that we've needed. New World is a game I've played since 2021 after the closing of another MMO that was my main game, and even through the many trials we've faced- the relationships we've made along the way mean the world to me. Even though not all of the content brought out was always something I wanted to participate in, I love being able to log in and find something to do. Other than a few daily/weekly activities that are optional- I don't feel pressured to min-max my days in this game. I've played a heap of other MMOs and other than the closure of the other, New World has and hopefully will continue to be my comfort game.",much thanks everyone showed support ap sa region community server staying getting proper merges weve needed new world game ive played since closing another mmo main game even many trial weve faced relationship weve made along way mean world even though content brought always something wanted participate love able log find something dailyweekly activity optional dont feel pressured minmax day game ive played heap mmos closure new world hopefully continue comfort game,True,1
"paid for the game only to have it not function at all for months (stuck in THE TITLE loading screen) even tho i tried everysingle thing that was suggested as fixes and nothing ever worked. months go by then it randomly is working again and they've released a dlc, the homies get into liking the dlc i buy it. play for 3 hours game crashes, back to same problem of infinite title screen, updated graphics drivers cause i notice they're out of date yippee fixes it. play again for 4 hours game crash due to an error with some sort of graphical generation. game back to being stuck in the loading screen forever. oh and the OCE servers and being NUKED and merged with NA. Go and fuck yourself amazon also refund anyone in OCE asking for it cause really? making us merge into the US yikes.",paid game function month stuck title loading screen even tho tried everysingle thing suggested fix nothing ever worked month go randomly working theyve released dlc homies get liking dlc buy play hour game crash back problem infinite title screen updated graphic driver cause notice theyre date yippee fix play hour game crash due error sort graphical generation game back stuck loading screen forever oh oce server nuked merged na go fuck amazon also refund anyone oce asking cause really making u merge u yikes,False,0
pvp is toxic  pve is bad games buggy as shit needs much improvement for me to recomend. alot of bots on leaderboards as well,pvp toxic pve bad game buggy shit need much improvement recomend alot bot leaderboards well,False,0
"BEFORE YOU BUY THIS GAME:
Devs & higher ups don't care about players in low pop regions.
They don't listen to the players & time you out on the only forums they have (discord) when you are upset about it.
Don't buy if you are not in America.",buy game devs higher ups dont care player low pop region dont listen player time forum discord upset dont buy america,False,0
"Great Graphics
Great combat system development starting to listen and provide and improve content",great graphic great combat system development starting listen provide improve content,True,1
"Great MMO Game over all bad thing it have a forced Dlc if you don't have it is like u playing the demo
",great mmo game bad thing forced dlc dont like playing demo,True,1
"Game has its ups & downs, with recent announcements & devs listening to feedback I am hopeful for the future of this game.",game ups down recent announcement devs listening feedback hopeful future game,True,1
New World Aeternum edition is an enjoyable RPG story followed by an mmo with easy to catch up gear progression. You can be functional at end quickly but there is plenty of nuance and horizontal progression to satisfy the grind desire. Easily 200-500 hours of fun to progress your character.,new world aeternum edition enjoyable rpg story followed mmo easy catch gear progression functional end quickly plenty nuance horizontal progression satisfy grind desire easily hour fun progress character,True,1
"Still waiting for the DLC to become free. atleast mounting, setting mounting behind a paywall is crazy.

If they decide to fix that i would assume alot more people would come back to the game. when this game came out i had so much fun with guild battles taking over map parts as a guild, it was great.",still waiting dlc become free atleast mounting setting mounting behind paywall crazy decide fix would assume alot people would come back game game came much fun guild battle taking map part guild great,False,0
"Played it a few years ago and it was fun, of course grindy after reaching max level (which is to be expected). Might get back into the game, so at the moment I don't know what the quality is exactly like, but in general, 8/10 game.",played year ago fun course grindy reaching max level expected might get back game moment dont know quality exactly like general game,True,1
"Honestly, pretty decent. Early on it was kind of a crap show.  But when I got it, it was in a good place. I got this cause a friend of mine got got on RS for nearly a Bil. Soooooo, ya boy agreed to try something new. Not regretting it. Been pretty nice.",honestly pretty decent early kind crap show got good place got cause friend mine got got r nearly bil soooooo ya boy agreed try something new regretting pretty nice,True,1
A wonderful MMO with a giant community. The game is just fun!,wonderful mmo giant community game fun,True,1
"As you can probably see, I have almost 2K hours on this game. I have played it since its launch and have supported the game every step of the way. People may call this salty but I have decided to review bomb this game after they decided to shut down the AP servers and merge it with US servers. This decision has no common sense and just shows how much AGS cares about its players and community. And thats the crux of it, They dont give a damn about how the players are feeling, they are only interested in making money. So yeah. Thanks for the Memories New World, I wish you crash and burn along with your whole team.

P.s. they decided to keep the servers for AP. Thanks a lot for listening to our feedback. I love this game. I have never been this crazy about a game before. Even when there isnt much to do, i would login just to chop some trees. And coming season 10 looks really interesting. I hope the people keep listening to our feedbacks and the game grows from strength to strength.",probably see almost hour game played since launch supported game every step way people may call salty decided review bomb game decided shut ap server merge u server decision common sense show much ag care player community thats crux dont give damn player feeling interested making money yeah thanks memory new world wish crash burn along whole team p decided keep server ap thanks lot listening feedback love game never crazy game even isnt much would login chop tree coming season look really interesting hope people keep listening feedback game grows strength strength,True,1
"Shutting the Australian servers (merging into the US server)

Sad times.",shutting australian server merging u server sad time,False,0
"If you are based in Australasia/SEA [b]DO NOT BUY THIS GAME [/b], they have announced the dedicated servers will be merged to NA West MEANING players will be playing on higher ping 200+ and on vastly different timezone. Effectively killing the region as a whole.

Some players trying to voice their concerns on the official discord are getting muted and even outright banned.

This is incredibly disappointing, at its core New World is a fantastic game and could've been the blueprint of what an MMORPG should be. BUT its plagued by countless bad decisions and mismanagement from AGS a company that evidently doesn't even care about its community. What a shame.

#SAVEAP
#SAVESA

[b]Update:[/b] The merge was called off, and each affected region will now retain one server. However, the last paragraph still stands.",based australasiasea bdo buy game announced dedicated server merged na west meaning player playing higher ping vastly different timezone effectively killing region whole player trying voice concern official discord getting muted even outright banned incredibly disappointing core new world fantastic game couldve blueprint mmorpg plagued countless bad decision mismanagement ag company evidently doesnt even care community shame saveap savesa bupdateb merge called affected region retain one server however last paragraph still stand,False,0
"Nuked AP Southeast servers and sending us to NA with 200 ping.

Fucking pathetic do better

SAVE AP!!!!!!!!!!!!!!!!!!",nuked ap southeast server sending u na ping fucking pathetic better save ap,False,0
"they are merging the OCE servers to USA West, making the ping unbearable for PvP",merging oce server usa west making ping unbearable pvp,False,0
"Look , the game is good and all, but AGS has recently announced merging the Australian servers into the US Servers and citing that it will enhance your game experience. With this there will be no more Asia Servers and my ping will spike from 30 to 80ms in the Australia server to 200 to 300ms. I dont recommend buying this game if they insist to shut down the server in the next week if you are playing from the rest of the world except the US and EU server",look game good ag recently announced merging australian server u server citing enhance game experience asia server ping spike m australia server m dont recommend buying game insist shut server next week playing rest world except u eu server,False,0
"This game is so good. I haven't restarted a new character fully on the new aspect of the game but from the little that I've seen, it looks damn good. I still do wish they would add new stuff (for endgame content) instead of ""recycled energy"" with one addition ""new"". 

From the go, you can do anything and everything that you can think of. It's what you are looking for. Then, endgame hits and it's like a wall. Something difficult to come back to over and over again. I do love this game. Just sometimes it's hard to come back and play the same exact content two years ago.",game good havent restarted new character fully new aspect game little ive seen look damn good still wish would add new stuff endgame content instead recycled energy one addition new go anything everything think looking endgame hit like wall something difficult come back love game sometimes hard come back play exact content two year ago,True,1
"buy this game if you like to waste your time and money on a company that doesn't care about their community. will also never fix years of known bugs, yay!",buy game like waste time money company doesnt care community also never fix year known bug yay,False,0
"Edit: Rejoice! Amazon Games just back peddled and released the following statement:

""After thorough consideration of community feedback received about the planned world merges, the decision has been made to retain one world in the AP Southeast and SA East regions.""

I'm still mad as a day prior to that statement they put their foot down and said they tested the servers and it seems fine to them. It's not fine but whatever, they're actually leaving the AP Southeast server where it is!

I'd like to think this also means they're going to continue to leave us alone. We pushed back and won. Didn't think I'd see the day.

I'll leave my original review below for record keeping, but we good now.
--------------------------------------------------------------------
If you're in Australia don't bother. They just announced they're shutting down our servers and sending us over to US West. Game went from smooth, single player like gameplay to rubber banding hell. As of this review date there's a week left before they shut it down, so unless they decide to double back and not shut it down then it's dead forever and it's time to uninstall.",edit rejoice amazon game back peddled released following statement thorough consideration community feedback received planned world merges decision made retain one world ap southeast sa east region im still mad day prior statement put foot said tested server seems fine fine whatever theyre actually leaving ap southeast server id like think also mean theyre going continue leave u alone pushed back didnt think id see day ill leave original review record keeping good youre australia dont bother announced theyre shutting server sending u u west game went smooth single player like gameplay rubber banding hell review date there week left shut unless decide double back shut dead forever time uninstall,True,1
"They didn't delete AP East, thankyou",didnt delete ap east thankyou,True,1
"SAVE AP SERVERS 
I DON'T WANT TO PLAY ON 200 PING",save ap server dont want play ping,False,0
Bought the DLC and they shut the servers,bought dlc shut server,False,0
GREAT GAME I CANT WAIT TO GO FROM 35 PING TO 200+!!!! THE DEVS ARE FOR SURE NOT PIGS!!!!,great game cant wait go ping devs sure pig,False,0
"Still has the same issues and bugs years after release. Amazon Games just wants your money, they dgaf about the players.",still issue bug year release amazon game want money dgaf player,False,0
New World has really turned around - Great game!,new world really turned around great game,True,1
"i am really enjoying the combat , mechanics and weapons system",really enjoying combat mechanic weapon system,True,1
"I just want to be able to login and play but the servers are not consistent and malfunction. Maybe I just have bad luck. I took a 4 month hiatus from New World and back then it worked better than it does now.   

I really really really like that you buy the game and you get to play it, no Subscription! I feel like I put up with a lot of other flaws just because of that one factor, but COME ON. How can it be so hard to keep this game working?",want able login play server consistent malfunction maybe bad luck took month hiatus new world back worked better really really really like buy game get play subscription feel like put lot flaw one factor come hard keep game working,False,0
"Completely unplayable game, I can't even get into the game settings to change resolution to maybe make it run better. Save yourself the money and time and DO NOT BUY! I only have about 3hrs of ""playtime"" if you want to call it that. Most of it was trying to load in the world because it is so buggy. Creating a character took most of it because I had to guess what the model even looked like since nothing was loading in correctly. Not to mention when I loaded into the world itself, there was nothing... Not empty in the world just literally nothing but ocean below me. I barley even know what happened in the tutorial because it was bugged and skipping frames.",completely unplayable game cant even get game setting change resolution maybe make run better save money time buy hr playtime want call trying load world buggy creating character took guess model even looked like since nothing loading correctly mention loaded world nothing empty world literally nothing ocean barley even know happened tutorial bugged skipping frame,False,0
"This game is getting better every new season. 
Respect!",game getting better every new season respect,True,1
this game is chill and relaxing,game chill relaxing,True,1
"It's a great game, however, i grinded all the way to get to Elysian Wilds and there was no where to settle. I wanted to live there and that's why i was playing because.. well... pretty.
ANWAY, great game but that's why i stopped playing, i felt let down.",great game however grinded way get elysian wild settle wanted live thats playing well pretty anway great game thats stopped playing felt let,True,1
The game is Getting better and better so far,game getting better better far,True,1
"I cycle through several games, a month her, a month there or whatever. Trying out new seasons of content and the like. This one for some reason, every time I come back to it, always has some type of technical issue. 
Right now as I'm trying to play it's crashing constantly. All of my stuff is up to date. None of my equipment is ancient. I've been following all of the recommended steps to fix it, but nothing is working. All of the steps recommended to people over the months that they've had this issue. Just looked down and realized I've spent 2 hours just trying to start playing this game. I think I'm just done. It's kind of a middle of the road game, but at least with a company this large you would think things like this wouldn't stay broken this long. I can't recommend this for people.",cycle several game month month whatever trying new season content like one reason every time come back always type technical issue right im trying play crashing constantly stuff date none equipment ancient ive following recommended step fix nothing working step recommended people month theyve issue looked realized ive spent hour trying start playing game think im done kind middle road game least company large would think thing like wouldnt stay broken long cant recommend people,False,0
Have to pay 30$ to get any mount at all. Running Simulator.,pay get mount running simulator,False,0
I just enjoy the game play.,enjoy game play,True,1
"Unfortunately, I cannot play this game, as much as I love it. My game crashes every 10-30 minutes and reboots my PC. No other game does this.

EDIT 

Using DX11 made this not happen. YAY!",unfortunately cannot play game much love game crash every minute reboots pc game edit using dx made happen yay,True,1
now this game gets better and better updates are just amazing good loving now 10x more,game get better better update amazing good loving,True,1
Really fun after the update. Made new char and enjoying it a lot.,really fun update made new char enjoying lot,True,1
"Esse jogo já foi meu “queridinho”, ficando na categoria “jogo ruim mais que eu gosto”. Hoje em dia a frase foi cortada para apenas “jogo ruim”.
Já tivera um começo de jogo interessante, como exploração, coleta e crafting divertidos.
Invés do jogo arrumar o que não era interessante desde o início (como árvores de habilidades genéricas e falta de opções de armas) decidiram refazer o começo do jogo diversas vezes, um dos únicos pontos fortes do jogo em um dos mais negativos (principalmente com adição de personagens irritantes e uma quantidade de cut scenes absurda e que se mostram desnecessárias e incomodativas).
Além de que desde o lançamento da primeira expansão, o jogo que claramente tinha problemas de otimização nas cidades passou a ser mal otimizado o tempo todo. Problemas de queda de fps por ter um jogador adiciona ná área, entrar na cidade deixar o jogo injogável, problemas constantes de carregamento de assets, quedas de conexão e demora no carregamento (eu jogava esse jogo normalmente quando ele lançou com tudo no máximo, e hoje com tudo no mínimo tudo tenho todos esses problemas).",esse jogo foi meu queridinho ficando na categoria jogo ruim mais que eu gosto hoje em dia frase foi cortada para apenas jogo ruim tivera um comeo de jogo interessante como explorao coleta crafting divertidos invs jogo arrumar que era interessante desde incio como rvores de habilidades genricas falta de opes de armas decidiram refazer comeo jogo diversas vezes um do nicos pontos fortes jogo em um do mais negativos principalmente com adio de personagens irritantes uma quantidade de cut scene absurda que se mostram desnecessrias incomodativas alm de que desde lanamento da primeira expanso jogo que claramente tinha problemas de otimizao na cidades passou ser mal otimizado tempo todo problemas de queda de fps por ter um jogador adiciona rea entrar na cidade deixar jogo injogvel problemas constantes de carregamento de asset quedas de conexo demora carregamento eu jogava esse jogo normalmente quando ele lanou com tudo mximo hoje com tudo mnimo tudo tenho todos esses problemas,False,0
"Crazy how years ago i bought this game for 40 bucks, touch it for a few hours. 
come back to play it and see i have to pay more to be able to access added features.",crazy year ago bought game buck touch hour come back play see pay able access added feature,False,0
great game lots to do for all in game a must buy game,great game lot game must buy game,True,1
"New World is interesting. I keep leaving and coming back, taking my time, exploring the world, doing the quests. It's probably the only MMO I play like an MMO where I don't min-max every interaction. This is where I come to chop wood and fish, sometimes I play PvP but up until the addition of Capture The Flag it didn't offer any form of PvP content I enjoyed.

As a result of all of these factors I've somehow accumulated 300 hours. I think my favorite system is the Market/Auction House and how rewarding it is to gather and sell materials. I wish the Auction House was more responsive, I wish it kept the position between sales and honestly if they could simply allow Addons at this point so someone can do it for them I think it would legitimately improve the game.

Thanks for reading!

<3 Ash",new world interesting keep leaving coming back taking time exploring world quest probably mmo play like mmo dont minmax every interaction come chop wood fish sometimes play pvp addition capture flag didnt offer form pvp content enjoyed result factor ive somehow accumulated hour think favorite system marketauction house rewarding gather sell material wish auction house responsive wish kept position sale honestly could simply allow addons point someone think would legitimately improve game thanks reading ash,True,1
Ok I am going to try it out again... wish me luck I hope to bring positive edits. **DARKBYTE WAS HERE**,ok going try wish luck hope bring positive edits darkbyte,True,1
"Playing a human in a fantasy game is fine, but if you consistently choose human across wildly creative options (Non Here), you’re probably basic, safe, unimaginative, or projecting. Unless the lore really makes humans the most interesting — which is rare — you’re choosing chicken tenders at a Michelin-star restaurant.

",playing human fantasy game fine consistently choose human across wildly creative option non youre probably basic safe unimaginative projecting unless lore really make human interesting rare youre choosing chicken tender michelinstar restaurant,False,0
"It definitely had its flaws at launch. I stayed around through all the bugs and fests, but eventually got burned out due to lack of end game. Quit several times and returned, it has improved a lot. The vibe it gives, the sound, the graphics and the atmosphere are unmatched for me and it outweighs the flaws. Good game overall, could be excellent with polished end game loops that keep you interested.",definitely flaw launch stayed around bug fests eventually got burned due lack end game quit several time returned improved lot vibe give sound graphic atmosphere unmatched outweighs flaw good game overall could excellent polished end game loop keep interested,True,1
"Scott Lane ruined this game, hes gone and we are getting more green lights from the passionate devs on real content for the game that players want. 2 OPR maps, first one was updated, 3rd otw, lots of PvE to do weekly/daily and rotating events with no downtime between. 3v3 mode, Capture The Flag, Speedrunning leaderboards its all there. Welcome back gamers!",scott lane ruined game he gone getting green light passionate devs real content game player want opr map first one updated rd otw lot pve weeklydaily rotating event downtime mode capture flag speedrunning leaderboards welcome back gamers,True,1
"Could've been a industry changer, but didn't even got to be a mediocre game",couldve industry changer didnt even got mediocre game,False,0
"maybe not in a tripple A state, but worth and nice to play. Makes a better experience if you join a guild(company), gathering and production skill are nicely done",maybe tripple state worth nice play make better experience join guildcompany gathering production skill nicely done,True,1
really enjoy this game when it works. Most of the time my character won't load so I have to spend 30 minutes exiting and reloading before it shows up and I can play,really enjoy game work time character wont load spend minute exiting reloading show play,True,1
forcing players to pay for mounts when almost every other mmo doesn't is BS and to charge people 30 dollars as well is laughable,forcing player pay mount almost every mmo doesnt b charge people dollar well laughable,False,0
"Very fun game, almost seems like there are never endings events, activities, and quests to do. Very good game to relax and grind on. Looks very good graphics wise too!",fun game almost seems like never ending event activity quest good game relax grind look good graphic wise,True,1
"Underrated. 

Great game for the price. The graphics and world are beautiful, the music is relaxing, and ultimately, it's really fun. I also have no problem playing it by myself.",underrated great game price graphic world beautiful music relaxing ultimately really fun also problem playing,True,1
"The game had great sounds for all actions in the game is really solid. However, that's where the good thing ends. If all you want is to run around the open world to gather stuff and enjoy the view. Then this is a great game. Other that that it's a shit game. Attacks are really bad. Player trade is shit. PVP is stupid. What more do you need to know?",game great sound action game really solid however thats good thing end want run around open world gather stuff enjoy view great game shit game attack really bad player trade shit pvp stupid need know,False,0
"Its fun for awhile but i feel the quests get a little reptitive, might come back to play more another time though who knows.",fun awhile feel quest get little reptitive might come back play another time though know,True,1
"despite the game being buggy af, falling through the world numerous times for 20 minutes each time, trying to find the problem (which ended up being it was installed in a external hard drive. MAKE SURE ITS INSTALLED INTO A SSD) till about 2AM, the game is fun, does it have problems? ofc almost every game does its still fun and the community is really helpful too, funny mfs in there too. Give it a shot you can always refund it if you play less than 2 hrs <3",despite game buggy af falling world numerous time minute time trying find problem ended installed external hard drive make sure installed ssd till game fun problem ofc almost every game still fun community really helpful funny mf give shot always refund play less hr,True,1
"I played New World when it originally launched and was immediately drawn to its open world, progression system, and crafting mechanics. I'm not much of a PvP player, so that aspect always felt like background noise to me. I didn’t stick around long enough back then to experience Expeditions.

Fast forward a few years, and I’ve returned with a new character and a group of friends. Coming off a binge of survival and crafting games, New World feels like a natural fit. While I’m still not a fan of PvP, there’s more than enough PvE content—leveling, gathering, crafting, Expeditions, and mini-games—to make it worth a playthrough (or two).

I’ve really enjoyed the addition of mounts and the in-game music system. While it doesn’t follow the formula of most traditional MMOs, I appreciate that. The differences are refreshing enough that I’ve come to see New World not as a clone of another MMO, but as its own unique experience.",played new world originally launched immediately drawn open world progression system crafting mechanic im much pvp player aspect always felt like background noise didnt stick around long enough back experience expedition fast forward year ive returned new character group friend coming binge survival crafting game new world feel like natural fit im still fan pvp there enough pve contentleveling gathering crafting expedition minigamesto make worth playthrough two ive really enjoyed addition mount ingame music system doesnt follow formula traditional mmos appreciate difference refreshing enough ive come see new world clone another mmo unique experience,True,1
I can't believe I reinstalled New World in 2025 and am actually having a good time.,cant believe reinstalled new world actually good time,True,1
game above all games 💪 10000000/10,game game,True,1
Support your local black metal bands.,support local black metal band,True,1
"People still play this?

(Haven't played since 2021)",people still play havent played since,False,0
"Here's my review:

Want a coop game and want to play this game with friends? This game is NOT for you. They don't say it, but I will, this game has some mechanics that requires you to solo some mission

Was this mention? No",here review want coop game want play game friend game dont say game mechanic requires solo mission mention,False,0
The moment they put a crucial update behind a paywall on an already pay to play game it was dead to me,moment put crucial update behind paywall already pay play game dead,False,0
"Great story and progression, game is really easy to sink a lot of hours into with grinds that are actually enjoyable.",great story progression game really easy sink lot hour grind actually enjoyable,True,1
"Was looking to get into a proper action-combat MMO for years, and completely missed New World.
Had some very fun few hundred hours before the gameplay loop started to get boring, but I literally couldn't stop playing for almost 3 weeks before that happened, which is why I still recommend the game.
It is very good overall, despite bugs, weird direction decisions and slow development. Also management changed couple months ago and a lot more content is expected to be released this year.

Pros:
+ Action combat system. Felt shallow in the beginning, but turned out to be of great depth eventually. Also make sure you try all weapons to get those you have fun with, don't just follow meta if you don't enjoy it.
+ Being able to change classes/builds. I didn't like the idea of not having strictly defined classes when I started, but that turned out to be an awesome part of the gameplay for me. I even bought additional build slots for convenience (you have 2 by default). Switching to a different class is very refreshing.
+ Art style and atmosphere. I just like them, and it's quite unique if you played all those copy-paste Korean MMOs for the last ~12-15 years.
+ 3v3 arena PvP mode. I only wish I could stay in the query after the match and hop onto the next one without getting back into the worlds.

Cons:
- Making money in this game is a chore, and you need a lot if you want to have a proper endgame gear.
- Same goes for the endgame raids, it's a chore even if you have properly composed build. 
- Mining basically any ores is a very miserable experience in my book: nodes are shared between all players on the server. So whenever I need to mine some to progress with the Trading Skills, try to find some nodes using nwdb.info maps or YouTube videos with routes and see empty nodes like 80% times no matter what time I do it (early morning, middle of the day, evening, at night, 3am, etc.) - I just feel like I'm being pushed for daring to mine. Very frustrating.
- Free-For-All PvP zone Artifacts quests and players who group up and farm you, preventing you from doing said quests. Fun for them, annoying and frustrating for me. I still blame devs for forcing this.

P.S. You don't need to buy Rise of the Angry Earth DLC anymore, it's included in the Standard Edition of NW: Aeternum.",looking get proper actioncombat mmo year completely missed new world fun hundred hour gameplay loop started get boring literally couldnt stop playing almost week happened still recommend game good overall despite bug weird direction decision slow development also management changed couple month ago lot content expected released year pro action combat system felt shallow beginning turned great depth eventually also make sure try weapon get fun dont follow meta dont enjoy able change classesbuilds didnt like idea strictly defined class started turned awesome part gameplay even bought additional build slot convenience default switching different class refreshing art style atmosphere like quite unique played copypaste korean mmos last year arena pvp mode wish could stay query match hop onto next one without getting back world con making money game chore need lot want proper endgame gear go endgame raid chore even properly composed build mining basically ore miserable experience book node shared player server whenever need mine progress trading skill try find node using nwdbinfo map youtube video route see empty node like time matter time early morning middle day evening night etc feel like im pushed daring mine frustrating freeforall pvp zone artifact quest player group farm preventing said quest fun annoying frustrating still blame devs forcing p dont need buy rise angry earth dlc anymore included standard edition nw aeternum,True,1
Wow! This game is so good! HIGHLY recommend!,wow game good highly recommend,True,1
"A really chill, well rounded MMO. Perfectly fine solo, much better in a group.",really chill well rounded mmo perfectly fine solo much better group,True,1
"This game had a lot of potential. I enjoy the feel of the game play, interactions, simplicity but enjoyable combat, beautiful world... but honestly, there's just so much errand type quests that it still feels like a running sim; I know they added in mounts, but not sure at what point you get it because it doesn't feel very early on. Running wouldn't be so bad if I felt like exploring, but you pass by a lot of what you've already explored, so what's the need? I want to enjoy it so much because I do love elements of it, but it just falls short in a reason I can't properly explain; I'm sure some of the other comments can.",game lot potential enjoy feel game play interaction simplicity enjoyable combat beautiful world honestly there much errand type quest still feel like running sim know added mount sure point get doesnt feel early running wouldnt bad felt like exploring pas lot youve already explored whats need want enjoy much love element fall short reason cant properly explain im sure comment,False,0
"Re-downloaded the game to see how it is after a few years. Literally unplayable, I was in a log in queue for over an hour",redownloaded game see year literally unplayable log queue hour,False,0
"Please normalize optimizing games again. Future updates look kinda promising to me, especially the PVP ones. But even with every possible tweak I could find and do to increase fps even sacrificing all graphic quality with LOD settings etc. from drivers, I still could't get it to steady acceptable numbers to feel good. And I'm not on a potato PC. Also camera smoothing setting doesn't still turn it fully off at 0%? It feels floaty enough to give me a headache.

",please normalize optimizing game future update look kinda promising especially pvp one even every possible tweak could find increase fps even sacrificing graphic quality lod setting etc driver still couldt get steady acceptable number feel good im potato pc also camera smoothing setting doesnt still turn fully feel floaty enough give headache,False,0
"I hope this game comes back to life one day because there was no MMORPG game like this. The best fighting mechanics, the best soundtrack, the graphics are good in every way.

I can't downvote this game because it was once truly my life.",hope game come back life one day mmorpg game like best fighting mechanic best soundtrack graphic good every way cant downvote game truly life,True,1
Beautiful game to play with friends or solo but only problem is they lack content and are slow in updating the game,beautiful game play friend solo problem lack content slow updating game,True,1
"Pretty good game, regardless of what other people say. Most the people complaining that there is no content are the people who have already put 10,000 hours into the game. I wouldn't expect 10,000 hours of content from anything. It does have its flaws, but overall its a pretty decent game and there's really nothing like it. I've gotten my moneys worth!",pretty good game regardless people say people complaining content people already put hour game wouldnt expect hour content anything flaw overall pretty decent game there really nothing like ive gotten money worth,True,1
"Very easy to make the global chat mad, just RP as a femboy :3 lots of fun enjoy many!",easy make global chat mad rp femboy lot fun enjoy many,True,1
"It does look nice, the activities are intresting, and over all I would say to anyone to try this game.
The reason I stopped playing is becouse even if you can try every weapon your stats are fixed and you cannot swap at any moment without spending resources.
I am just used to games such as WoW and others where you can swap between specializations at will.",look nice activity intresting would say anyone try game reason stopped playing becouse even try every weapon stats fixed cannot swap moment without spending resource used game wow others swap specialization,True,1
"It is a good game if you live near one of the servers... if you are in SEA region, do not even bother 150 ping is not fun for this game.",good game live near one server sea region even bother ping fun game,False,0
"This game is so broken. Nothing Loads correctly, The map and quest journal won't load. I tried resetting all the options to hopefully fix it. Nope.",game broken nothing load correctly map quest journal wont load tried resetting option hopefully fix nope,False,0
"Sometimes you really gotta take the choice out of the players hands, when given the choice to flag pvp on/off, people are so pussy-made that I NEVER see anyone with pvp enabled.  The beta was fantastic, when people had pvp turned on I had a lot of fun with it.  I admit it was unpolished and the pvp systems especially needed some work.  On release people coped about how it had no pve content.  Like what? Are you stupid?  The PVP game doesn't have a lot of pve content?  Truly I think they were working on developing something cool, but the combinations of pressure to release a product because Amazon Games, and the pressure from the community to force the developers to make a pve game instead were too overbearing to let them shine in any aspect.  Realistically can't recommend this game, pvp is dead, pve never reached a point where it was good enough to be a standalone pve game.  If you still want a pvp focused mmo you can still play Dark Age of Camelot, or the revived warhammer online servers.",sometimes really gotta take choice player hand given choice flag pvp onoff people pussymade never see anyone pvp enabled beta fantastic people pvp turned lot fun admit unpolished pvp system especially needed work release people coped pve content like stupid pvp game doesnt lot pve content truly think working developing something cool combination pressure release product amazon game pressure community force developer make pve game instead overbearing let shine aspect realistically cant recommend game pvp dead pve never reached point good enough standalone pve game still want pvp focused mmo still play dark age camelot revived warhammer online server,False,0
"Kinda dumb how you have to pay extra money just to get a mount, when the mount should have existed since the start of this game. That's basically the only downside now, as well as having very few players nowadays. This could have been the MMO to end all MMOs.",kinda dumb pay extra money get mount mount existed since start game thats basically downside well player nowadays could mmo end mmos,False,0
"Got in during the beta, played for many hours with friends, the current game is somehow more buggy.

I have a good rig (plays any other game at the highest graphics), but this game won't even work correctly on medium. I tried to get back into it after a while of not playing, but it doesn't want me back.",got beta played many hour friend current game somehow buggy good rig play game highest graphic game wont even work correctly medium tried get back playing doesnt want back,False,0
This game sucks. Banned me for no reason. Dont buy this game.,game suck banned reason dont buy game,False,0
"Great game..  Just some early mishaps around currency duplication and cheating in the PvP areas.

Unfortunate that this graphical gem didn't have a more successful launch.",great game early mishap around currency duplication cheating pvp area unfortunate graphical gem didnt successful launch,True,1
I just want to max everything out,want max everything,True,1
"I’m new to New World, and honestly, I didn’t expect to enjoy it this much. The world feels alive, the combat is super satisfying, and there's always something pulling me to explore just a little more. It’s not perfect, but man… it’s addicting in the best way. If you're on the fence, give it a shot. I haven’t been able to put it down.",im new new world honestly didnt expect enjoy much world feel alive combat super satisfying there always something pulling explore little perfect man addicting best way youre fence give shot havent able put,True,1
Great game! The game has returned to its former glory,great game game returned former glory,True,1
Fun game great improvements being made great fun with friends and solo!,fun game great improvement made great fun friend solo,True,1
"Been away from New World for close to 3 years.  Coming back to it this week has been the best decision I've made in gaming in a long while.  Game is improved, and I have had the chance to play other games, most recently Dune: Awakening.  Gives you perspective.  Dune is half-done, early access release in every sense: combat, endgame, and mechanics, quite unfinished.  New World is the kind of game -- like World of Warcraft -- that you take for granted.  Get bored with.  Leave for new experiences.  But when you come back you see the quality.  I'm glad I took a rest, glad I'm back.  Sometimes a very good game you get a burned out with is still a very good game.  And worth taking another look at.  NW has a better story; more weapons and choices for levelling; community is as good as ever.   Also discovered that I don't drown as much, nor do I spend as much time trudging through the bush.  I have a horse now: works great and has a few of its own quests to improve its utility.  Both of us can swim, separately or together.  At this rate, WoW may yet have player housing.",away new world close year coming back week best decision ive made gaming long game improved chance play game recently dune awakening give perspective dune halfdone early access release every sense combat endgame mechanic quite unfinished new world kind game like world warcraft take granted get bored leave new experience come back see quality im glad took rest glad im back sometimes good game get burned still good game worth taking another look nw better story weapon choice levelling community good ever also discovered dont drown much spend much time trudging bush horse work great quest improve utility u swim separately together rate wow may yet player housing,True,1
"New World is very close to being a good game, but still isn't quite there.


When leveling the game is trying to balance three systems that are all competing for your attention:
Main story quests
Faction quests
Trade skills

The problem with this balance is that if you interact with two of them, your level outpaces the content they provide. Not only that, but your future progression is locked behind them AND artificial time gates. If you target your faction quests in order to buy your roughly third best armor. You'll reach a point where it tells you to travel into the Elysian Wilds, so you go to the Elysian Wilds and a menu pops up saying you can't travel into the Elysian Wilds because you haven't done the Elysian Wilds story quest. You pull up your map and you may have 3 separate main story quests at this point, The one you've been progressing throughout your time playing the game, the one for the other starting area you didn't spawn at, and the main story quest for the heartrune item slot. Oh rats, the big flashing quest the game told you was important when you unlocked it was the wrong thing to focus on and you need to wait to do it.

Now you have a 25% chance that the expedition you want to run is in the current mutator rotation if not you can either work on your trade skills for tens or hundreds of hours to maybe even skip a step in the gear ladder, check the trading post to buy it outright, or you could run possibly up to a second level mutation of one of the dungeons currently in rotation, and assuming you run every dungeon you're allowed to that week with the highest grade you can get, you'll be able to make two pieces you're looking for, also you might need to re-roll it's third perk which is a 3 day wait for the materials (or a 1/week run through the Hive of Gorgons.) and it's a bit costly too but hey it might be your best in slot gear. After that, you have nothing material to work towards so of course the developers need to inflate the play time.


Dear developers, the endgame needs a major overhaul, even if it's as simple as being able to group with 5 people and participate in mutated variants of dungeons outside of the queued rotation to actually let your players work toward the content they want. 

After that, let them add more mutations past the 3 mutation cap just to test and play around. Don't limit the avenues players can take to try to enjoy your game.

New World feels like a passion project plagued with shortcuts to release the game looking completed before it was ready.",new world close good game still isnt quite leveling game trying balance three system competing attention main story quest faction quest trade skill problem balance interact two level outpaces content provide future progression locked behind artificial time gate target faction quest order buy roughly third best armor youll reach point tell travel elysian wild go elysian wild menu pop saying cant travel elysian wild havent done elysian wild story quest pull map may separate main story quest point one youve progressing throughout time playing game one starting area didnt spawn main story quest heartrune item slot oh rat big flashing quest game told important unlocked wrong thing focus need wait chance expedition want run current mutator rotation either work trade skill ten hundred hour maybe even skip step gear ladder check trading post buy outright could run possibly second level mutation one dungeon currently rotation assuming run every dungeon youre allowed week highest grade get youll able make two piece youre looking also might need reroll third perk day wait material week run hive gorgon bit costly hey might best slot gear nothing material work towards course developer need inflate play time dear developer endgame need major overhaul even simple able group people participate mutated variant dungeon outside queued rotation actually let player work toward content want let add mutation past mutation cap test play around dont limit avenue player take try enjoy game new world feel like passion project plagued shortcut release game looking completed ready,False,0
"for a free to play game the graphics and gameplay are amazing, i had the game from launch so the only dislike is that mount access is stuck behind buying the DLC; great mmo",free play game graphic gameplay amazing game launch dislike mount access stuck behind buying dlc great mmo,True,1
decent game....  lot of time required but good,decent game lot time required good,True,1
This game is probably one of the most fun action combat games out that has the mmo with it. Endgame forsure needs more but its still the most fun ive had out of all mmos,game probably one fun action combat game mmo endgame forsure need still fun ive mmos,True,1
Depois de tentar explicar que eu nunca usei cheat nenhum no jogo. Joguei apenas por sete horas e depois abandonei o jogo por alguns problemas no proprio jogo. A empresa decidiu me banir permanentemente. Lamentavel que uma empresa desse tamanho nao tenha profissionais qualificados para fazerem analise correta para provar que eu estava realmente trapaçeando no jogo.,depois de tentar explicar que eu nunca usei cheat nenhum jogo joguei apenas por sete horas depois abandonei jogo por alguns problemas proprio jogo empresa decidiu banir permanentemente lamentavel que uma empresa desse tamanho nao tenha profissionais qualificados para fazerem analise correta para provar que eu estava realmente trapaeando jogo,False,0
Fun so far. But i'm only a few hours into it.,fun far im hour,True,1
"New World is an amazing game with a handful of problems that are constantly being addressed. I just think they're addressing them and not, maybe, taking it to it's fullest depth. I had written a lengthy review. I'll try to post elsewhere for the devs to see. I get pretty specific there but I'll summarize for ya'll. 

Right now, endgame boils down to repetitive loops: run Myrk, run world bosses, run raids, do the same dungeons, grind OPR or 3s, repeat. It's all fun (especially the world bosses and PVP), but it's thin. When M1 gear is being salvaged or sold, and even M2 gear often doesn’t stick, something's off.

Want longevity? Make endgame revolve around unlocking quests with multi-faceted requirements. Add unique rewards that show off effort, not just RNG luck. Create progression where gathering, crafting, and skill investment matter. Including adding a profession system as I mentioned earlier. Professions and Crafting should go with the quests like PB&J.

Brimstone Sands and the Heartrune quest line were steps in the right direction. Players had to be a certain level, finish story lines, and work toward something meaningful. Keep that energy but go deeper.

The early player complaints about slow crafting/gathering leveling? That was a good feature. Progress should be hard. It should feel earned. Nowadays, we level way too fast. Maxing out gathering/crafting skills is normalized, not revered. Bring back that sense of accomplishment.

And most importantly, Questing. 

New World’s quests mostly boil down to ""go here, kill this, grab that."" Even in zones like Cutlass Keys, the rewards are disproportionately low. If it takes me 15 minutes to complete a quest for 35 doubloons, that isn’t rewarding. It’s discouraging. Though I do recognize that some of the newer quests are actually really really well done (having to make that pot to go into the Elysian Wilds was a really nice touch) and I think AGS is onto something.

Still, compare this to a game like RuneScape. Quests like While Guthix Sleeps demand high-level skill investment, prior quest completions, and real player agency. There are puzzles, investigations, cinematic lore reveals, and progression gated behind your achievements as a player. You're not just killing something. You're becoming something.

You’ve built something really special here, AGS. But if players can reach max level in 20 hours, burn out on the same 4 loops, and see little reason to return until the next season, the system needs tweaking.

Focus on adventure, make quests memorable, and make effort visible. Let the endgame be something players spend years working toward. 

You've got lightning in a bottle with New World. Just give it a better bottle.

",new world amazing game handful problem constantly addressed think theyre addressing maybe taking fullest depth written lengthy review ill try post elsewhere devs see get pretty specific ill summarize yall right endgame boil repetitive loop run myrk run world boss run raid dungeon grind opr repeat fun especially world boss pvp thin gear salvaged sold even gear often doesnt stick somethings want longevity make endgame revolve around unlocking quest multifaceted requirement add unique reward show effort rng luck create progression gathering crafting skill investment matter including adding profession system mentioned earlier profession crafting go quest like pbj brimstone sand heartrune quest line step right direction player certain level finish story line work toward something meaningful keep energy go deeper early player complaint slow craftinggathering leveling good feature progress hard feel earned nowadays level way fast maxing gatheringcrafting skill normalized revered bring back sense accomplishment importantly questing new world quest mostly boil go kill grab even zone like cutlas key reward disproportionately low take minute complete quest doubloon isnt rewarding discouraging though recognize newer quest actually really really well done make pot go elysian wild really nice touch think ag onto something still compare game like runescape quest like guthix sleep demand highlevel skill investment prior quest completion real player agency puzzle investigation cinematic lore reveals progression gated behind achievement player youre killing something youre becoming something youve built something really special ag player reach max level hour burn loop see little reason return next season system need tweaking focus adventure make quest memorable make effort visible let endgame something player spend year working toward youve got lightning bottle new world give better bottle,True,1
"I must say that I never expected this game to do such a great turn around and become such an amazing mmorpg. I am having an absolute blast in New world. I know everyone is saying it, but the leveling experience is one of the best ones if not THE best one I have ever played through. It never feels repetative, boring or uninteresting. It pushes you forward without feeling forced. I get side tracked and run off to other stuff but it never feels like I am doing something wrong. The experience is just smooth. 
The combat is FUN and it has something for everyone. Spells, close combat and dodging. 
It is what I would want Elder scrolls onlines combat to be. Not to much but not too little. 

Anyways if you are looking for a mmorpg to spend in this summer, this is the perfect time to jump into New world!",must say never expected game great turn around become amazing mmorpg absolute blast new world know everyone saying leveling experience one best one best one ever played never feel repetative boring uninteresting push forward without feeling forced get side tracked run stuff never feel like something wrong experience smooth combat fun something everyone spell close combat dodging would want elder scroll onlines combat much little anyways looking mmorpg spend summer perfect time jump new world,True,1
"I think people are being too hard on this game based on it being from Amazon.
Wanted a game to scratch that MMO itch of gathering, crafting, and exploring a vibrant world, and definitely got that from this game. 
The combat system is a little jank, but mostly the animation locks for dodging. Really cool that there is no set class, just based on whatever attributes you spec into and which weapons you have equipped.
It has a fair battle pass system where the free rewards are actually kind of decent, and the chapters+activity card make it more fun to level it. 
My biggest gripe is that having to pay for your transmog coins is dumb af, especially since most of the good cosmetics are paid as well.",think people hard game based amazon wanted game scratch mmo itch gathering crafting exploring vibrant world definitely got game combat system little jank mostly animation lock dodging really cool set class based whatever attribute spec weapon equipped fair battle pas system free reward actually kind decent chaptersactivity card make fun level biggest gripe pay transmog coin dumb af especially since good cosmetic paid well,True,1
"The game is not quite optimize in 3 or 4 GB VRAM
the lowest setting are looks bad, the medium settings might require 6 GB VRAM to achieve 60 FPS most of time during raid
using DX 12 sometimes the game can't run, using DX 11 games run with pop-in texture
however there's sometime stutter during cutscene transition to gameplay or otherwise
Server ping connection is not really good, its why not reccomended to play multiplayer on this game 
even though it is an MMO genre and online mode only, so sad it is. the gameplay is hack slash type
the price did arise high after fully released, 
but on 4 GB Vram its more like early access since some texture pop-ins are still happen sometime",game quite optimize gb vram lowest setting look bad medium setting might require gb vram achieve fps time raid using dx sometimes game cant run using dx game run popin texture however there sometime stutter cutscene transition gameplay otherwise server ping connection really good reccomended play multiplayer game even though mmo genre online mode sad gameplay hack slash type price arise high fully released gb vram like early access since texture popins still happen sometime,False,0
The game has greatly improved since release and is worth a look just for the main story quest.,game greatly improved since release worth look main story quest,True,1
pretty good not 70 bucks good but pretty good for half price,pretty good buck good pretty good half price,True,1
"Played this game like crazy at launch, decided to recently give it another try. It's completely littered with bugs even years after launch, game devs don't care about this game at all. Definitely would not recommend playing.",played game like crazy launch decided recently give another try completely littered bug even year launch game devs dont care game definitely would recommend playing,False,0
"This game was good. I only play because the fighting mechanics is the best, hence my hours. However, I know they want money, like most games do. But, taking away an item that was gathered once a week and turn it into a money grabbing scheme is dumb as hell. Like, why? The game is already dying and then they continuously make more terrible decisions. Do not buy this game. As someone who have 5700+ hours, it's getting worse with each update. I repeat, do not buy this game. I pray this game dies faster and faster every time.",game good play fighting mechanic best hence hour however know want money like game taking away item gathered week turn money grabbing scheme dumb hell like game already dying continuously make terrible decision buy game someone hour getting worse update repeat buy game pray game dy faster faster every time,False,0
"Wow, amazing MMO with a ton of fun solo content. Highly recommend! New favorite MMO!",wow amazing mmo ton fun solo content highly recommend new favorite mmo,True,1
I was looking for something fun to play and saw this in my library.  It's not fun.,looking something fun play saw library fun,False,0
"This is a fun online action game. It doesn't quite have that M<O feel but it has fun gathering, combat and gearing.",fun online action game doesnt quite mo feel fun gathering combat gearing,True,1
"I like this game, but it needs more quality assurance.",like game need quality assurance,True,1
"runs awful... literally tried everything 
specs
 32gb ddr5 amd rx 6750 xt amd ryzen 7 78003d 8 core",run awful literally tried everything spec gb ddr amd rx xt amd ryzen core,False,0
"Despite recent improvements, A.G.S. continues to be it's own worst enemy. That being said, I played under twenty hours upon launch in 2021 and quit in absolute and utter dissatisfaction with the state of New World. Returned June 2025 after hearing about Aeternum rework and mounts with Angry Earth expansion. Pleasantly surprised with what I have returned to. Massive QOL changes since 2021 release make this an enjoyable MMO, with more to come if AGS manages to keep their word. Approaching End Game, time and interest will tell if New World is a long term game.",despite recent improvement ag continues worst enemy said played twenty hour upon launch quit absolute utter dissatisfaction state new world returned june hearing aeternum rework mount angry earth expansion pleasantly surprised returned massive qol change since release make enjoyable mmo come ag manages keep word approaching end game time interest tell new world long term game,True,1
Just finished the MSQ and had a pretty good time with it. It could do with some cooler looking armour though. Looking forward to spending more time with the housing and crafting bits.,finished msq pretty good time could cooler looking armour though looking forward spending time housing crafting bit,True,1
"anonymous negative review:

New World is Amazon’s bold attempt to make a fantasy MMO… which mostly succeeds in reminding you why two-handed axes and global trade systems should never be designed by the same people who sell you bulk cat litter.

You start off shipwrecked on Aeternum, a mysterious island full of magic, monsters, and 700 players all trying to skin the same boar. Your mission? Unclear. Something about corruption, ancient secrets, and chopping down enough trees to personally cause fantasy climate change.

The combat is action-based, which is cool… until you realize it’s just dodge-roll, light attack, heavy attack, repeat. PvE feels like whacking angry scarecrows with a wet baguette, while PvP is either a sweaty arena of backflipping murder-hobos or a 50v50 lag-fest where your sword swings five seconds after you press the button and then your character dies of confusion.

The quests? Oh, they’re rich—in copy and paste. Every town needs you to:

Kill 12 skeletons.

Collect 10 wolf pelts.

Run back and forth between the same three huts like a medieval DoorDash driver.

After 40 hours of this, you’ll start to question if you’re the hero, or just the world's most overqualified exterminator.

And don’t even get me started on the economy. At launch, it was so broken people were using furniture to duplicate gold and destabilize the economy like fantasy hedge fund managers. Now it’s stabilized, meaning you can finally sell 200 iron ingots for... 3 coins and a handshake.

Crafting and gathering are oddly satisfying at first. You’ll spend hours cutting trees, mining ore, and skinning animals… until you realize you’re playing Lumberjack Simulator Online and haven't actually fought an enemy in three real-world days. But hey—your logging skill is maxed, so that’s something.

Faction wars are hyped as epic battles for territory. In practice? It’s a bunch of color-coded players in matching cloaks trying to take over a point while frantically shouting in voice chat and getting wiped by a group named “YeetFleet.”

Conclusion:
New World has beautiful visuals, a promising world, and a crafting system that could power three MMOs on its own. But after the novelty wears off, you’re left with repetitive quests, shallow endgame, and the creeping realization that you’ve been running back and forth between the same two towns for 10 hours just to deliver cabbage.",anonymous negative review new world amazon bold attempt make fantasy mmo mostly succeeds reminding twohanded ax global trade system never designed people sell bulk cat litter start shipwrecked aeternum mysterious island full magic monster player trying skin boar mission unclear something corruption ancient secret chopping enough tree personally cause fantasy climate change combat actionbased cool realize dodgeroll light attack heavy attack repeat pve feel like whacking angry scarecrow wet baguette pvp either sweaty arena backflipping murderhobos lagfest sword swing five second press button character dy confusion quest oh theyre richin copy paste every town need kill skeleton collect wolf pelt run back forth three hut like medieval doordash driver hour youll start question youre hero world overqualified exterminator dont even get started economy launch broken people using furniture duplicate gold destabilize economy like fantasy hedge fund manager stabilized meaning finally sell iron ingot coin handshake crafting gathering oddly satisfying first youll spend hour cutting tree mining ore skinning animal realize youre playing lumberjack simulator online havent actually fought enemy three realworld day heyyour logging skill maxed thats something faction war hyped epic battle territory practice bunch colorcoded player matching cloak trying take point frantically shouting voice chat getting wiped group named yeetfleet conclusion new world beautiful visuals promising world crafting system could power three mmos novelty wear youre left repetitive quest shallow endgame creeping realization youve running back forth two town hour deliver cabbage,False,0
"Tried this on release and dropped it after an hour. 
Tried again a year later and played for 2 hrs. 

Tried it again in 2025 and I'm hooked. 
Having played and feeling done with a lot of other MMOs this is suitably scratching the itch. 

There are issues, like the inventory management still confusing me, but i'm not really focused on that yet, maybe I'll get my head around it. 
There is a focus on gathering and crafting that i really can't be arsed with because the main story is so good and I'm enjoying lvling up all the weapons.
Even side quests are voiced. 
I haven't done any dungeons yet as you are required to go in with a group, not allowed solo :( but other reviews suggest they are great. 

Comparing to GW2 I don't enjoy exploring as much, they could add trackers to completing each area (or make it clearer if its already there)

But yeah, overall it's good!",tried release dropped hour tried year later played hr tried im hooked played feeling done lot mmos suitably scratching itch issue like inventory management still confusing im really focused yet maybe ill get head around focus gathering crafting really cant arsed main story good im enjoying lvling weapon even side quest voiced havent done dungeon yet required go group allowed solo review suggest great comparing gw dont enjoy exploring much could add tracker completing area make clearer already yeah overall good,True,1
"The questing, crafting and environments are great. Really enjoying the game.",questing crafting environment great really enjoying game,True,1
"I played this game for a few hours now and it's honestly a lot worse than I would have imagined. For a game that was released after 2020, the graphics look extremely dated. More like something released around 2010. While some of the scenery still looks kinda okayish, the character models are just awful.

Well, I also enjoyed ESO, even if the graphics were dated as well, but that had at least a somewhat decent story and characters. But in that regard New World also misses the point. It's just super dull and boring.

Okay, then let's have a look at the combat. Maybe at least that can score some points. But unfortunately, that's almost worst in class. Miles away from something like BDO, it barely reaches mediocrity. Clunky character animations across the board and a severe lack of both depth and grit makes it completely forgettable. And not to mention that ranged combat is pretty much impossible, because enemies are so fast to reach you, that you're practically always in melee.

It's honestly hard to find any good points about the game. Some of the trailers look nice and it is worth mentioning that the characters can at least climb some stuff, which is unusual for MMO's. Otherwise it feels more like a cheap Kickstarter MMO than anything produced in a somewhat professional manner. Probably the worst MMO I've played so far.",played game hour honestly lot worse would imagined game released graphic look extremely dated like something released around scenery still look kinda okayish character model awful well also enjoyed eso even graphic dated well least somewhat decent story character regard new world also miss point super dull boring okay let look combat maybe least score point unfortunately thats almost worst class mile away something like bdo barely reach mediocrity clunky character animation across board severe lack depth grit make completely forgettable mention ranged combat pretty much impossible enemy fast reach youre practically always melee honestly hard find good point game trailer look nice worth mentioning character least climb stuff unusual mmos otherwise feel like cheap kickstarter mmo anything produced somewhat professional manner probably worst mmo ive played far,False,0
"Disclaimer: I didn't really start playing this game until Season 3 or 4, when a lot of things had already been fixed with the game.

I'll start with the good:
-The combat is amazing! The attacks, blocks, dodging is incredibly smooth and extremely satisfying!
-This was my first MMO, and I had a blast figuring out how to play a Tank role, pulling large groups of mobs and using my threat to keep aggro while my DPS go to town.
-There is a lot of depth to the game if you are new to MMO's: Figuring out how to maximize your Damage, how to maximize your Fortify, how to maximize your Healing, etc.
-I took my time with the storyline, and did most of my own experimentation: I made my own builds and had a ton of fun learning on my own. I highly recommend doing this yourself, don't just watch a Youtube video and bypass 75% of the game to get a 'perfected' endgame build. The fun is in the journey! Not the destination.
-The gathering is also extremely satisfying. I did nearly ALL my own gathering for my first playthrough and really enjoyed it: Finding a route with a good amount of the resources that I wanted that wasn't heavily camped. You can even get outfits to maximize your gathering yield while you're out there!
-The new-and-improved Expedition system is fantastic! It makes it simple and easy to get into fast matches, and if you queue for random expeditions, you get a reward for your first three! A great, fun source of daily money!

Now for the bad:
-There are a lot of bugs in the game. I didn't really start noticing them until I got to end-game. To their credit, the devs have dealt with a large portion of them, but (in my opinion) they take too long to address them.
Example: The MAIN raid, Hive of Gorgons, has some complex mechanics at the last boss fight. There was a bug that made nearly all the mechanics INVISIBLE during the entire fight - And this happened pretty much 100% of the time. This was reported to have started in January 2025. The devs ""fixed"" the issue in April (THREE WHOLE MONTHS) and their ""fix"" didn't improve things AT ALL.
I honestly can't remember when it was FINALLY fixed, I think sometime in May or June. But this is their MAIN content - What people play THE MOST, and it took them 5+ MONTHS to fix a MAJOR issue with it.

So my point is: if you play New World, be prepared to encounter annoying bugs in the game that won't be fixed anytime soon.

-The game also goes through content droughts. The devs release a new Season ~every 3 months, but a lot of the different Seasons are snoozers. If you're new, the events and rewards will be exciting and extremely fun, but most of the playerbase has seen these events for the better part of 3 or 4 years now, and there isn't much incentive for older players to come back and do them again.

I, personally, wholeheartedly recommend this game to players who haven't played an MMO before and who have a group of friends to play this with. This game has become my most-played game on Steam, and I have enjoyed every moment of it! I've met some awesome people, and even met some of them in real-life. It has been a truly life-changing experience for me, and for the better.
But if you're a hardened MMO veteran, there probably isn't much to this game that you haven't seen already. Unless you're interested in trying it out for yourself, I think a lot of MMO's play better than this one, and have a larger player base.

I got a solid 1,000 to 2,000 hours out of this game before I could say I mastered the different aspects of it, like healing, DPS'ing and tanking. I had a ton of fun learning about all the mechanics, how to play the raid, how to do all the different expeditions, etc.
I'm not a PvP person, so I didn't really touch that side of things, except for the few games I played of Outpost Rush in order to grind my PvP track. (NOT a fan of that, btw. I don't agree with forcing people to do content they hate in order to get something they want)

But I definitely recommend this game! To me, it's worth playing, even with the annoying bugs, the occasional empty Seasonal content, the issues that take months to resolve, everything.
At the end of the day, it's an extremely satisfying MMO that I hope to come back to again and again!",disclaimer didnt really start playing game season lot thing already fixed game ill start good combat amazing attack block dodging incredibly smooth extremely satisfying first mmo blast figuring play tank role pulling large group mob using threat keep aggro dp go town lot depth game new mmos figuring maximize damage maximize fortify maximize healing etc took time storyline experimentation made build ton fun learning highly recommend dont watch youtube video bypass game get perfected endgame build fun journey destination gathering also extremely satisfying nearly gathering first playthrough really enjoyed finding route good amount resource wanted wasnt heavily camped even get outfit maximize gathering yield youre newandimproved expedition system fantastic make simple easy get fast match queue random expedition get reward first three great fun source daily money bad lot bug game didnt really start noticing got endgame credit devs dealt large portion opinion take long address example main raid hive gorgon complex mechanic last bos fight bug made nearly mechanic invisible entire fight happened pretty much time reported started january devs fixed issue april three whole month fix didnt improve thing honestly cant remember finally fixed think sometime may june main content people play took month fix major issue point play new world prepared encounter annoying bug game wont fixed anytime soon game also go content drought devs release new season every month lot different season snoozers youre new event reward exciting extremely fun playerbase seen event better part year isnt much incentive older player come back personally wholeheartedly recommend game player havent played mmo group friend play game become mostplayed game steam enjoyed every moment ive met awesome people even met reallife truly lifechanging experience better youre hardened mmo veteran probably isnt much game havent seen already unless youre interested trying think lot mmos play better one larger player base got solid hour game could say mastered different aspect like healing dpsing tanking ton fun learning mechanic play raid different expedition etc im pvp person didnt really touch side thing except game played outpost rush order grind pvp track fan btw dont agree forcing people content hate order get something want definitely recommend game worth playing even annoying bug occasional empty seasonal content issue take month resolve everything end day extremely satisfying mmo hope come back,True,1
I like the open world environment and the crafting system,like open world environment crafting system,True,1
Bro am I tripping on or is it telling me I gotta pay another 30$ on a DLC to use a mount after already paying 60$ for the game....,bro tripping telling gotta pay another dlc use mount already paying game,False,0
Love and hate relationship with this game T_T,love hate relationship game tt,True,1
"This game surprised me. Its so fun going through quests and leveling journey. One of the best experiences I ever had. You will get your money's worth of the journey regardless of how endgame looks like as I don't know yet. The only thing I didn't like is the lack of skills and variation. Only 3 per weapon. If this game had more in depth skill system, I think it would have been in a much better position.",game surprised fun going quest leveling journey one best experience ever get money worth journey regardless endgame look like dont know yet thing didnt like lack skill variation per weapon game depth skill system think would much better position,True,1
"Game was super fun on release besides being plauged with bugs, had 500+ hours sunk in in like 2 months. now going in as a returning player everything i have is shit and very impossible to do anything. don't return if its been a while",game super fun release besides plauged bug hour sunk like month going returning player everything shit impossible anything dont return,False,0
"Just about to hit max level around 23 hours of play and I can say a few things:
1. Leveling has been fairly easy/straightforward compared to some other MMOs out there.
2. Personally, I found combat to be very fun. I'm used to tab targeting MMOs and New World definitely has been a breath of fresh air. 
3. I'm on one of the ""populated"" servers and it still feels a bit dead. I felt that the community overall was not as friendly as some other MMOs. 

Overall, I think the NW team has put a lot of work into making the game a better experience compared to launch. I've yet to fully experience end game but there does seem to be a lack of end game content to retain seasoned players. The game is pretty fun overall and I think any MMO enthusiast should at least give it a try",hit max level around hour play say thing leveling fairly easystraightforward compared mmos personally found combat fun im used tab targeting mmos new world definitely breath fresh air im one populated server still feel bit dead felt community overall friendly mmos overall think nw team put lot work making game better experience compared launch ive yet fully experience end game seem lack end game content retain seasoned player game pretty fun overall think mmo enthusiast least give try,True,1
"Played it for a while and quit. I never had a thought about playing it ever again.  It's too grindy and all the good shit is locked behind social events.  Considering the game has lost more than 99% of its player base, it's laughable.",played quit never thought playing ever grindy good shit locked behind social event considering game lost player base laughable,False,0
"Banned from Amazon Games for no Reason. Appeal did not Help.
Worst experience ever with AGS.",banned amazon game reason appeal help worst experience ever ag,False,0
Good graphics and beautiful world but the aesthetics of the characters and cosmetics are atrociously ugly. Endgame doesn't have a lot to do in the way of lore and collectionist things to do.,good graphic beautiful world aesthetic character cosmetic atrociously ugly endgame doesnt lot way lore collectionist thing,False,0
"I LOVE MMORPGS, but im a solo player, i only own the base game and ive owned it since the very first time this game went on sale, ive tried over and over to get into this game because visually its gorgeous and the crafting seems to be pretty cool, i couldnt tell you for sure though because i honestly CANNOT get into the story....if there even is one, theres no hook to the the missions, it just feels like ""go here click this and come back"" theres not really any substance, which would be fine if the combat and leveling mechanics didnt feel so messy, i hate giving bad reviews and please take this with a grain of salt cause honestly im a casual gamer",love mmorpgs im solo player base game ive owned since first time game went sale ive tried get game visually gorgeous crafting seems pretty cool couldnt tell sure though honestly cannot get storyif even one there hook mission feel like go click come back there really substance would fine combat leveling mechanic didnt feel messy hate giving bad review please take grain salt cause honestly im casual gamer,False,0
"If you enjoy WoW and GW2, you will definitely enjoy this game. It is a breath of fresh air and the story is fantastic.",enjoy wow gw definitely enjoy game breath fresh air story fantastic,True,1
"The New World: Aeternum update, released on October15, 2024, refines the original 2021 game with a stronger focus on solo and co-op experiences, improved storytelling, and console support for PS5 and Xbox Series X/S. New cutscenes and a clearer narrative make the main questline more engaging, while cross-platform play ensures a bustling player base. The addition of mounts (unlocked at level 20) and a lock-on system for combat enhances accessibility, particularly for console players. These updates make Aeternum feel like the polished version Amazon always intended.",new world aeternum update released october refines original game stronger focus solo coop experience improved storytelling console support p xbox series x new cutscenes clearer narrative make main questline engaging crossplatform play ensures bustling player base addition mount unlocked level lockon system combat enhances accessibility particularly console player update make aeternum feel like polished version amazon always intended,True,1
That's a nice game to spend time with:),thats nice game spend time,True,1
"leveling and exploring is fun, but far as I know the end game is going to be lackluster and most likely I end up quiting, but fun so far. If you get a deal its good fun for a while.",leveling exploring fun far know end game going lackluster likely end quiting fun far get deal good fun,True,1
"One of the better non subscription MMORPGs I have played, enough to keep you coming back for more. Played about 250 hours on PlayStation then switched to PC. No cross progression kind of sucks but it is nice to experience the game again",one better non subscription mmorpgs played enough keep coming back played hour playstation switched pc cross progression kind suck nice experience game,True,1
Very good game to play with friends.,good game play friend,True,1
"I played day 1 and stood by the game for almost 2 years after it launched, but not a single update with anything substantial, farming bots were running rampant and market prices were so high and materials so hard to farm that i just gave up. Today i logged in for the first time in years to my level 65 character that I put 650 hours into and I couldn't even describe how horrible it felt, my name, my weapon skills, my gem slots, everything that i worked for was reset. I still have my character and items but my setup and everything that i loved and worked towards is gone. I decided to take a look around and apparently the only world my character is allowed in is Valhalla, its a dead world with almost no one in it, but the bots of course are still the farming nodes and driving up prices. I wanted to get back into the game i loved, but it is very clearly dying at a crazy rate. It's disappointing that in 4 years this is what the game has become, but i guess i'll look elsewhere for fun and have the good memories of my first 400 hours.",played day stood game almost year launched single update anything substantial farming bot running rampant market price high material hard farm gave today logged first time year level character put hour couldnt even describe horrible felt name weapon skill gem slot everything worked reset still character item setup everything loved worked towards gone decided take look around apparently world character allowed valhalla dead world almost one bot course still farming node driving price wanted get back game loved clearly dying crazy rate disappointing year game become guess ill look elsewhere fun good memory first hour,False,0
"I don’t post a lot of reviews, but I need to on this game. I only have around 3 hours of gameplay at the time of this review as well. Don’t listen to the negative reviews, like seriously. Don’t… I was so Skeptical on buying this because of all the negative things said. The world is so immersive, tons and tons of different animals, life, people, enemy’s etc. Graphics are incredible and the gameplay is very smooth. Now, I do have a 4070 Super but I haven’t ran into a single issue. I’m constant 200 frames on high settings. Please purchase this game if you’re on the fence about it. 0 regret. I’ll be putting hundreds of hours into this masterpiece.",dont post lot review need game around hour gameplay time review well dont listen negative review like seriously dont skeptical buying negative thing said world immersive ton ton different animal life people enemy etc graphic incredible gameplay smooth super havent ran single issue im constant frame high setting please purchase game youre fence regret ill putting hundred hour masterpiece,True,1
"Picked it up on sale and put 30 hours so far.
First impressions - [b]It's really fun. [/b]
- The combat/skills are fun, The graphics are great. Sound effects can be better, especially for melee as some heavy hits really lack the ""oomf"" feeling.
- The story line and plot aren't critical to enjoy the game (looking at you FF14) so you can pretty much switch off your brain and spam Main Quests and side quests to level your character.
- There are guilds (aka companies) but the ones you can join depend on the faction you pick at early levels - not a fan of this. General community is pretty great though. 
- Dungeons (aka expeditions) are what you'd expect in current day mmo's dungeons.. people join through the queue, rush through mobs, kill the boss and exit. Not a single word is often said and it just feels like a check box to tick. 
- The game doesn't feel too overwhelming but I do wish a few things were explained better. For some reason I can accept faction quests lv  60 despite me being lv 50. I get one shot by most mobs in this area - not sure why I'm even allowed to take these high level quests so early.

From what I read from review, the game lacks true end game content. However the same people complaining about lack of end game content have also put 2k hours in the game and if I enjoy even half of that amount of hours I'd say I'm really happy with the price I paid for, so I won't be giving a negative review for this.
",picked sale put hour far first impression bit really fun combatskills fun graphic great sound effect better especially melee heavy hit really lack oomf feeling story line plot arent critical enjoy game looking ff pretty much switch brain spam main quest side quest level character guild aka company one join depend faction pick early level fan general community pretty great though dungeon aka expedition youd expect current day mmos dungeon people join queue rush mob kill bos exit single word often said feel like check box tick game doesnt feel overwhelming wish thing explained better reason accept faction quest lv despite lv get one shot mob area sure im even allowed take high level quest early read review game lack true end game content however people complaining lack end game content also put hour game enjoy even half amount hour id say im really happy price paid wont giving negative review,True,1
"Was going to come back and try the game, but they gave away the character name I had since the start just because I hadn't logged in for a year...

Makes sense, they've made every wrong decision an MMO could possibly make, just another one.",going come back try game gave away character name since start hadnt logged year make sense theyve made every wrong decision mmo could possibly make another one,False,0
"the game has had alot of changes from the first day I played it, even with almost 500 hours into it, the game still offers some fun. If your looking for something to take your time, and keep you into for a bit.. This is the game,.",game alot change first day played even almost hour game still offer fun looking something take time keep bit game,True,1
"Phenomenal open world MMORPG if you want to get into the genre
",phenomenal open world mmorpg want get genre,True,1
Better with a few friends but a overall friendly community.,better friend overall friendly community,True,1
"The game starts up slow, and the world loads in while I'm falling from the sky and is super laggy.  I'm running on a really good setup so it's not my computer.  I regret buying it.  was excited to start a new MMO.",game start slow world load im falling sky super laggy im running really good setup computer regret buying excited start new mmo,False,0
we need a middle east server,need middle east server,False,0
"The game is good, fun and polished. I don't understand the hate, maybe just the 60eur price, but in my opinion is well worth it. It should be free to play for more engagement, but the value proposition is quite good. The sound design killed me, it is so immersive sometimes, a lot of quality of life features, almost no bugs, absolutely no pay to win, none whatsoever. If you are on the fence with this game, you should get it and give it a shot",game good fun polished dont understand hate maybe eur price opinion well worth free play engagement value proposition quite good sound design killed immersive sometimes lot quality life feature almost bug absolutely pay win none whatsoever fence game get give shot,True,1
"I don't get all the negative comments, I love playing this game!",dont get negative comment love playing game,True,1
"Yesterday I would've said this game is, though not the best, reasonably good. Today I think it's incredibly poorly designed to the point that were i not playing exclusively to play with my friends, I'd be dropping it entirely at this point. 

I came back to the game recently having previously played an older version of it a year or two ago. With everything that's happened I was told it'd be best to start over on a new character so that's what I did. I enjoyed most of the story questing - although it's a little tedious at times, parts of it felt well-written and reasonably engaging. I realize the writing isn't really why people play it but in a game that has quests that's important to me. 

Recently I hit lvl 60 and today I started at lvl 62. Me and my friend had been doing faction missions off and on since we realized the faction gear would be our best for now, and so were incentivized to hit peak faction rank. It's not a grind i particularly enjoy but I've played other grindy games and I had done this before on my old account, so it was bearable.

We get the points needed to start the final faction quest, completion of which is required to buy max-level faction gear - the only requirement stated is that it *recommends* level 65. Well, I'm 62 so that's probably close enough to get through the combat right? So I go to talk to the npc....and I can't start the quest. Even though I have all the stated requirements for it, and lvl 65 is just a recommendation, according to the people who wrote it. Whatever, I guess I'll go back to main story for a while. 

I go back to main story quests and hit lvl 64. 64 is the level required to buy and equip the highest-level faction gear. Again, the game does not state that you need to be lvl 64 to do the faction quest, only that it suggests that you be level 65. Still, we decide to go try to pick up the faction mission again because if 65 is a hard requirement even though the gear is 64 that's a whole other problem. Well good news, it let me pick up the quest! Bad news, it wouldn't let me until I was 64! That means level 64 is a hard requirement even though this isn't stated in the requirements for the quest!

Regardless, we're just glad to be getting on with it so get on with it we do. We go kill two of the bosses we need, and there's a third yet to fight...in Elysian fields. 

The faction quest which stated no requirements, and only had a suggested criteria of lvl 65, ACTUALLY requires that you be lvl 64 AND have main story completed. Nowhere is this stated. If we hadn't guessed that maybe the level requirement was higher I would've wondered if my game was bugged, *because the game doesn't even tell you what the actual requirements are*. 

SO I GUESS WE'RE GOING BACK TO THE MAIN STORY TO UNLOCK ELYSIAN FIELDS!

Compared to the earlier quests, the writing in the lategame feels weak and rushed. Again, I realize the writing isn't what people are playing for but it's sad that it feels like they just stopped caring about their own story. It devolves into a series of fetchquests and a tour of some of the northern regions for no particular reason. We get towards what seems to be the concluding fight, and Grace O'Malley - a character you meet at the start - shows up and just Mary-Sue's some guy in one hit? The same chick that spent 6 hours trying to solve a puzzle that takes 5 minutes? And who had gotten on a ship to dive into a storm? It felt very hamfisted and like pandering for something that no one would want to be pandered for. WHY ARE YOU HERE? AND WHY DO YOU MAGICALLY NOT SUCK AFTER BEING USELESS ALL GAME?

But whatever, it's time to kill Isabella!

Oh my god. Isabella. I would drop the game here and now if I hadn't made a promise to raid with my friend in the post-story game. 

Over half of the Isabella fight is her being untargetable. This is not due to shielding, or some mechanic where you need to break her immunity, or any other logical reason. She just spontaneously becomes immune mid-swing *for the sake of monolouging and looking pretty in a cutscene*. THE WHOLE ENTIRE FIGHT IS A GLORIFIED CUTSCENE IN WHICH THE BIG BAD SPENDS HALF OF IT IMMUNE. She's standing still and not attacking me? Too bad, I can't hit her, or her minions. Nevermind that I'm a dps WHOS ENTIRE GOAL IN THIS FIGHT is to take the enemy down as fast as I can and I'm alone, making this a top priority. Instead she's constantly becoming immune, then stopping to monologue, then swinging at me 3 times before becoming immune again, and then theres a 20 second cutscene where I'm immobolized. 

Then, the """"""fight"""""" resumes (because is it even a fight if my spear goes right through her doing nothing with 0 indicators or mechanics involved?) and I get hit once and die from full health, even despite dodging her attacks at every turn possible. 

After some troubleshooting, we discovered I was dying to the floor. The floor was near-instantly killing me in the late phase of the fight. The way to mitigate this is by buying and drinking a potion that has not been mentioned or used at any point before or up to this fight. Drank it and died in one hit at that same phase anyway, that time might have been my mistake but at this point its almost impossible to tell. Still haven't beaten her and I've half a mind to leave the game over this. 

I had been enjoying the game up to this point but between the poor quest requirement implementation and how downright infuriating this storyline fight has been I cannot say that the game is well designed. Because it is not. None of this is good game design. Yes, the final fight is difficult, and I enjoy the ways in which it is difficult...so why am I not allowed to engage with the fight? Why did a faction quest require lategame main story completion but did not say as much as a requirement? Why were the level requirements for starting the quest not stated? Why can't I do the quest and just not be allowed to buy the gear? IS IT BECAUSE OF THE MAIN STORY REQUIREMENT? BECAUSE YOU DON'T STATE THAT ANYWHERE!

I'll probably try the fight again tomorrow and get through it at some point and have a Perfectly Okay time in the post-story raids and other pvm shenanigans. I don't care. That doesn't to me make this game any better. If you're going to try to make me care about the gameplay then make the gameplay worth caring about.

UPDATE: The game gave me an afk warning while I was actively clicking on the screen and interacting with the game...because I was fishing, which even though is an interactive activity, has my character standing in place. Sorry yuumi mains, get got",yesterday wouldve said game though best reasonably good today think incredibly poorly designed point playing exclusively play friend id dropping entirely point came back game recently previously played older version year two ago everything thats happened told itd best start new character thats enjoyed story questing although little tedious time part felt wellwritten reasonably engaging realize writing isnt really people play game quest thats important recently hit lvl today started lvl friend faction mission since realized faction gear would best incentivized hit peak faction rank grind particularly enjoy ive played grindy game done old account bearable get point needed start final faction quest completion required buy maxlevel faction gear requirement stated recommends level well im thats probably close enough get combat right go talk npcand cant start quest even though stated requirement lvl recommendation according people wrote whatever guess ill go back main story go back main story quest hit lvl level required buy equip highestlevel faction gear game state need lvl faction quest suggests level still decide go try pick faction mission hard requirement even though gear thats whole problem well good news let pick quest bad news wouldnt let mean level hard requirement even though isnt stated requirement quest regardless glad getting get go kill two boss need there third yet fightin elysian field faction quest stated requirement suggested criterion lvl actually requires lvl main story completed nowhere stated hadnt guessed maybe level requirement higher wouldve wondered game bugged game doesnt even tell actual requirement guess going back main story unlock elysian field compared earlier quest writing lategame feel weak rushed realize writing isnt people playing sad feel like stopped caring story devolves series fetchquests tour northern region particular reason get towards seems concluding fight grace omalley character meet start show marysues guy one hit chick spent hour trying solve puzzle take minute gotten ship dive storm felt hamfisted like pandering something one would want pandered magically suck useless game whatever time kill isabella oh god isabella would drop game hadnt made promise raid friend poststory game half isabella fight untargetable due shielding mechanic need break immunity logical reason spontaneously becomes immune midswing sake monolouging looking pretty cutscene whole entire fight glorified cutscene big bad spends half immune shes standing still attacking bad cant hit minion nevermind im dp who entire goal fight take enemy fast im alone making top priority instead shes constantly becoming immune stopping monologue swinging time becoming immune there second cutscene im immobolized fight resume even fight spear go right nothing indicator mechanic involved get hit die full health even despite dodging attack every turn possible troubleshooting discovered dying floor floor nearinstantly killing late phase fight way mitigate buying drinking potion mentioned used point fight drank died one hit phase anyway time might mistake point almost impossible tell still havent beaten ive half mind leave game enjoying game point poor quest requirement implementation downright infuriating storyline fight cannot say game well designed none good game design yes final fight difficult enjoy way difficultso allowed engage fight faction quest require lategame main story completion say much requirement level requirement starting quest stated cant quest allowed buy gear main story requirement dont state anywhere ill probably try fight tomorrow get point perfectly okay time poststory raid pvm shenanigan dont care doesnt make game better youre going try make care gameplay make gameplay worth caring update game gave afk warning actively clicking screen interacting gamebecause fishing even though interactive activity character standing place sorry yuumi main get got,False,0
"This game is really fun. The graphics, story, gameplay and combat are fun. The big issue this game has is that it keeps disconnecting you from the servers and the amount of bugs. I decided to ignore the reviews talking about how many bugs it has but playing for only 2 hours I encounter 4 different bugs. One of them has been present in the game for over a year and another bug prevented me from continue a questline. I hope they keep working on it since I would love to give it a try in the future but for now I think it's best to get a refund.",game really fun graphic story gameplay combat fun big issue game keep disconnecting server amount bug decided ignore review talking many bug playing hour encounter different bug one present game year another bug prevented continue questline hope keep working since would love give try future think best get refund,False,0
Its a game that would hook you and you would want it to succeed the most but then the studio didn't yet figure out how to make the best out of it. also community is toxic cause they are frustrated the game is not taking those success leaps even tho its have all the potential to do so. considering all.i would still definitely recommend it cause its a good game and you will get your price worth.,game would hook would want succeed studio didnt yet figure make best also community toxic cause frustrated game taking success leap even tho potential considering alli would still definitely recommend cause good game get price worth,True,1
"I was skeptical on this game with all the mixed reviews however I put that to the side after watching youtube reviews which went in more detail and provided a better view points. Glad I did and do not see how this game gets the hate it does. I am hooked and hits the openworld, crafting, and surviveability niche. Do not listen to the haters in the steam reviews, it is a good game just got to give it a chance I did and no regrets especially when it was on sale.

If you truly want to see a detail and honest review. I highly recommend and encourage you watch BagginsTV on YouTube, he has at least 7,000 hours in the game. Check his video Why I Still Play New World https://www.youtube.com/watch?v=nUQBmOu3pUo&t=602s 

Hopefully this helps you make a better decision on getting the game or not.",skeptical game mixed review however put side watching youtube review went detail provided better view point glad see game get hate hooked hit openworld crafting surviveability niche listen hater steam review good game got give chance regret especially sale truly want see detail honest review highly recommend encourage watch bagginstv youtube least hour game check video still play new world hopefully help make better decision getting game,True,1
"There isn't a problem with the actual game, the game is great. The stability of the servers, load times, crashes born from loading, rubber banding, texture loading delays that can take up to over 1 minute to resolve....thats the issue. 

I was just going to assume its my computer and or connection and not disparage the game with a bad review....then I heard a podcast play from the game while it was struggling to load. I had no other programs that were running that would have played it, and it stopped when I force stopped the game. It's done that twice, and so I realized they are prioritizing pumping in data for some podcast that advertises the game I already bought, over data so I can play the game I bought. 

It wasn't even a funny or good podcast, it was really bad, the jokes were terrible and forced. 

That's why I can't recommend this game",isnt problem actual game game great stability server load time crash born loading rubber banding texture loading delay take minute resolvethats issue going assume computer connection disparage game bad reviewthen heard podcast play game struggling load program running would played stopped force stopped game done twice realized prioritizing pumping data podcast advertises game already bought data play game bought wasnt even funny good podcast really bad joke terrible forced thats cant recommend game,False,0
"I mean it's an experience, that's about all I can say about it. If you play it, good luck soldier.",mean experience thats say play good luck soldier,False,0
"i love it, i think its worth it",love think worth,True,1
Really Fun game so far open world lots to do and a lot of good PVE so far cant wait to see what happends next in the game,really fun game far open world lot lot good pve far cant wait see happends next game,True,1
Terrible community full of toxicity.  God forbid you don't immediately know how to speedrun a low level dungeon you've never ran before,terrible community full toxicity god forbid dont immediately know speedrun low level dungeon youve never ran,False,0
"Jogo melhorou bastante desde o lançamento.
- A AH está balanceada (sem preços absurdos)
- Pvp está mais justo
- Quests estão com contexto e historias
- Teleport está muito mais facil
- Ta melhor otimizado
- Tem montaria

Contras: preço é um pouco salgado. E voce ainda tem que matar muuito esqueleto no inicio. 
Mas passa rapido.

Acho que vale voltar se voce teve um minimo de gosto pro game.
Ele continua lindo !",jogo melhorou bastante desde lanamento ah est balanceada sem preos absurdos pvp est mais justo quest esto com contexto historias teleport est muito mais facil ta melhor otimizado tem montaria contra preo um pouco salgado voce ainda tem que matar muuito esqueleto inicio ma passa rapido acho que vale voltar se voce teve um minimo de gosto pro game ele continuum lindo,True,1
"Lots of different things to do, kinda like other games I play",lot different thing kinda like game play,True,1
"So many friendly and helpful players around, have ingame visitors to my stream too. So very glad I was gifted this game by my friend  (thank u Gal) so that the 3 of us could play as a team when we need to. MUCH FUN TO BE HAD!",many friendly helpful player around ingame visitor stream glad gifted game friend thank gal u could play team need much fun,True,1
Game is very dead at the end game. Especially for people who like to PVE. If you do try to PVP and not a fan of it dont expect the community or players to be nice. Players will harass you and talk bad about you or family members through voice. Threats get made to you and reports will go unnoticed and no action will be taken. I do not recommend this game if you dont have a solid team or group to go into. All the rules and information say to be polite that just doesnt apply to that actual game play itself especially when trying the new content or trying to get help to figure end game content. That goes for PVE and PVP.,game dead end game especially people like pve try pvp fan dont expect community player nice player harass talk bad family member voice threat get made report go unnoticed action taken recommend game dont solid team group go rule information say polite doesnt apply actual game play especially trying new content trying get help figure end game content go pve pvp,False,0
"Devs are delusional and dont even know how to fix their game. Patch note says one thing the game proves its false. PvP unbalanced since devs cant see a flaw nor fix it. PvE endgame is dogshit. Amazon shouldve just focused on getting packages on time and abusing their workers.. now abuse gamers aswell with their dogshit games.

Side note: good luck getting anything through their CS. A stone is more interactive than their customer support.",devs delusional dont even know fix game patch note say one thing game prof false pvp unbalanced since devs cant see flaw fix pve endgame dogshit amazon shouldve focused getting package time abusing worker abuse gamers aswell dogshit game side note good luck getting anything c stone interactive customer support,False,0
"This game had a lot of potential and has so much going for it - the graphics and specifically the audio are outstanding. The gathering, refining, and crafting system is probably the best I've seen in a modern game. Unfortunately the game lacks a competent Creative Director, it is a ship without a captain. The PvE is too easy, and the PvP never feels rewarding. The core of the game is exceptional, but there is little endgame content and incentive to maximize gearing and skill once you've played through the ~30 hour story. Charging a full game price for a MOUNT and an increase on level cap, far short of an actual expansion, is predatory behavior. You have to pay ~$100 dollars to play a still incomplete game.",game lot potential much going graphic specifically audio outstanding gathering refining crafting system probably best ive seen modern game unfortunately game lack competent creative director ship without captain pve easy pvp never feel rewarding core game exceptional little endgame content incentive maximize gearing skill youve played hour story charging full game price mount increase level cap far short actual expansion predatory behavior pay dollar play still incomplete game,False,0
"Short Version:
The game is fun with friends but suffers from fast leveling, repetitive gear farming, limited PvP, and seasonal servers that only split the player base without real rewards.

Full Version:
First off, the game is incredibly fun when playing with friends — one of whom actually gifted it to me — which really adds to the enjoyment. However, it definitely has its flaws.

While there’s now more to do in the game than at launch, most of these activities take far less time to complete. The developers have made leveling up too easy, and it now happens so quickly that it feels empty rather than rewarding. Reaching max level doesn’t feel like an achievement anymore; instead, it’s just the point where the real grind actually begins — farming the best bosses for the BIS gear you really want.

Crafting your own weapons and armor usually isn’t worth it either. Found gear often has unique perk combinations that crafting simply can’t replicate, so the only real path to top-tier equipment is farming the hardest bosses over and over. But once you finally have your BIS setup, there’s no real reason to keep doing PvE, since it stops being challenging or rewarding altogether.

Once you reach BIS levels, PvP ends up being the only real option left, but it often feels forced rather than natural. There are really only two PvP modes: a dedicated game mode, where most of the actual PvP activity happens, and open-world PvP within the normal map — either in special PvP areas or through random encounters while flagged. This makes the endgame feel surprisingly shallow. There’s a lot on offer, but once you’re fully geared, there’s not much real incentive to do any of it.

Seasonal servers have now been introduced, but this feels like it only splits the player base without offering any major rewards or benefits to either group.",short version game fun friend suffers fast leveling repetitive gear farming limited pvp seasonal server split player base without real reward full version first game incredibly fun playing friend one actually gifted really add enjoyment however definitely flaw there game launch activity take far less time complete developer made leveling easy happens quickly feel empty rather rewarding reaching max level doesnt feel like achievement anymore instead point real grind actually begin farming best boss bi gear really want crafting weapon armor usually isnt worth either found gear often unique perk combination crafting simply cant replicate real path toptier equipment farming hardest boss finally bi setup there real reason keep pve since stop challenging rewarding altogether reach bi level pvp end real option left often feel forced rather natural really two pvp mode dedicated game mode actual pvp activity happens openworld pvp within normal map either special pvp area random encounter flagged make endgame feel surprisingly shallow there lot offer youre fully geared there much real incentive seasonal server introduced feel like split player base without offering major reward benefit either group,False,0
"Great game. Excellent crafting and questing systems.

To much XP for trivial things. Needs an XP disabler or just less. Getting to level cap is insanely fast.

Community is incredibly toxic. PvP blows.

Overall 6/10",great game excellent crafting questing system much xp trivial thing need xp disabler less getting level cap insanely fast community incredibly toxic pvp blow overall,True,1
"I really wanted to love this game.
I remember the hype, the trailers, the idea of a new MMO that could finally break the mold — something fresh, something exciting.

And for a few hours... it was exciting.
The world is beautiful, the combat feels responsive, and the soundtrack hits just right. But after that?
It’s like a beautiful shell with nothing inside.

The grind is unbearable.
Not the fun kind of grind where you feel rewarded after hours — I’m talking about repetitive, copy-paste quests like ""kill 10 of these"" and ""gather 5 of those""... over and over.
And the worst part? Most of them send you running across the map for 15 minutes just to collect something that takes 30 seconds.

The economy? Broken.
Crafting felt meaningful at first — until you realize that everyone’s crafting the same gear and undercutting each other.
Gold inflation, useless items, and towns that can’t even be maintained because players stop caring after a while.

PvP?
Fun for a bit, until you realize how much of it is dominated by zergs, exploits, and imbalance.
If you're solo or casual, forget about being competitive.

But what really broke it for me wasn’t the bugs, the lag, or even the bots.
It was this lingering feeling of emptiness.
Like you're grinding and grinding... for what?
The story is forgettable, the world doesn’t evolve, and after a while, you just feel like you’re playing out of habit, not enjoyment.

I kept telling myself,

“It’ll get better with the next patch.”
“The devs are listening.”
“Maybe next content drop will fix it.”

But weeks turned into months, and I just stopped logging in.

Is it the worst MMO out there?
No.
But it’s a reminder that pretty graphics and good mechanics mean nothing if the soul isn’t there.
I didn’t quit because it was hard.
I quit because it was empty.

🪦",really wanted love game remember hype trailer idea new mmo could finally break mold something fresh something exciting hour exciting world beautiful combat feel responsive soundtrack hit right like beautiful shell nothing inside grind unbearable fun kind grind feel rewarded hour im talking repetitive copypaste quest like kill gather worst part send running across map minute collect something take second economy broken crafting felt meaningful first realize everyones crafting gear undercutting gold inflation useless item town cant even maintained player stop caring pvp fun bit realize much dominated zergs exploit imbalance youre solo casual forget competitive really broke wasnt bug lag even bot lingering feeling emptiness like youre grinding grinding story forgettable world doesnt evolve feel like youre playing habit enjoyment kept telling itll get better next patch devs listening maybe next content drop fix week turned month stopped logging worst mmo reminder pretty graphic good mechanic mean nothing soul isnt didnt quit hard quit empty,False,0
Have not been able to log in as of a couple months ago.  Just hangs.,able log couple month ago hang,False,0
Attempted to play this on my ROG Ally using proton. It refuses to connect to the server because the game somehow kills my entire internet connection. Currently awaiting refund as it's unable.,attempted play rog ally using proton refuse connect server game somehow kill entire internet connection currently awaiting refund unable,False,0
Love this game. just wish they'd add more areas.,love game wish theyd add area,True,1
Not bad but its so fetch questy.,bad fetch questy,True,1
"Here is a pros and cons review at level 37, for people who are considering purchasing the game on sale. Starting with negatives. I will go directly to the points.

-Boring, repetitive quests. Questing is basically opening containers, killing x amount of enemies, talking to NPCs. Nothing creative, nothing fun. Old azz boring MMO questing for a “modern” MMO. Very poor choice of design.

-Ordinary story for the main quest line, not interesting at all. While I am questing, I try to listen to conversations and read the things I find in general. But for this game, I skip everything. It is just to keep the player busy before the repetitive “go open that many containers” quests.

-Kept mounts behind DLC for old players. This game is a torture without mounts, and I cannot believe that they made people play this game without mounts for around 3 years! What a poor design choice. It is not surprising that 90 percent of their player base stopped playing.

-Boring fishing.

-Repetitive music.

-Includes game pass. (I hate game pass in games!)

So why did I give this game a thumbs up after all? Here are the pros:

+Simple action combat. No generic, old-school, and boring MMO combat. You have two weapons, and each weapon has 3 skills of your choice from 6 alternatives. That's all. Very simple and enjoyable. Definitely, less is more.

+Easily resettable weapon and general skill system that does not force you into one kind of play style.

+Side quests are located near and related with main quests generally.

+Joining a faction, and doing faction quests make it easier to reach higher quality items and gathering & crafting XP's.

+Player-friendly storage, gathering, and crafting system. Everything is very simple and enjoyable; no exaggerated, complex, time-wasting crafting. Enjoyable, easy, and you will acquire quality items at the end.

+Player-driven economy. You can sell and purchase items directly from the trade-post, or craft, try to acquire items from quests.

+Beautiful game atmosphere.

This is not a modern game if you remove combat and crafting. Still, it is probably one of the most enjoyable action combat MMOs out there and includes fun stuff. There are tons of things to do.  If you like this kind of combat, this game promises some. I haven’t even tried open world PvP, end-game, dungeons, or raids yet.

P.S. I saw some complaints about the population not being enough for an MMO in general. My starting server is populated enough and does not feel abandoned at all. Also you cannot see real player number in Steam, because the servers are cross-platform. Additionally, since gathering a node makes it disappear, I prefer fewer players lol. But still there are players everywhere when questing etc. It does not matter really if there are 5k, 10k or 50k players total.",pro con review level people considering purchasing game sale starting negative go directly point boring repetitive quest questing basically opening container killing amount enemy talking npc nothing creative nothing fun old azz boring mmo questing modern mmo poor choice design ordinary story main quest line interesting questing try listen conversation read thing find general game skip everything keep player busy repetitive go open many container quest kept mount behind dlc old player game torture without mount cannot believe made people play game without mount around year poor design choice surprising percent player base stopped playing boring fishing repetitive music includes game pas hate game pas game give game thumb pro simple action combat generic oldschool boring mmo combat two weapon weapon skill choice alternative thats simple enjoyable definitely less easily resettable weapon general skill system force one kind play style side quest located near related main quest generally joining faction faction quest make easier reach higher quality item gathering crafting xps playerfriendly storage gathering crafting system everything simple enjoyable exaggerated complex timewasting crafting enjoyable easy acquire quality item end playerdriven economy sell purchase item directly tradepost craft try acquire item quest beautiful game atmosphere modern game remove combat crafting still probably one enjoyable action combat mmos includes fun stuff ton thing like kind combat game promise havent even tried open world pvp endgame dungeon raid yet p saw complaint population enough mmo general starting server populated enough feel abandoned also cannot see real player number steam server crossplatform additionally since gathering node make disappear prefer fewer player lol still player everywhere questing etc matter really player total,True,1
"An amazing game with great balance between questing and crafting. The house owning mechanic is lovely, and gives you a place to store your horde of pretty things you pick up on the way or craft yourself. The NPCs are also top tier in my opinion, though some may be classically evil because evil, most have depth.",amazing game great balance questing crafting house owning mechanic lovely give place store horde pretty thing pick way craft npc also top tier opinion though may classically evil evil depth,True,1
"much better with the solo option, no need to team up with self possessed idiots",much better solo option need team self possessed idiot,True,1
"Enjoying the game so far! Some bugs here and there, but nothing gamebreaking. The story itself is good. Graphics are pretty great. Having to pay for a DLC to be able to use a mount kind of sucks, but it's still better than having to pay a subscription fee.

All in all, 7/10",enjoying game far bug nothing gamebreaking story good graphic pretty great pay dlc able use mount kind suck still better pay subscription fee,True,1
No worth the money. worst Dev,worth money worst dev,False,0
"The game is overwhelmingly easy/simple. There is also very low mob diversity, and no significance to any part of the world you are in when leveling. This game got boring around level 15. Stopped at level 21. I'm not going to suffer through 40 more levels to try end game. A game needs to be fun/engaging all the way through, especially on your first play through.",game overwhelmingly easysimple also low mob diversity significance part world leveling game got boring around level stopped level im going suffer level try end game game need funengaging way especially first play,False,0
"Trash game, expansion required for baseline gameplay.",trash game expansion required baseline gameplay,False,0
"--- Graphics ---
() Potato
() Really bad
() OK
() Good
✅ Beautiful
() Masterpiece

--- Gameplay ---
✅ Very good
() Good
() Okay
() Not good
() Completely not worth it

--- Audio ---
() Eargasm
() Very good
✅ Good
() Bad
() Hearing Deleted

--- Audience ---
() Kids
() Everyone
✅ General Players
() Casual players
() Competitive Players
() Pro players

--- PC Requirements ---
() Anything can run this
✅ Decent
() Requires top end PC to run smooth
() Unreasonably demanding

--- Difficulty ---
() Just press 'A'
() Easy
() Significant brain usage
✅ Easy to learn / Hard to master
() Difficult
() Will test all of your skills

--- Grind ---
() Nothing to grind
() Only if you care about Leader-boards/Ranks
() Average grind level
() Too much grind
✅ You'll need a second live for grinding
() Unlimited Grind

--- Story ---
() It'll replace your life
() Lovely
✅ Good
() Average
() Text-based
() No Story

--- Game Time ---
() Long enough for a cup of coffee
() Short
() Average
✅ Long
() I don't know, took too long to complete
() Nothing to complete
() Unlimited Plays

--- Price ---
() It’s free!
✅ Worth the price
() If you have some spare money left
() Wait for sale
() Over-Priced

--- Bugs ---
() None to report
✅ 1 or 2 here and there
() Minor bugs
() Can get annoying
() Game-breaking
() Completely unplayable

---Recommend Or Not Recommended
✅ 100% Recommend
() Yes Recommended
() Not recommended
() 100% Not recommended
",graphic potato really bad ok good beautiful masterpiece gameplay good good okay good completely worth audio eargasm good good bad hearing deleted audience kid everyone general player casual player competitive player pro player pc requirement anything run decent requires top end pc run smooth unreasonably demanding difficulty press easy significant brain usage easy learn hard master difficult test skill grind nothing grind care leaderboardsranks average grind level much grind youll need second live grinding unlimited grind story itll replace life lovely good average textbased story game time long enough cup coffee short average long dont know took long complete nothing complete unlimited play price free worth price spare money left wait sale overpriced bug none report minor bug get annoying gamebreaking completely unplayable recommend recommended recommend yes recommended recommended recommended,True,1
"The story has gotten better since launch, seems like every time i break and come back theres less players. Recently upgraded PC and the game is beautiful. Wish there were homes outside of towns like properties. Fun with a group of friends or solo.",story gotten better since launch seems like every time break come back there less player recently upgraded pc game beautiful wish home outside town like property fun group friend solo,True,1
"Worst game I've ever played. 

Please do not buy this game, even on sale. 
I bought it to check it out but it is awful. Worst MMO I've ever played in my life

Also the game is dead, the DEVS don't care about the game. Save your self the hassle and don't buy it",worst game ive ever played please buy game even sale bought check awful worst mmo ive ever played life also game dead devs dont care game save self hassle dont buy,False,0
"New world Aeternum is a stunning mmorpg with the exploration but the story is subpar, only few npc have good dialogue and the voice acting is bad. There are hardly any memorable things to say
Disliked this game once I know there are services to carry you in some group content by pay in-game currency if not almost every major group content need experiences, really not new player friendly. 

",new world aeternum stunning mmorpg exploration story subpar npc good dialogue voice acting bad hardly memorable thing say disliked game know service carry group content pay ingame currency almost every major group content need experience really new player friendly,False,0
Fishing is on another level here.,fishing another level,True,1
"You have to buy DLC to have a mount. Never played game after that announcement. We would gladly come back to the game but without mount, big NO!!
50e for mounts says everything you need to know! If we get free mounts, we will change review and start playing again.",buy dlc mount never played game announcement would gladly come back game without mount big mount say everything need know get free mount change review start playing,False,0
Very good game like chrono oddesy if you  like mmorpg play the game,good game like chrono oddesy like mmorpg play game,True,1
good game just playerbase isnt there and the end game is pretty repetitive once youve maxed your gear score and build theres not much to do but run pvp but no real reason to do the pvp so playerbase drops off.,good game playerbase isnt end game pretty repetitive youve maxed gear score build there much run pvp real reason pvp playerbase drop,True,1
"I loved this game with a passion but with there updates the game is becoming unplayable. Its sad to see this game fall, so fare after there update that seems to broke the game. texture bugs and load times, it is horrible at this time. I hope there Dev team finds a way to fix these problems players are having. Me and my 2 friends have not been able to load into the world with out running into bugs.",loved game passion update game becoming unplayable sad see game fall fare update seems broke game texture bug load time horrible time hope dev team find way fix problem player friend able load world running bug,True,1
"Love the solo play, played WoW since vanilla, the crafting and farming its fun!",love solo play played wow since vanilla crafting farming fun,True,1
"Lots of actions and paths to take to acquire resources, powers / weapons.",lot action path take acquire resource power weapon,True,1
indie company struggle to properly optimize game for current generation PC's,indie company struggle properly optimize game current generation pc,False,0
"I own the ""Azoth Edition"" and still don't have access to the deluxe edition. You must be clowning Amazon.",azoth edition still dont access deluxe edition must clowning amazon,False,0
"I'd never played the game before but have played many other MMO's. This was quite refreshing from the ""tab targetting"" of some of the others. Really enjoying playing the game so far and the story line is also quite interesting.",id never played game played many mmos quite refreshing tab targetting others really enjoying playing game far story line also quite interesting,True,1
"DLC mounts
Shitty force pvp area
Daily missions have you killing elites but since that content is partially dead you cannot do them solo",dlc mount shitty force pvp area daily mission killing elite since content partially dead cannot solo,False,0
"Big potential but they are not using it. 
I'm playing this game for a long time and the changes they made over the time are so random and impactful that I think, no one behind that game really has a plan. It seems to me that no one really checks dependencies when they add or remove content, no one really cares about the open world, it looks like a patchwork quilt, they've even straightened the questline with the sidequests just to make it messy again afterwards. It was once possible to create builds completely on your own and to play the endgame content with it. Now you have 4-5 builds for the endgame everybody uses and that's it. No room for creativity anymore.",big potential using im playing game long time change made time random impactful think one behind game really plan seems one really check dependency add remove content one really care open world look like patchwork quilt theyve even straightened questline sidequests make messy afterwards possible create build completely play endgame content build endgame everybody us thats room creativity anymore,False,0
"This game is not new player friendly cant get into raids cant get gear bkuz no one does the dungeons everyone is geared in pvp while u get destroyed cant get old season gear like the winged leather shoes had a hard time tryna lvl up my artifacts bkuz your the only one fighting lvl 70 mobs while max lvl is 65 cant get into winter rune raid bkuz everyone has the gear for it, it so much i wouldnt recommend this game to new players at all unless they give new players some gear for first time players",game new player friendly cant get raid cant get gear bkuz one dungeon everyone geared pvp get destroyed cant get old season gear like winged leather shoe hard time tryna lvl artifact bkuz one fighting lvl mob max lvl cant get winter rune raid bkuz everyone gear much wouldnt recommend game new player unless give new player gear first time player,False,0
Game is dead now. AGS managed to finally kill it. RUNNN!,game dead ag managed finally kill runnn,False,0
it is fun to play it,fun play,True,1
"Wasted potential in every way shape and form. 
AGS cannot seem to do anything correctly nor in a timely fashion.

I really enjoyed it when it was new enough to overlook the cracks, but still falling through the world? Soft locked quest? Gates content behind forced group activities on servers that dont have the population to support it?
Its been out for years now, these are unacceptable levels of polish.
This is an MMO made by someone who doesnt play MMO's",wasted potential every way shape form ag cannot seem anything correctly timely fashion really enjoyed new enough overlook crack still falling world soft locked quest gate content behind forced group activity server dont population support year unacceptable level polish mmo made someone doesnt play mmos,False,0
"I like the game, to bad it become less popular. Its repetative after a while etc. But tbh i like it but also i m not a gamer.",like game bad become less popular repetative etc tbh like also gamer,True,1
Its a great game. Big open world and alot of fun to explore.,great game big open world alot fun explore,True,1
"I liked the idea of MMOs but i never got into them because the melee combat felt too weightless, intangible, or just unsatisfying. I'd say New world isnt a ""souls like"" game but the fighting overall is pretty solid and satisfying to me!",liked idea mmos never got melee combat felt weightless intangible unsatisfying id say new world isnt soul like game fighting overall pretty solid satisfying,True,1
"People who buy the base game AFTER the DLC launch get it for free,
but the players who bought the base game BEFORE the DLC launch have to buy it.
It should be the other way around for rewarding previous players, 
instead of being a bribe for new players. Feeling betrayed and neglected. 
There should have been compensation for previous players, and although it's still possible it's unlikely.
",people buy base game dlc launch get free player bought base game dlc launch buy way around rewarding previous player instead bribe new player feeling betrayed neglected compensation previous player although still possible unlikely,True,1
because of their greed in asking money to have a mount i will not be returning to this game . The mount should ve been added at the start of the game. Such a fail with a good potential .,greed asking money mount returning game mount added start game fail good potential,False,0
"time to slowdown a bit,been playing since day 1
honestly
lots of Qol updates
lots of new content (somewhat repetitive,but lets called it new)
lots of toxic people but also lots of great community that ive found
so cheers
",time slowdown bitbeen playing since day honestly lot qol update lot new content somewhat repetitivebut let called new lot toxic people also lot great community ive found cheer,True,1
Nice game to sink hours in,nice game sink hour,True,1
Thought about coming back but then saw the mount etc is locked behind a DLC? Nah thanks,thought coming back saw mount etc locked behind dlc nah thanks,False,0
"Developers are moving in the wrong track for a long time. 
Paid DLC, lags, fake non-target (now it's aim assits), e.t.c.
Unfortunately because the game was nice some time...",developer moving wrong track long time paid dlc lag fake nontarget aim assits etc unfortunately game nice time,False,0
Who needs endgame content when you can just chop more wood?,need endgame content chop wood,True,1
Open world exploration crafting my own armor its enought :D,open world exploration crafting armor enought,True,1
"This game is good. Something different in the mmo segment. For now, I am pleased I've bought it. 
Update: Endgame flags?",game good something different mmo segment pleased ive bought update endgame flag,False,0
"What can I say, I love this game. I take breaks when I need to, and I still keep coming back. I can play it alone or with company mates. It was my first MMO so I guess I'm not the most qualified person to speak on how it compares within its genre, but It's a fun game either way. I love the ""action combat"" style vs some of the other MMOs I've seen on twitch/youtube. If you get it on sale, you can get the standard and the DLC for under 60, i think that's a good deal. Come join us on Aeternum!",say love game take break need still keep coming back play alone company mate first mmo guess im qualified person speak compare within genre fun game either way love action combat style v mmos ive seen twitchyoutube get sale get standard dlc think thats good deal come join u aeternum,True,1
"just about everything is great, love the looks, the free combat system and it has full controller support. But dont be fooled this might as well be a solo game. there arent enough new players to do early raids to get post lvl 65 gear and all the veterans dpnt waste there time on the old low lvl raids. also having to pay for access to any mount is crazy and there very mid and unorginal designs. but i do love all the skilling in this game, very satisfying.",everything great love look free combat system full controller support dont fooled might well solo game arent enough new player early raid get post lvl gear veteran dpnt waste time old low lvl raid also pay access mount crazy mid unorginal design love skilling game satisfying,True,1
"its a fun game, looks good for a mmo and plays well. Combat is nice. Worth the time and money spent.",fun game look good mmo play well combat nice worth time money spent,True,1
Have to spend more money just to have a mount... I haven't played much since because of this,spend money mount havent played much since,False,0
lats time i opened it it would not let me do anything,lat time opened would let anything,False,0
i came back after a while and ive had a lot of fun rerunning though stuff,came back ive lot fun rerunning though stuff,True,1
"Isabella is such a dumb fight, deleting the game.",isabella dumb fight deleting game,False,0
"Amazing game, beste mmo ever played",amazing game beste mmo ever played,True,1
"about 100hr mark, 

Looking at this from SEA reg perspective, 
FIrst, latency quite horrible even at ""pasific"" server that should have been named oceanic.

Aside of that, pretty fun, but not quite fun on empty server ofc, 
EU atm pretty well populated and somewhat playable from here

Being a western MMO, vibe somewhat quite similar to GW2 or ESO, with extra bug/glitch here and there. 
ofc, western pricing. definitely worthwhile on sale",hr mark looking sea reg perspective first latency quite horrible even pasific server named oceanic aside pretty fun quite fun empty server ofc eu atm pretty well populated somewhat playable western mmo vibe somewhat quite similar gw eso extra bugglitch ofc western pricing definitely worthwhile sale,True,1
Fun Game when the world of the MMO's are lacking,fun game world mmos lacking,True,1
"I've played a bunch, and I really actually do enjoy the game!
That said, I cant really recommend it right now...
Everyone says ""Oh this is a PvP game"", and AGS forces you to do PvP for a lot of different things, but when you then dont play amazing at it, or run a build you enjoy but isnt on meta, the community is honestly just toxic. And those same people are the ones that will tell you ""why do you want to pve, this is a pvp game"".
Like, if you want people to play pvp you kind of have to be okay with people who arent perfect at it being in your 3v3 arena, because AGS put it on the season bingo card, and sometimes you cant get around it if you want to be able to complete it.
Either this is a PvP game, and the community needs to become more inclusive of new players, or it isnt, and AGS needs to stop forcing people who dont really care about PvP but like PvE and the world to do content they dont like.
You cant have it both ways, I dont think.",ive played bunch really actually enjoy game said cant really recommend right everyone say oh pvp game ag force pvp lot different thing dont play amazing run build enjoy isnt meta community honestly toxic people one tell want pve pvp game like want people play pvp kind okay people arent perfect arena ag put season bingo card sometimes cant get around want able complete either pvp game community need become inclusive new player isnt ag need stop forcing people dont really care pvp like pve world content dont like cant way dont think,False,0
Decent game at this stage can't see paying anything more than 20-25 for it though.,decent game stage cant see paying anything though,True,1
"Beautiful but Broken: A Stunning MMO Undone by Its Own Systems

At first glance, this game is breathtaking. The visual quality is top-tier – environments are richly detailed, and I have to give special praise to the dungeon design. The atmosphere, lighting, and visual storytelling in those areas truly blew me away while exploring the game for the first time. It felt like there was something magical here – something worth investing time in.

And yet, as I reached the later stages of the game, that initial wonder began to fade. What replaced it was something much less enchanting: a system built around grind, RNG, and what feels like a casino-inspired loot loop.

Inventory Hell
Let’s start with the biggest flaw: the inventory system. It's a mess. You spend an absurd amount of time just sorting through endless piles of junk – useless armor, weapons, and trinkets that serve no purpose. There's no satisfying way to sell or discard them. It’s not just clutter; it actively kills momentum and enjoyment. In WoW, even bad loot had a reason to exist. Here, it’s just digital garbage.

Combat and Progression
The combat is actually good – smooth, responsive, and enjoyable. But the progression is bizarrely lopsided. Leveling is way too fast and easy, while gathering professions like mining become a painful, drawn-out grind. It feels like two separate games – one rushing you forward, the other dragging you back.

Disconnected World, Shallow Exploration
Despite the beautiful locations, the world feels oddly disconnected. There's no meaningful interaction with the environment, no real sense of presence. You don’t need to explore, and once you've seen an area, there’s little reason to return. The world is too small, too static. New zones should be arriving yearly, along with a steady flow of new dungeons and raids – not just recycled ones with increased difficulty.

From Immersion to Slot Machines
This is where the real disappointment hits. The game slowly shifts from immersive MMO to something that feels designed around loot crate addiction. The gameplay ends up revolving around opening boxes, hoping for a lucky drop – like a slot machine in a 24/7 convenience store. That kind of design breaks the fantasy, breaks the immersion, and ultimately breaks the game.

Economy in Chaos
The auction house is another weak link. Because of the nonsensical item system, prices are wildly inconsistent. It’s difficult to judge value, and trading becomes more frustrating than rewarding. It’s a symptom of the game’s deeper design issues.

Bright Spots Still Exist
To be fair, there are elements worth celebrating. The voice-acted NPC dialogue during story quests is a huge plus. Hearing characters speak adds a layer of immersion and personality that plain text just can’t deliver – and it genuinely made me care more about the main story, at least at first. More MMOs should do this.

World bosses and live events also shine – for brief moments, you feel part of a living, breathing community. And the musical instruments and group performances? Pure genius. These systems are fun, original, and show a glimpse of the game’s untapped potential.

Conclusion: A Lost Opportunity
This game could have been one of the greats. It had the budget, the engine, the setting. For a while, it looked like it might truly rival the giants of the genre. But over time, poor design choices, inventory frustration, and a shift toward “casino-style” systems have dragged it down.

It’s beautiful, but broken. A haunting reminder of how potential means nothing without vision.",beautiful broken stunning mmo undone system first glance game breathtaking visual quality toptier environment richly detailed give special praise dungeon design atmosphere lighting visual storytelling area truly blew away exploring game first time felt like something magical something worth investing time yet reached later stage game initial wonder began fade replaced something much less enchanting system built around grind rng feel like casinoinspired loot loop inventory hell let start biggest flaw inventory system mess spend absurd amount time sorting endless pile junk useless armor weapon trinket serve purpose there satisfying way sell discard clutter actively kill momentum enjoyment wow even bad loot reason exist digital garbage combat progression combat actually good smooth responsive enjoyable progression bizarrely lopsided leveling way fast easy gathering profession like mining become painful drawnout grind feel like two separate game one rushing forward dragging back disconnected world shallow exploration despite beautiful location world feel oddly disconnected there meaningful interaction environment real sense presence dont need explore youve seen area there little reason return world small static new zone arriving yearly along steady flow new dungeon raid recycled one increased difficulty immersion slot machine real disappointment hit game slowly shift immersive mmo something feel designed around loot crate addiction gameplay end revolving around opening box hoping lucky drop like slot machine convenience store kind design break fantasy break immersion ultimately break game economy chaos auction house another weak link nonsensical item system price wildly inconsistent difficult judge value trading becomes frustrating rewarding symptom game deeper design issue bright spot still exist fair element worth celebrating voiceacted npc dialogue story quest huge plus hearing character speak add layer immersion personality plain text cant deliver genuinely made care main story least first mmos world boss live event also shine brief moment feel part living breathing community musical instrument group performance pure genius system fun original show glimpse game untapped potential conclusion lost opportunity game could one great budget engine setting looked like might truly rival giant genre time poor design choice inventory frustration shift toward casinostyle system dragged beautiful broken haunting reminder potential mean nothing without vision,False,0
I love this game. We have a character on ps5 and PC. Buying the update for pc today since its on sale but i have plenty of fun just crafting and selling on the auction house with my level 60. If you're good with good gear you can find an actual challenge in 65 area with him.,love game character p pc buying update pc today since sale plenty fun crafting selling auction house level youre good good gear find actual challenge area,True,1
I played this game when it first released got to level 40 and it was meh. I started back up recently with the DLC and it has improved significantly. Me and my GF are really enjoying it.,played game first released got level meh started back recently dlc improved significantly gf really enjoying,True,1
"The game seems like it's coded by Amazon's third world trash customer service.

Game ignores key presses, runs like trash, despite not using much resources.
Amazon is making Walmart look like a high class place, anymore.
Amazon clearly can't code. They're just a bunch of faggots making trash games. It's what happens when you outsource your coding to third world trash.",game seems like coded amazon third world trash customer service game ignores key press run like trash despite using much resource amazon making walmart look like high class place anymore amazon clearly cant code theyre bunch faggot making trash game happens outsource coding third world trash,False,0
"Returned to New World recently, and the Aeternum expansion feels like a whole new game.
It’s smoother, more polished, and genuinely fun — I’m having a blast rediscovering it.

I just hope more players give it another shot, especially after trying Chrono Odyssey and realizing it’s basically a Timu-tier version of New World.
Aeternum deserves the comeback. 👑",returned new world recently aeternum expansion feel like whole new game smoother polished genuinely fun im blast rediscovering hope player give another shot especially trying chrono odyssey realizing basically timutier version new world aeternum deserves comeback,True,1
game has improved tremendously. give it another shot,game improved tremendously give another shot,True,1
"yea get it, actually no don't",yea get actually dont,True,1
It's been a fun game for the 200 hours I've played so far!,fun game hour ive played far,True,1
"I first played the game in beta found it boring, bought the game back in 2023 on the cheap to try it after the rework, and the flail came out, I found the game so boring, there is no class identity because everyone can play any weapon, making the game feel lack luster. I did play chronos odyssey and thought id play this again giving it a try for the 3rd time to see the difference between the two. I found chono so much better than this game. This game crafting system is tedious and boring, forcing people to waste time levelling up gathering before you can craft anything, and you have to level up crafting as well. The storage system isn't shared so you have to travel between towns to get your stuff out of storage. The combat is so bland and boring, I just can't get in to this game.",first played game beta found boring bought game back cheap try rework flail came found game boring class identity everyone play weapon making game feel lack luster play chronos odyssey thought id play giving try rd time see difference two found chono much better game game crafting system tedious boring forcing people waste time levelling gathering craft anything level crafting well storage system isnt shared travel town get stuff storage combat bland boring cant get game,False,0
"Beyond garbage combat, attacks/damage land before animations.
Beyond garbage map where you need to hover everything to even see town or points of interest names.
Beyond garbage story progression where you get showered with legendary items but simply cant do 1man quests, even 2 people couldn't kill some mobs
Level 50 zones that have lvl 70 breaches with mobs that hit for 5k.

Combat that perma staggers melee and forces you to move forward/backward with every attack done or attack that lands on your character.

Devs clearly have no interest in making this an enjoyable game as most of this trash is just unintuitive and/or bad design that forces you spend an extra 10 seconds here and extra 10 seconds there.

From 10 hours played i cant find 1 single good thing about this game, its just that bad.

200million dollars later this is just embarrassing some alphas and betas have better depth.

2 people with almost 700 ilvl(max is 725) cant do ""solo"" breach events as 2 people where its a solo quest.. mobs 4 shot the tank and 1 shot the healer/dps

Great game would not recommend this to my worst enemy.",beyond garbage combat attacksdamage land animation beyond garbage map need hover everything even see town point interest name beyond garbage story progression get showered legendary item simply cant man quest even people couldnt kill mob level zone lvl breach mob hit combat perma stagger melee force move forwardbackward every attack done attack land character devs clearly interest making enjoyable game trash unintuitive andor bad design force spend extra second extra second hour played cant find single good thing game bad million dollar later embarrassing alpha beta better depth people almost ilvlmax cant solo breach event people solo quest mob shot tank shot healerdps great game would recommend worst enemy,False,0
"Played it when it first came out because of friends, it was fun for the first 20 levels then became a grindfest, almost unplayable solo with quick respawns and you need to spend alot of money to get half decent gear (drop rates go against the weapons you use) came back now hearing its more solo friendly...and suddenly i cant play the game, they jumped the PC requirements and CPU usage, now it's unplayable, I hope steam allows a refund cause this was false advertisement on amazon part.

TO the REDDITORS who keep saying it's easy SOLO-able, F you! also wtf is up with all the inconsistent advises. oh GS don't matter, oh GS matters, which is it you a-holoes, the devs could atleast make it more enjoyable by toning down enemy aggro and damages for Fuck's sake, WHY DID I WASTE MONEY ON THIS HOT GARBAGE",played first came friend fun first level became grindfest almost unplayable solo quick respawns need spend alot money get half decent gear drop rate go weapon use came back hearing solo friendlyand suddenly cant play game jumped pc requirement cpu usage unplayable hope steam allows refund cause false advertisement amazon part redditors keep saying easy soloable also wtf inconsistent advises oh g dont matter oh g matter aholoes devs could atleast make enjoyable toning enemy aggro damage fuck sake waste money hot garbage,False,0
"I come back every now and then to see is AGS has rectified all the blunders, the money duping, the dsync and just generally bad decision making throughout the year. now the lack of content for 18 months is clear sign that NW will go into maintenance mode very soon. 

After all that you're wandering why i recommend the game. £60 for 1400~ hours... that's why. Take the game apart into 100 separate puzzle piece of content and systems and its genuinely amazing; crafting, Sound design, simple but fun combat, world design, gearing, MSQ. But put it all together and its a picture of a giant mouldy turd somehow. 

Buy it enjoy the journey, discover what make the game great, then you'll hit the endgame for like 2 days and turn it off. This game is only about the journey because the destination is about as fun as being mugged. 

See you in October for the next update :)

",come back every see ag rectified blunder money duping dsync generally bad decision making throughout year lack content month clear sign nw go maintenance mode soon youre wandering recommend game hour thats take game apart separate puzzle piece content system genuinely amazing crafting sound design simple fun combat world design gearing msq put together picture giant mouldy turd somehow buy enjoy journey discover make game great youll hit endgame like day turn game journey destination fun mugged see october next update,True,1
Almost 100 hours to max my character's level. Fun but way too un-optimized.,almost hour max character level fun way unoptimized,False,0
"It's one of the BEST MMORPGs of all time. If you like World of Warcraft, Guild Wars, and Old School RuneScape. It's a mix of all 3 in 1. The game is so much fun. However, AGS does not seem to care about the game and is allowing it to slowly die. It's disheartening to see a game with such potential get ruined. That ""Console"" release was only to squeeze one last time from customers. Shame on you AGS. I will never support any of your other games. What a horrible company that does not listen to their customers.",one best mmorpgs time like world warcraft guild war old school runescape mix game much fun however ag seem care game allowing slowly die disheartening see game potential get ruined console release squeeze one last time customer shame ag never support game horrible company listen customer,False,0
"Almost endless content. A bit ""grindy"" at times however. 
Some content requires large groups of players.  Some may like this some may not.",almost endless content bit grindy time however content requires large group player may like may,True,1
I have loved mmo's since Everquest. This game is a blast if you play with friends or your partner. I like that it's not too much of a grind. Fun stuff! Give it a go!,loved mmos since everquest game blast play friend partner like much grind fun stuff give go,True,1
"Came back to New World after a while, saw they finally added mounts. Thought I could just do a quest and get one - NOPE! You have to pay $30 for the DLC just to unlock basic mounts like a horse.

Mounts are a standard feature in most MMOs. They shouldn’t be locked behind a paywall, especially in a game many of us already paid for.

Was ready to enjoy the game again, but this killed my interest. Good luck.",came back new world saw finally added mount thought could quest get one nope pay dlc unlock basic mount like horse mount standard feature mmos shouldnt locked behind paywall especially game many u already paid ready enjoy game killed interest good luck,False,0
"Tried to come back after many years to check it out and uninstalled after a few minutes. During the intro cut-scene hitting esc sent me back to the character login screen instead of skipping the cut-scene. Upon loading in I get an error that I need to purchase the DLC to play my character. Why was I allowed to create it in the first place if I'm not able to play it without dlc? Still mad I gave this game my money many years ago, they have never made it worth it.",tried come back many year check uninstalled minute intro cutscene hitting esc sent back character login screen instead skipping cutscene upon loading get error need purchase dlc play character allowed create first place im able play without dlc still mad gave game money many year ago never made worth,False,0
i like this game! i dislike how i have to spell out what i like and dont like for this,like game dislike spell like dont like,True,1
"its fun once you get to the mid to high lvls where the quests become harder. other wise, the gameplay in verry nice and skill goes before skaling damage
",fun get mid high lvls quest become harder wise gameplay verry nice skill go skaling damage,True,1
"-Fun engaging game
-Pretty good story line
-Good crafting system (good variety of gatherable materials, also fishing is fun and nice)
-Beautiful world, even without mounts I love running around
-PvP (review pending)

I'm having fun honestly, wish you could work towards mounts as an achievement that would be cool. The loot I'm getting while doing to quests and stuff isn't that good most of the time )for now), but you can craft good equipment easy enough and that feels better to me so I don't mind much. The game looks good and hasn't had any lag or anything for me so I'm pretty happy in that aspect. I thought only having a few skills would turn me away, but the ability to swap weapons and tying attacks together in is pretty fun and you have to think about it a good bit, reminds me of when ArchAge first came out and you could mix and match classes together and I always thought that was a cool mechanic, they do it pretty well here in New World I think. 

I think more people should give this game an actual shot its fun and I would recommend it.
7.5/10

",fun engaging game pretty good story line good crafting system good variety gatherable material also fishing fun nice beautiful world even without mount love running around pvp review pending im fun honestly wish could work towards mount achievement would cool loot im getting quest stuff isnt good time craft good equipment easy enough feel better dont mind much game look good hasnt lag anything im pretty happy aspect thought skill would turn away ability swap weapon tying attack together pretty fun think good bit reminds archage first came could mix match class together always thought cool mechanic pretty well new world think think people give game actual shot fun would recommend,True,1
Well its a fun game to grind and 100% your skills. Group finding for dungeons are a bit non-existent unless you have discord.,well fun game grind skill group finding dungeon bit nonexistent unless discord,True,1
"Base game is ok but not my cup of tea after 30ish hours (never gonna click with every game). However, recently a dear friend of mine (who loves the game) told me about the seasonal server. 

Sounded cool so I installed, choose the seasonal server, created a character and enter the world...intro cut scene begins, I hold escape to skip and boom, back to start up screen. Choose my new character, enter the world, intro cut scene begins but this time I wait for the prompt in the bottom corner to tell me to ""Hold ESC to Skip).

Bad idea, back to start up screen. ""No biggie"" I think, choose my character and login knowing I must sit through the intro scene I have watched 15-20 times in previous attempts to find the fun over the last couple years. Cut scene finishes, my character loads in and.....this is when I am told ""Your Character is Locked"" and to go pound sand until I buy the X-Pac.

Easy decision at this point, uninstalled and a thumbs down from me (pretty sure this is not how you bring players back).

Why not just tell us before we create the character? I would have still uninstalled but no way the negative review would have even entered my mind..",base game ok cup tea ish hour never gonna click every game however recently dear friend mine love game told seasonal server sounded cool installed choose seasonal server created character enter worldintro cut scene begin hold escape skip boom back start screen choose new character enter world intro cut scene begin time wait prompt bottom corner tell hold esc skip bad idea back start screen biggie think choose character login knowing must sit intro scene watched time previous attempt find fun last couple year cut scene finish character load andthis told character locked go pound sand buy xpac easy decision point uninstalled thumb pretty sure bring player back tell u create character would still uninstalled way negative review would even entered mind,False,0
after the confetti settled it turns out this is just another poorly executed MMO that seems designed to milk your wallet above all else.,confetti settled turn another poorly executed mmo seems designed milk wallet else,False,0
"Stunning visuals with solid mechanics,worth your time.",stunning visuals solid mechanicsworth time,True,1
Combat and UI is kind of jank. Feels like the Walmart version of Chrono Odyssey.,combat ui kind jank feel like walmart version chrono odyssey,False,0
"I am perplexed by the hate in the reviews. I've noticed alot of times lately games become 'popular to hate' when they have a launch that is flawed in any way, or even just not the end-all-be-all game to spend every future waking second playing for them personally, they start or create some kind of hate train.

As a traditional fantasy MMORPG format, this is one of the newest and by far the best iterations of that genre. This game has one of the best combat systems ever put in an MMORPG, BY FAR. With active, split second dodging, real hit-boxes where you can jump over and duck under projectiles and swings actually miss if they don't physically touch you. I believe there are character collisions as well, IIRC. All projectiles have to actually be aimed, which adds a HUGELY immersive element to large raids or the fortress defense activity things. For instance, as an archer, you are actually aiming the arrows slightly upward to compensate for gravity's pull, so the arrows fall into the mob of melee fighting going on ahead of you between the enemy NPC melee and your own RAID group. Combat is fast paced, and positioning matters greatly, ESPECIALLY when using a weapon like rapier. Every fraction of a second matters because some of your abilities effectively teleport behind the enemy, but doesn't stun for like 3 seconds like in WOW. You are just using your abilities and positioning to actually physically dodge the enemies attacks. Not getting hit no matter what, and hoping it rolls well, again, like in traditional MMORPGs. The combat in this is much faster paced and way more movement, positioning, and timing involved because you actually have to 'HIT' the enemy, and they you.

The class system is great; you can effectively level every class on one character if you choose, and the same goes for crafting/skills type leveling. 

The music system is bar-none the absolute best. The game practically has Guitar Hero (without the guitar controls, so step mania?) or Rockband just built into the game as a skill to level and progress. And you can do it with your other party members or whomever, and each person plays a different instrument and part of the song.. for like 100s of songs, IIRC.

The builds system is unique and very customizable. Each weapon has a major and minor stat that contributes to it. And you can equip two weapon types to switch between. So, I.E. speccing with high dexterity helps you as a 'major' stat for both bow and spear. But, it also helps by contributing half points to things like Hatchet and Two handed sword as a 'Minor' stat. combine this with magic type weapons, and a talent tree style system, and you get the picture. 

Sorry if some of it is vague, a lot is coming from memory. But I am actually reinstalling the game right now.

One tip: Check the server populations online before you make your character. Currently, in the US, Us West servers are virtually empty compared to the healthy population on Us East. XD

Anyways, if you're looking for a traditional(ish) fantasy MMORPG with great combat and leveling and skills system.... New World is actually my 10/10 favorite.",perplexed hate review ive noticed alot time lately game become popular hate launch flawed way even endallbeall game spend every future waking second playing personally start create kind hate train traditional fantasy mmorpg format one newest far best iteration genre game one best combat system ever put mmorpg far active split second dodging real hitboxes jump duck projectile swing actually miss dont physically touch believe character collision well iirc projectile actually aimed add hugely immersive element large raid fortress defense activity thing instance archer actually aiming arrow slightly upward compensate gravity pull arrow fall mob melee fighting going ahead enemy npc melee raid group combat fast paced positioning matter greatly especially using weapon like rapier every fraction second matter ability effectively teleport behind enemy doesnt stun like second like wow using ability positioning actually physically dodge enemy attack getting hit matter hoping roll well like traditional mmorpgs combat much faster paced way movement positioning timing involved actually hit enemy class system great effectively level every class one character choose go craftingskills type leveling music system barnone absolute best game practically guitar hero without guitar control step mania rockband built game skill level progress party member whomever person play different instrument part song like song iirc build system unique customizable weapon major minor stat contributes equip two weapon type switch ie speccing high dexterity help major stat bow spear also help contributing half point thing like hatchet two handed sword minor stat combine magic type weapon talent tree style system get picture sorry vague lot coming memory actually reinstalling game right one tip check server population online make character currently u u west server virtually empty compared healthy population u east xd anyways youre looking traditionalish fantasy mmorpg great combat leveling skill system new world actually favorite,True,1
One of the only games that keeps me coming back.  I wish there was more content at a faster rate for PVE is my only complaint.  Also would be nice to do solo expeditions with NPCs for solo players like myself.,one game keep coming back wish content faster rate pve complaint also would nice solo expedition npc solo player like,True,1
"Dont play this game for the PvP, I dont think the PvP has ever worked properly...

The PvE in this game is quite fun and the level progression feels very satisfying.

I'm not sure this game is worth its price tag, but if you can get it on a discount just go for it.

",dont play game pvp dont think pvp ever worked properly pve game quite fun level progression feel satisfying im sure game worth price tag get discount go,True,1
"Legit fun game. No idea about endgame, maybe that sucks willies? First 90 hrs is fun with friends so far.",legit fun game idea endgame maybe suck willies first hr fun friend far,True,1
"Game was pretty decent at launch, the setting and mechanics of the game were fun and the Company vs Company wars were a great mechanic, and that was it. Nothing else. 

People then found bugs and exploits to break the game, the game had a singular meta that broke the rest to the point it was pointless to run anything but that. There was no endgame content really. No new content came out for far too long and the game died.

I recently logged in to see what was different. Not impressed. There was so much unnecessary shit added to the map and UI that was just a clusterfuck of pointless markers/popup etc, half of the content that was in the game has now been removed and chucked behind a paywall, this is content that was in the game for everyone. Now you have to pay for it to get it back.

Uninstalled it again. 

Amazon, let the game sleep",game pretty decent launch setting mechanic game fun company v company war great mechanic nothing else people found bug exploit break game game singular meta broke rest point pointless run anything endgame content really new content came far long game died recently logged see different impressed much unnecessary shit added map ui clusterfuck pointless markerspopup etc half content game removed chucked behind paywall content game everyone pay get back uninstalled amazon let game sleep,False,0
"I've been enjoying New World, haven't done much of the main quest as I get distracted. Its 'New' start is quite New player friendly with a little hand holding. It has a good range of viable weapons and builds. Even healing is fun!

",ive enjoying new world havent done much main quest get distracted new start quite new player friendly little hand holding good range viable weapon build even healing fun,True,1
Gets Boring fast. End game is a little bad as there is no content.,get boring fast end game little bad content,False,0
"Best MMO RPG on the market. The game provides great fun for many hours but... you don't have to play for long to notice bots running along the same path at any time of day or night, collecting resources... Do something about it and the game will be perfect :)",best mmo rpg market game provides great fun many hour dont play long notice bot running along path time day night collecting resource something game perfect,True,1
"Finally, a RS type game that allows you to enjoy graphics and gameplay. The combat system is so simple and elegant. The wife and I play this together, so if you're trying to find an MMO for you and yours, look no further. This was better than expected.",finally r type game allows enjoy graphic gameplay combat system simple elegant wife play together youre trying find mmo look better expected,True,1
"I find this to be a sad, convoluted game.. ..the worst of it...it's boring.. ..",find sad convoluted game worst itits boring,False,0
The only MMO I enjoy gathering and crafting. Every weapon and weapon combo is completely unique. Skill cap through the roof but nothing really makes you feel like you aren't good enough.,mmo enjoy gathering crafting every weapon weapon combo completely unique skill cap roof nothing really make feel like arent good enough,True,1
"I’ve only played this game for maybe 100 hours a couple of years ago and then just come back and played another 20 or 30 just now .
I understand that some people have complained that the endgame content is a little lacking but I haven’t really come up against that yet.
What I’ve played I have loved , the game feels really good and looks beautiful the movement is silky smooth and very crisp  the sound is amazing and brings the game to life. Gathering and crafting system is probably the most fun I’ve ever experienced in any MMO.
Monetisation is very fair with no ptw. 
Overall I think New world is probably a better choice for casual gamers than for hardcore gamers who want a no life experience that they can dedicate hours every day to. 
I would say that the game offers great value for money for those who want a beautiful, immersive experience with at least a couple of hundred hours of gameplay. 
Also feel like , if you’re starting the game now , by the time you reach end game there will probably be a whole lot more content available for you to enjoy.",ive played game maybe hour couple year ago come back played another understand people complained endgame content little lacking havent really come yet ive played loved game feel really good look beautiful movement silky smooth crisp sound amazing brings game life gathering crafting system probably fun ive ever experienced mmo monetisation fair ptw overall think new world probably better choice casual gamers hardcore gamers want life experience dedicate hour every day would say game offer great value money want beautiful immersive experience least couple hundred hour gameplay also feel like youre starting game time reach end game probably whole lot content available enjoy,True,1
"Didn't like the PvP focused endgame at first. But after a few updates, im satisfied.",didnt like pvp focused endgame first update im satisfied,True,1
"Ignore the hate, it's a nice game, with alot of content, exploring is fun, combat is fun, dungeons are fun, and community is .... game is fun...",ignore hate nice game alot content exploring fun combat fun dungeon fun community game fun,True,1
"Oh man, the new/returning user experience is absolutely atrociuos. I come back after a year and start a new character on the option it give me for the seasonal server. I create the entire character and the story starts, im not too interested so I see if I hold Esc is will skip the story, but on the bottom right it also says, press Esc to go back. So I hold Esc to skip the story and wouldnt you know it, it stops the story and goes straight back to the main menu.

At this point, I've tried it multiple times, welp, I guess I just cant skip the story. So I sit through the story while on my phone, because I dont care at this point. After 5 min the story ends and my character shows on screen, for just a split second, before it says I ""need to purchase the expansion before blah blah blah"". So you let me spend all the time to create a character, forced to watch you silly story and after all that BS you finally let me know I need to purchase the expansion before playing that mode?!

LOL that is some of the most ridiculous $%!T i've ever seen. I get that expansions are a thing, let me know when I select the mode, not after i've put time in. That's just a very small example of what I'm sure is absolutely entrenched in this game, absolutely zero respect for the players time. That's the sign of a social experiment, not a game. When you have to FIND the fun, it's all but over.",oh man newreturning user experience absolutely atrociuos come back year start new character option give seasonal server create entire character story start im interested see hold esc skip story bottom right also say press esc go back hold esc skip story wouldnt know stop story go straight back main menu point ive tried multiple time welp guess cant skip story sit story phone dont care point min story end character show screen split second say need purchase expansion blah blah blah let spend time create character forced watch silly story b finally let know need purchase expansion playing mode lol ridiculous ive ever seen get expansion thing let know select mode ive put time thats small example im sure absolutely entrenched game absolutely zero respect player time thats sign social experiment game find fun,False,0
"campaign long AF. body collision ahh. Lots of other niche things, wasn't a fan of the leveling system(stat system). runs poorly without an incredible system and network. as far as MMOs go, leaves something to be desired",campaign long af body collision ahh lot niche thing wasnt fan leveling systemstat system run poorly without incredible system network far mmos go leaf something desired,False,0
"edit:  LOWER THE PRICE! YOU ALREADY HAVE BATTLE PASS AND IN GAME PURCHASE, THERE IS NO REASON FOR THIS TO BE 80$  THE GAME IS VERY FUN TO PLAY WITH FRIENDS BUT YOU ARE LITERALLY KILLING IT WITH THE HUGE BARRIER OF ENTRY.

I've played this a lot since release.  I've been wanting to have some friends join but I literally have to tell them that it is not worth $80.  Feels bad to have to tell people not to try it until it is under $40 for the main and dlc.",edit lower price already battle pas game purchase reason game fun play friend literally killing huge barrier entry ive played lot since release ive wanting friend join literally tell worth feel bad tell people try main dlc,False,0
"So far, I don't really understand the hate with this game. Most of the expansion definitely should of been apart of base game but, that's a review of the expansion not the base game. 

Good----
1. Story lines are good shoot most of the side quests are pretty fun too. 
2. You feel strong with good gear and eventually as you level you start weakening out and need to get new stuff which feels balanced and fair. 
3. The zones blend pretty smooth and there's more variety of mobs compared to New World when it was released.
4. The faction system really encourages you to get into pvp BUT it doesn't feel shoved down your throat
5. Buy it once, no monthly sub, no P2W that I've noticed

Bad---
1. Sometimes there's some (minor) connectivity issues.
2. Every time I see someone on a mount I get miffed that in order to ride one (something every other MMO has base game) I need to pay another $30 for
3. While the game is a buy once, play forever style it's frustrating that for things like transmog and other basic stuff they charge for it. The main problem here I think is it costs way too much for something like that. I want my character to look cool but damn if it's going to cost that much I'd rather pay a sub and have it thrown in for free.
4. The setting camp feature is a really neat feature but it's a pita to find one nearby to use.

Overall, 7/10",far dont really understand hate game expansion definitely apart base game thats review expansion base game good story line good shoot side quest pretty fun feel strong good gear eventually level start weakening need get new stuff feel balanced fair zone blend pretty smooth there variety mob compared new world released faction system really encourages get pvp doesnt feel shoved throat buy monthly sub pw ive noticed bad sometimes there minor connectivity issue every time see someone mount get miffed order ride one something every mmo base game need pay another game buy play forever style frustrating thing like transmog basic stuff charge main problem think cost way much something like want character look cool damn going cost much id rather pay sub thrown free setting camp feature really neat feature pita find one nearby use overall,True,1
"Different from any other MMORPG I've ever played in the best way possible. Lots of depth and story and detail in a new refreshing experience that have underlying and ""familiar"" themes.",different mmorpg ive ever played best way possible lot depth story detail new refreshing experience underlying familiar theme,True,1
"New world is actually good, Overhated game imo. Had a rocky release but the game is much better now.",new world actually good overhated game imo rocky release game much better,True,1
"Taken purely as a single player game, New World is basically closest you can have to a new Elder Scrolls or Fable game. Loving the gameplay, exploration and atmosphere. Music reminds me of Witcher 3.",taken purely single player game new world basically closest new elder scroll fable game loving gameplay exploration atmosphere music reminds witcher,True,1
Its a fun game with lots to do,fun game lot,True,1
"Sadly there was a lot to offer in this MMO but it just didn't hold up very well when met with the need to keep it going.
The biggest issue I have is that they refused the idea of adding mounts against community feedback, then made it so you had to buy them when they did add them. They DO NOT appreciate the consumers, only appreciate the money they acquire. It's obvious in their monetization strategies. I tried to return to the game and of course it's plagued with a battle pass system.",sadly lot offer mmo didnt hold well met need keep going biggest issue refused idea adding mount community feedback made buy add appreciate consumer appreciate money acquire obvious monetization strategy tried return game course plagued battle pas system,False,0
"Reasons for Aeternum ""DLC"":
- Money
- Money
- Fresh steam page with no negative reviews
- Mount they should've had from the beginning
- Money

Worth of the Aeternum ""DLC"": $30

My reaction to Aeternum ""DLC"":
-_-""
nope, fk that",reason aeternum dlc money money fresh steam page negative review mount shouldve beginning money worth aeternum dlc reaction aeternum dlc nope fk,False,0
trash developers don't care about the players,trash developer dont care player,False,0
i love that you need to pay 50k gold in pangea server to get a gorg carry! people are so nice and sarcastic to every question you have!,love need pay gold pangea server get gorg carry people nice sarcastic every question,True,1
Nobody is playing this game. Another amazon flop.,nobody playing game another amazon flop,False,0
"I wanted a good hack and slash MMORPG and this game delivered. The story line is cool so far with lots of extra skills to build up like fishing, logging, even music playing which is pretty fun.",wanted good hack slash mmorpg game delivered story line cool far lot extra skill build like fishing logging even music playing pretty fun,True,1
"Very fun action combat PvP MMORPG. Loved the open world skirmishes, wars, OPR, 3v3s. Blunderbuss and firestaff are a lot of fun. Gathering is also some of the best in any MMO game. Chopping down trees is so satisfying. The transmog feature addition is also very good, along with the projectile bullet change. Many good changes over the years. Not a big fan of their focus on pumping out boring dungeons, or the PvE in OPR, their Junkyard engine, all the bugs, the massive amount of gold going to territory company owners (although the horizontal gear progression made this less of an issue), and imbalance with bows/muskets. There's a large focus on PvE when it's not that great; very little focus on open world PvP, wars, 3v3s, and OPR which is where this game shines. Devs seem to listen to their players but the shift in focus away from NW at AGS hurt the PC playerbase (especially after the Aeternum console update). Also I think the corruption portals should be more similar to those seen in the game Oblivion! Stopped playing after the game rename patch. Mainly played BB/FS, BB/Hatchet, GS/Hatchet. I think adding friendly fire would be interesting, just to see how it would change the meta for wars.",fun action combat pvp mmorpg loved open world skirmish war opr v blunderbuss firestaff lot fun gathering also best mmo game chopping tree satisfying transmog feature addition also good along projectile bullet change many good change year big fan focus pumping boring dungeon pve opr junkyard engine bug massive amount gold going territory company owner although horizontal gear progression made less issue imbalance bowsmuskets there large focus pve great little focus open world pvp war v opr game shine devs seem listen player shift focus away nw ag hurt pc playerbase especially aeternum console update also think corruption portal similar seen game oblivion stopped playing game rename patch mainly played bbfs bbhatchet gshatchet think adding friendly fire would interesting see would change meta war,True,1
"I play games to escape shitty people. 

New World encourages people to be shitty on purpose.

0/10",play game escape shitty people new world encourages people shitty purpose,False,0
"veri nice, dont listen to reddit.",veri nice dont listen reddit,True,1
"dont buy this game if ur pc is within the minimum requirement 
crashed very often and render all the time whenever u tried entering this game 
dev dont even care about this",dont buy game ur pc within minimum requirement crashed often render time whenever tried entering game dev dont even care,False,0
The game is well designed...the fact that Amazon runs it is not great but it is fun.,game well designedthe fact amazon run great fun,True,1
"I have over 5,000 hours into New World: Aeternum (Yea, I know, kinda sad), and I must say..most of these reviews are from players with a lot of hours for a reason. THIS IS A GOOD GAME. Don't let Reddit or some random bad review make you think otherwise. It is 100% worth the money, and you will surely get your money's worth if you enjoy this genre of the game.

They are aware of the lack of end-game content, have acknowledged it, and are planning on launching additional updates (both PvE and PvP related) down the road. Regardless though, the current state of the game is great in my opinion, and if you have not played this before, I strongly recommend you give it a shot. Just be wise on which server you select (make sure to choose one with a high population!)

See you in Aeternum!",hour new world aeternum yea know kinda sad must saymost review player lot hour reason good game dont let reddit random bad review make think otherwise worth money surely get money worth enjoy genre game aware lack endgame content acknowledged planning launching additional update pve pvp related road regardless though current state game great opinion played strongly recommend give shot wise server select make sure choose one high population see aeternum,True,1
"this is a decent RPG. just do not expect much more than basic BS quests. instead of crafting products, just gather mats and sell them. crafting is a total disaster.",decent rpg expect much basic b quest instead crafting product gather mat sell crafting total disaster,True,1
The player base skews old and angry.,player base skews old angry,False,0
Game is the worst i did  not play for over a year came back installed it and was met with a perma ban because i used a cheat software. How can i use cheats if i have not played the game or even had it installed in my system. Screw amazon dont buy anything from them ever they are the worst.,game worst play year came back installed met perma ban used cheat software use cheat played game even installed system screw amazon dont buy anything ever worst,False,0
"Grinded this game as an MMO alternative to WoW on release and bought Aeternum to try and relive the hype that it once was upon release. Aesthetically this game is great, however constant issue of lack of endgame content compared to its counterparts, influx of bugs and glitches, mediocre PvP still prevents the game from being a competitor. Hope it can become as solid as it was from day one in the upcoming future.",grinded game mmo alternative wow release bought aeternum try relive hype upon release aesthetically game great however constant issue lack endgame content compared counterpart influx bug glitch mediocre pvp still prevents game competitor hope become solid day one upcoming future,False,0
"Only 11 hours in, but I absolutely love it. being able to switch ""classes"" at will is perfect for my comitment issues.",hour absolutely love able switch class perfect comitment issue,True,1
"Fun and it gives you choices in your buildup
",fun give choice buildup,True,1
"I have been playing this game since 3 days after its original launch,  overall I really enjoy it and no other game has combat that feels as smooth and satisfying as new world.  I have taken some breaks and made many new characters, the changes to the story line are amazing and the game has come such a long way since launch. The quests are diverse and fun from fighting to parcore and puzzles (but not to hard for those of us wanting to hill after a hard day of work). the challenges come in the optional content of high level mutated dungeon runs to be on the leader board for a seasonal cosmetic (time or score), opr, influences races. you can play as chill or as sweaty as u like there is something for all.",playing game since day original launch overall really enjoy game combat feel smooth satisfying new world taken break made many new character change story line amazing game come long way since launch quest diverse fun fighting parcore puzzle hard u wanting hill hard day work challenge come optional content high level mutated dungeon run leader board seasonal cosmetic time score opr influence race play chill sweaty like something,True,1
"TLDR: Fun earlygame but even before reaching the end of Main Story line it becomes very repetitive and boring. Needs more variety when it comes to combat and content.

Story is decent, although has a few dips here and there (IMO first big bad introduction as corrupting cunning force was pretty weak, she seemed like a 100% villain with taunts rather than making valid points). Sidequests range from normal to a bit weird, but almost all are voiced. They do lack variety though, there aren't really any proper puzzles or custom mechanics tied to quests like in some other MMOs.

The world is pretty but looting broken houses for absolutely the same materials gets quite repetitive very fast. The game really would benefits from metas and dynamic world events that some other MMOs have.

Combat is a mixed experience. From one point of view it's very responsive. From another it's just switching between 2 weapons with 3 active skills of out 6 toal + very minor skill customization. Oh and also +1 skill from heartrune. It lacks depth, variety. Feels spammy and by the time I reached Elysian Wilds I got bored with it, even though I started switching ranged weapon between bow and firestaff.
On top of that DPS builds are too squishy. It's not fun when enemy sneezes at you and you lose 50% hp or straight up get oneshot.
Blocking is very hard because of visual spam, it's just impossible to see when enemies attack. And there is no option to turn down/hide ally skill effects, so if you're part of 20-man raid, the screen is a multicolored vomit.

I didn't quite get into endgame content aside from trying some open world elite chest runs and M1 expeditions, but it seems that endgame is mostly raid and mutated expedition grind. There aren't many mutated expeditions and once again they get repetitive fast, while giving barely any useful rewards.

Gearing could be done better. You loot various named upgradeable gear pieces with 600+ GS but in reality when it comes to PvE gear, everyone is running the same 3 perks, because they're strictly better for survivability. At the end of the day, you salvage 99% of gear you loot.",tldr fun earlygame even reaching end main story line becomes repetitive boring need variety come combat content story decent although dip imo first big bad introduction corrupting cunning force pretty weak seemed like villain taunt rather making valid point sidequests range normal bit weird almost voiced lack variety though arent really proper puzzle custom mechanic tied quest like mmos world pretty looting broken house absolutely material get quite repetitive fast game really would benefit metas dynamic world event mmos combat mixed experience one point view responsive another switching weapon active skill toal minor skill customization oh also skill heartrune lack depth variety feel spammy time reached elysian wild got bored even though started switching ranged weapon bow firestaff top dp build squishy fun enemy sneeze lose hp straight get oneshot blocking hard visual spam impossible see enemy attack option turn downhide ally skill effect youre part man raid screen multicolored vomit didnt quite get endgame content aside trying open world elite chest run expedition seems endgame mostly raid mutated expedition grind arent many mutated expedition get repetitive fast giving barely useful reward gearing could done better loot various named upgradeable gear piece g reality come pve gear everyone running perk theyre strictly better survivability end day salvage gear loot,False,0
"Great MMO, I am really enjoying it. No matter what you are into New World has something for all fans of Fantasy MMO's.",great mmo really enjoying matter new world something fan fantasy mmos,True,1
pay 30 bucks for a mount,pay buck mount,False,0
Scenery is complex and beautiful. Enjoyed skill leveling and crafting.,scenery complex beautiful enjoyed skill leveling crafting,True,1
"end game is just not a thing, PVE wise there is no content what so ever maybe 3 raids which majority don't want to do and 10 dungeons which are repetitive. PvP content is 3v3 personally never played and OPR which is very unbalanced due to the fact ppl make pre-made groups with a pocket healer and wipe the other team one team gets max points 1K and the other will be lucky to get 100 points and a total kill count of 20 vs the other team getting well over 100 sad part is if you solo que you end up with the same team over and over because of this. for wars/raids you need to be in a company and basically its a second job you have to be on for certain times/dates because of this it makes up only 6% of the community. would i recommend this game? sure if its onsale for over half off enjoy your first 60-80 hours while you can the remainder of your time will be a long boring farming simulator, unfair/unfun PvP or doing the same little to no PVE content, I personally really tried to give it a go and really wanted to like the game because of the PvP mechanics but its very unbalanced certain perks like shirking heals, haste ruin PvP.",end game thing pve wise content ever maybe raid majority dont want dungeon repetitive pvp content personally never played opr unbalanced due fact ppl make premade group pocket healer wipe team one team get max point lucky get point total kill count v team getting well sad part solo que end team warsraids need company basically second job certain timesdates make community would recommend game sure onsale half enjoy first hour remainder time long boring farming simulator unfairunfun pvp little pve content personally really tried give go really wanted like game pvp mechanic unbalanced certain perk like shirking heals haste ruin pvp,False,0
Liked the game a lot but it is long long grind.  If you like grinding all the time then this is a great game for you but if you dont like grinding dont bother .,liked game lot long long grind like grinding time great game dont like grinding dont bother,True,1
"came back in 2025 after dropping it at launch. 20 hours in - actually impressed by how much they improved the early game. main questline explains you the lore, your journey makes sense storywise, side characters now have personalities. easily one of the best “first 20 hours” I’ve had in an mmo since tbc-era wow.

with that being said, this is the early game impression (for an mmo that is), so take it with a grain of salt",came back dropping launch hour actually impressed much improved early game main questline explains lore journey make sense storywise side character personality easily one best first hour ive mmo since tbcera wow said early game impression mmo take grain salt,True,1
"It's worth it, more directional changes for MMORPG's more skill needed. <3",worth directional change mmorpgs skill needed,True,1
"Pros:
✅ Refined Storytelling & Accessibility: The new cinematic cut-scenes and revamped questline make the narrative more engaging and approachable, even for newcomers 
✅ Fast-Paced, Controller-Friendly Combat: Combat is smooth, responsive, and easier on console than the 2021 version, yet still satisfying on PC 
✅ Expansive, Gorgeous World: Aeternum’s lush environments, improved graphics, ambient soundscapes, and smoother performance create an immersive world worth exploring 
✅ Flexible Classless Progression: You’re not locked into a class, you can swap builds and gear freely, catering to solo or group playstyles 
✅ Robust Endgame & Crafting: Mounts, seasoned PvP modes (like 50‑v‑50 wars, arenas), mutated dungeons, raids, and a deep crafting system add variety and depth 
✅ Low Barrier to Entry & Buy-to-Play Model: With a one-time purchase (no subscription), it’s an accessible MMO for newbies 

Cons:
❌ Time Sink & Grind Potential: The game-play loop, quests, gathering, crafting, can feel overwhelming and time-consuming for some 
❌ Solo‑Friendly Yet Socially Biased Endgame: While solo play is supported early on, the best gear and PvP content often require group efforts 
❌ Console Visual Tradeoffs: While smoother, console versions may compromise on graphical fidelity compared to PC 
❌ Persistent Bugs & Economy Issues: Some players report bugs, unbalanced systems, and concerns about development direction, like frequent “fresh PvP servers” 
❌ Metacritic & User Reviews Are Mixed: Critics give it a solid 75/100, but user scores average around 69/100, reflecting a divide between enthusiasm and frustration 

🎯 Final Verdict
New World: Aeternum is a significant upgrade from its 2021 predecessor, delivering refined storytelling, action-packed combat, and a stunning open world. It offers both casual solo play and deeper endgame challenges, with flexible progression and strong crafting mechanics. However, expect a deep time investment, potential bugs, and an endgame that leans on group activity.

Who it’s best for:
- MMO newcomers seeking a one-time‑purchase entry.
- Fans of action-RPG combat and lush environments.
- Players who enjoy crafting, gathering, and flexible build experimentation.

🌟 Recommendation
If you're excited by open-world MMOs with action-oriented combat, beautiful scenery, rich crafting systems, and a mix of solo and group content, New World: Aeternum is worth picking up in 2025. Just be ready for a time investment and potentially buggy moments.",pro refined storytelling accessibility new cinematic cutscenes revamped questline make narrative engaging approachable even newcomer fastpaced controllerfriendly combat combat smooth responsive easier console version yet still satisfying pc expansive gorgeous world aeternums lush environment improved graphic ambient soundscapes smoother performance create immersive world worth exploring flexible classless progression youre locked class swap build gear freely catering solo group playstyles robust endgame crafting mount seasoned pvp mode like war arena mutated dungeon raid deep crafting system add variety depth low barrier entry buytoplay model onetime purchase subscription accessible mmo newbie con time sink grind potential gameplay loop quest gathering crafting feel overwhelming timeconsuming solofriendly yet socially biased endgame solo play supported early best gear pvp content often require group effort console visual tradeoff smoother console version may compromise graphical fidelity compared pc persistent bug economy issue player report bug unbalanced system concern development direction like frequent fresh pvp server metacritic user review mixed critic give solid user score average around reflecting divide enthusiasm frustration final verdict new world aeternum significant upgrade predecessor delivering refined storytelling actionpacked combat stunning open world offer casual solo play deeper endgame challenge flexible progression strong crafting mechanic however expect deep time investment potential bug endgame lean group activity best mmo newcomer seeking onetimepurchase entry fan actionrpg combat lush environment player enjoy crafting gathering flexible build experimentation recommendation youre excited openworld mmos actionoriented combat beautiful scenery rich crafting system mix solo group content new world aeternum worth picking ready time investment potentially buggy moment,True,1
"They have no clue what they're doing, just a mismanaged Amazon title, they don't listen to their playerbase.
Also - you cant play for more then an hour without crashing at the moment.

Yes, I have over 800 hours- most of this was from release. I returned last year due to pets and the console release.
Now again, I tried to come back to New World and I found that literally nothing of value has been added for end-game players. 

There is ZERO reason to play beyond the 80-100 hours of storyline and hitting max GS. 
PvP and dungeons are the same thing over and over again.

The community is dead.",clue theyre mismanaged amazon title dont listen playerbase also cant play hour without crashing moment yes hour release returned last year due pet console release tried come back new world found literally nothing value added endgame player zero reason play beyond hour storyline hitting max g pvp dungeon thing community dead,False,0
The devs have no clear vision for this game and consistently under-deliver.,devs clear vision game consistently underdeliver,False,0
"Game just simply isn't working, can't even get past intro scene without an error or crash and its unskippable due to the button to quit and skip being the same button. loved the game before now its just sad.",game simply isnt working cant even get past intro scene without error crash unskippable due button quit skip button loved game sad,False,0
"love this game. the crafting and gathering aspect is awesome. and then the action too. its nice because if you want a break from the main story and quests, you can just run around gather materials and craft stuff.",love game crafting gathering aspect awesome action nice want break main story quest run around gather material craft stuff,True,1
"It's a beautiful yet just another grind game.  Personally I found it quite tough to find people to run with to do expeditions and other content that was just too tough for me.  Others seem to breeze through it all without a problem.  I did have a few people saying they would 'get me geared up'. Alas that unfortunately never happened.  The problem I find with this is that I should be able to do this myself realistically, without the assistance of someone carrying my sorry butt through the game.

Just give it  miss and spend a few hundred hours playing something else that is seems to dive into an endless spiral of repetitive back and forth pointless and boring quests - until the quests run out and your just left attempting to find a group to do expeditions with or the elusive Gorgon run that you cannot do unless you have the right gear - catch 22.

The game is a massive grind and has a complex and horrendously conflated crafting system. The story line is quite entertaining on a basic level and I did not mind it too much.  There is a lot of content in the game for sure and loads of PVP content if your into that stuff.  I personally stay clear of PVP due to the toxic nature of many players. However there seems to be a lot of achievements attached to PVP and I personally hate that sort of thing.  It stops progression for some players.

I did enjoy it at first but not so much late game. I am really trying to like it more but with the dead servers and a player base that is smaller than most tiny country towns I honestly believe that the game is basically dead. I think the devs are throwing buckets of desperation at a community that has already lost interest. 

Maybe your experience will be better than mine?",beautiful yet another grind game personally found quite tough find people run expedition content tough others seem breeze without problem people saying would get geared ala unfortunately never happened problem find able realistically without assistance someone carrying sorry butt game give miss spend hundred hour playing something else seems dive endless spiral repetitive back forth pointless boring quest quest run left attempting find group expedition elusive gorgon run cannot unless right gear catch game massive grind complex horrendously conflated crafting system story line quite entertaining basic level mind much lot content game sure load pvp content stuff personally stay clear pvp due toxic nature many player however seems lot achievement attached pvp personally hate sort thing stop progression player enjoy first much late game really trying like dead server player base smaller tiny country town honestly believe game basically dead think devs throwing bucket desperation community already lost interest maybe experience better mine,False,0
"I came back to play after a friends recommendation. It took 2 hours to get the game to start and then couldnt connect to a server so I had to start again. After half a day trying to get it to work, i got in and my world unbound character *with a big box telling me to select world* is ineligible to be transferred so I make a new character and it just runs like garbage, nothing in the cutscene renders, its just blue with some hard floating brown lines and i have to wait 20mins after its finished before it slowly does. I tried lower everything from max to min and no change in performance. Horrible stutters and frame drops throughout any gameplay, I dont ever remember it running this poorly even on release. I restart everything, at least this time it remembered my screen settings and i dont have to fight 1 million years of lag on every interactive menu button and it all just take ssooooooooooo long.

edit update. Its also leaking memory",came back play friend recommendation took hour get game start couldnt connect server start half day trying get work got world unbound character big box telling select world ineligible transferred make new character run like garbage nothing cutscene render blue hard floating brown line wait min finished slowly tried lower everything max min change performance horrible stutter frame drop throughout gameplay dont ever remember running poorly even release restart everything least time remembered screen setting dont fight million year lag every interactive menu button take ssooooooooooo long edit update also leaking memory,False,0
"I created a new character to try out seasons. It warned me I might need to buy a premium battle pass to get access to some content, whatever. I created the character and tried to skip the intro cutscene because I've seen it before, but apparently Esc button is both ""Back"" and ""Skip"" so it just takes you back to the main menu and you have to wait to login again.

Anyways, after logging in three times I finally let the cutscene play out. Blah blah whatever angry mask man. Then suddenly at the end I get: Connection Error - Your character is currently locked. Purchase Expansion. - Error Code: ExpansionOwnership

WHY DID YOU MAKE ME WATCH THE CUTSCENE IF I COULDNT PLAY ANYWAYS? Bad amazon, negative review for you you! *sprays with squirt bottle*",created new character try season warned might need buy premium battle pas get access content whatever created character tried skip intro cutscene ive seen apparently esc button back skip take back main menu wait login anyways logging three time finally let cutscene play blah blah whatever angry mask man suddenly end get connection error character currently locked purchase expansion error code expansionownership make watch cutscene couldnt play anyways bad amazon negative review spray squirt bottle,False,0
"It had its moments, but its just not fun anymore",moment fun anymore,False,0
The game does a great job explaining fundamentals to new players. There is a ton to do for any mood you are in from combat to crafting and gathering. Leveling is a breeze and you can respec anytime you want. While there is a battlepass for purchase most items are easily found/crafted in game.,game great job explaining fundamental new player ton mood combat crafting gathering leveling breeze respec anytime want battlepass purchase item easily foundcrafted game,True,1
"I BEG YOU TO REOPEN NY ACCOUNT, REMOVE IT FROME THE BAN, I MISS MY FRIENDS",beg reopen ny account remove frome ban miss friend,True,1
What i see in game now - lvl 60 farming bot software running 24/7 at low lvl locations!! WHY I PAY MONEY AND PLAY WITH BOTS IN GAME??? IS THIS FREE GAME WHERE EVERYBODY CAN USE BOT SOFTWARE??????????????,see game lvl farming bot software running low lvl location pay money play bot game free game everybody use bot software,False,0
"Came back after relaunch and was very pleasantly surprised. They kept their addictive resource system, fixed combat, streamlined and improved weapon leveling, diversified content, and added quite a bit of voice acting. Very fun so far. Don’t listen to negative reviews, make up your own mind.",came back relaunch pleasantly surprised kept addictive resource system fixed combat streamlined improved weapon leveling diversified content added quite bit voice acting fun far dont listen negative review make mind,True,1
"New world is like a kid that was in the gifted and talented in middle school. Ton of potential, but grew up to be addicted to amphetamines. Would love to see someone take this combat system and put it into a finished game. I truly hope Amazon doesn't let the same devs ruin their LoTR mmo.",new world like kid gifted talented middle school ton potential grew addicted amphetamine would love see someone take combat system put finished game truly hope amazon doesnt let devs ruin lotr mmo,False,0
simply not a great game and not worth my time,simply great game worth time,False,0
an amazing open world mmo game. Hours on hours of endless content,amazing open world mmo game hour hour endless content,True,1
My 100 hours at launch were awesome. Greed has destroyed the game since then.,hour launch awesome greed destroyed game since,False,0
I like that I get to walk around and fight,like get walk around fight,True,1
"10/10 game, it's perfect if you're just getting into games or if you've been playing your whole life, honestly no complaints, I can play on US east while in the west with 0 lag. The world is so colorful where it needs to be, the towns are lively, the housing is nice, the sencery is amazing and so is everything you can do, no matter what you enjoy, gathering, fishing, playing music, logging, mining, crafting etc. it's all there, not to mention nothing in the game goes unrewarded, even races take you to places you probably wouldn't have gone to, along with the fact the cosmetics of the armors and weapons you FIND are good. The shop is a nice touch too, not too expensive but theres def something for everybody. The community is majority really helpful as well, if you need help in areas there's people willing to help
Great game. give it a try",game perfect youre getting game youve playing whole life honestly complaint play u east west lag world colorful need town lively housing nice sencery amazing everything matter enjoy gathering fishing playing music logging mining crafting etc mention nothing game go unrewarded even race take place probably wouldnt gone along fact cosmetic armor weapon find good shop nice touch expensive there def something everybody community majority really helpful well need help area there people willing help great game give try,True,1
"to me this game is a perfect mix of being able to do stuff solo and feeling like its my world but also being able to play with others if i want. the world is straight up beautiful and its worth it for the build up content alone. i haven't gotten to end game yet but i am in no rush at all,",game perfect mix able stuff solo feeling like world also able play others want world straight beautiful worth build content alone havent gotten end game yet rush,True,1
"Interesting game play, but elitist, toxic community.  Level up to 65 solo, but can't do any group activities because as you get kicked if you don't already know all paths, and strats, exploits.",interesting game play elitist toxic community level solo cant group activity get kicked dont already know path strats exploit,False,0
Forcing me to buy a dlc for a mount ? hell no. Game is boring and game is dead,forcing buy dlc mount hell game boring game dead,False,0
"
New World was one of the first MMOs I truly got into—and for a while, I loved it.
The launch was exciting, the world was beautiful, and the gameplay loop was fresh. For those first few weeks, it really felt like something special. Everyone seemed to be having a great time.

But over time, the magic faded. Player numbers dropped, and the updates felt either too minor or too slow to make a difference. It’s hard to pinpoint exactly where things went wrong—but something definitely did.

Now with Aeternum, it feels more like an attempt to revive something that had so much potential but was never fully realized. I really wanted this to be a long-term MMO home for me. Sadly, it just didn’t stick.

",new world one first mmos truly got intoand loved launch exciting world beautiful gameplay loop fresh first week really felt like something special everyone seemed great time time magic faded player number dropped update felt either minor slow make difference hard pinpoint exactly thing went wrongbut something definitely aeternum feel like attempt revive something much potential never fully realized really wanted longterm mmo home sadly didnt stick,False,0
"I liked the world in this game, it was beautiful, but with the console and cross play release they somehow downgraded graphics. It looks way worse.
Combat feels a bit clunky and its boring with only few skills to use.

I have a feeling that this game had potential to become better over time, but instead its on the way to collapse from the very beginning.",liked world game beautiful console cross play release somehow downgraded graphic look way worse combat feel bit clunky boring skill use feeling game potential become better time instead way collapse beginning,False,0
"its a badly optimized laggy buggy mess full of auto ban bots and hackers. 
",badly optimized laggy buggy mess full auto ban bot hacker,False,0
"This was the game that was going to change the MMO/RPG scene. Unfortunately like most developers they promise gold and give you turd. 

The foundation of the game was promising, the world looked stunning, the quests where okay to grind, the grind wasn't to quick or to long, the classes, weapons, and armour where good but it quickly shown you had no idea what you was doing . 

The first problem was not enough worlds on servers. You had friend groups who were on all different worlds and servers because they was that full they couldn't get in together. They promised that once more worlds were available you could switch worlds and SERVERS to join friends and told us to keep grinding . We had a friend group of about ten that was all split up and I think half left the game soon as it was announced we couldn't change to be with our friends . 

The ones who kept playing enjoyed the game (despite some of us having to start back at level 0) all the way up to the point of end game. Full story and quests done. The raids were fun but only so much you can do over and over again . 

The main problem was the PVP. Iv always said that for a game to survive long term there has to be a good and fair PvP system for all players, once the main PvE story is done and completed hundreds of raids what then? It's check out PvP or go play a different game.

Now the PvP combat was fun and so was the PvP events but the problem they had was the Territory wars for settlements.
Now settlements gave clans massive bonuses and incomes of gold if they held them so was really important but only the biggest and top clans could compete for these settlements leaving smaller clans having no look in. So the only option to be apart of these wars was to join a big clan right? Wrong, even if you join a clan the leader selects who he wants to fight in the wars so you never get a look in because he picks all his mates and sweats. 

Why not make smaller settlements to be took over that can only be took over by clans with 10 or less people ? Or 20 ? Everyone can have a good PvP experience and enjoy the wars",game going change mmorpg scene unfortunately like developer promise gold give turd foundation game promising world looked stunning quest okay grind grind wasnt quick long class weapon armour good quickly shown idea first problem enough world server friend group different world server full couldnt get together promised world available could switch world server join friend told u keep grinding friend group ten split think half left game soon announced couldnt change friend one kept playing enjoyed game despite u start back level way point end game full story quest done raid fun much main problem pvp iv always said game survive long term good fair pvp system player main pve story done completed hundred raid check pvp go play different game pvp combat fun pvp event problem territory war settlement settlement gave clan massive bonus income gold held really important biggest top clan could compete settlement leaving smaller clan look option apart war join big clan right wrong even join clan leader selects want fight war never get look pick mate sweat make smaller settlement took took clan less people everyone good pvp experience enjoy war,False,0
Great game!!!!! Lots of content and good end game. WISH THERE WERE MORE LIKE IT!,great game lot content good end game wish like,True,1
Game was made by Amazon and Lowkey amazing,game made amazon lowkey amazing,True,1
I like the play style of the game as it feels similar to Skyrim. Great mmo to play with friends and has a reasonable amount of content for end game.,like play style game feel similar skyrim great mmo play friend reasonable amount content end game,True,1
"Y'all see how many hours I sank into this title holding out hope that it would improve. 
Wanted so badly for there to be a new MMO I could get hyped about. 

I am not hyped. It's really not worth it.",yall see many hour sank title holding hope would improve wanted badly new mmo could get hyped hyped really worth,False,0
"played this game a lot when it came out then took a long break. came back to it now after aeternum update got released. visuals feel different, game feels clunkier than ever and it feels like a mobile version of the OG new world. might be me but it was super off putting when i tried getting back into it",played game lot came took long break came back aeternum update got released visuals feel different game feel clunkier ever feel like mobile version og new world might super putting tried getting back,False,0
"I played this when it first came out and loved it. There has been a lot of changes since I picked it up again but I love the fact that I can be whatever I want to be in the game. You will legit have players that will just run around mining, gathering wood or materials. The shops is much like WoW that players will level up the crafting to sell on the market.",played first came loved lot change since picked love fact whatever want game legit player run around mining gathering wood material shop much like wow player level crafting sell market,True,1
"good game, too bad is not f2p. great contender",good game bad fp great contender,True,1
"Extremely chill game, good pvp and a good story.",extremely chill game good pvp good story,True,1
"Lol Can't play at all without owning expansion, How fkn sad.",lol cant play without owning expansion fkn sad,False,0
"THIS GAME CRASH SO MUCH GLAD NOT BUYING THE NEW SEASON, UNPLAYABLE !!!",game crash much glad buying new season unplayable,False,0
"The thing is, I saw some new vids on youtube and was like hell yeah let me revisit New World, you know, Amazon's flagship MMORPG, or as I like to call it, Jeff Bezos’ $500 million Minecraft server for bored spreadsheet enjoyers. If this game is the future of gaming, then grab your loincloth and stone tools, because we’re going back to the Dark Ages. Not the fun, sword-swinging Dark Ages the ones with lice, mud, and dysentery.

This game is less “New World” and more like “Expired Product Left in Bezos’ Garage Since 2018.” You log in, greeted by a loading screen (on my new killer rig with suck yo dack nvmes and shit) that lasts longer than Amazon’s commitment to workers’ rights, and enter a world where every single player is either a tree-chopping automaton or a shirtless gremlin spawn-camping a wolf den for crafting mats. You’re not building a fantasy empire you’re doing unpaid labor in a digital Amazon warehouse.

Fighting is is a mix of circle jerk and pray with all the satisfying impact of hitting a wiffle ball with a wet sock. Somehow, despite this being 2025, swordfighting feels like two mannequins slap-fighting  in a 2004 Dr. Who episode.   PVP boils down to what I call... the dance.   Moving on.
The story, which is like someone asked ChatGPT to write a fantasy plot but trained it exclusively on Amazon Prime TV scripts. You’ve got your usual “ancient evil,” “corrupted magic,” and “you are the chosen one” tropes, but written with all the depth of a Jeff Bezos LinkedIn post. The voice acting is a buffet of accents nobody asked for. One guy sounds like a Narubian pirate that has never seen the ocean, another like he’s doing a low-budget Bridgerton audition on syrup. I half-expected someone to say, “By the light of the Amazon Algorithm, Bezo's protects!”

Oh yeah the algorithms, i mean... auction house.  The game’s economy is a lawless stock market simulator run by dupe fiends who majored in meme coins. Inflation runs wild. A stick costs more than your first car. Gold farming is more lucrative than your actual job. Crafting is a Kafkaesque nightmare requiring 900 bear pelts, three star-metal penile implants, and the blood of Bezos himself to make a Level 3 chair.

The true glory here though, what really makes New World special is its glorious commitment to soulless bloat. Everything takes forever. Walk for 15 minutes, fight a boar, get 2 XP, repeat until you are dead inside. Bruh, I have played F2P Korean MMOs with more forgiving grinds.

Good News... the servers work.. Atlieast when I played again they did. Also it looks kind of nice most of the time.  Thats good I guess.",thing saw new vids youtube like hell yeah let revisit new world know amazon flagship mmorpg like call jeff bezos million minecraft server bored spreadsheet enjoyer game future gaming grab loincloth stone tool going back dark age fun swordswinging dark age one louse mud dysentery game less new world like expired product left bezos garage since log greeted loading screen new killer rig suck yo dack nvmes shit last longer amazon commitment worker right enter world every single player either treechopping automaton shirtless gremlin spawncamping wolf den crafting mat youre building fantasy empire youre unpaid labor digital amazon warehouse fighting mix circle jerk pray satisfying impact hitting wiffle ball wet sock somehow despite swordfighting feel like two mannequin slapfighting dr episode pvp boil call dance moving story like someone asked chatgpt write fantasy plot trained exclusively amazon prime tv script youve got usual ancient evil corrupted magic chosen one trope written depth jeff bezos linkedin post voice acting buffet accent nobody asked one guy sound like narubian pirate never seen ocean another like he lowbudget bridgerton audition syrup halfexpected someone say light amazon algorithm bezos protects oh yeah algorithm mean auction house game economy lawless stock market simulator run dupe fiend majored meme coin inflation run wild stick cost first car gold farming lucrative actual job crafting kafkaesque nightmare requiring bear pelt three starmetal penile implant blood bezos make level chair true glory though really make new world special glorious commitment soulless bloat everything take forever walk minute fight boar get xp repeat dead inside bruh played fp korean mmos forgiving grind good news server work atlieast played also look kind nice time thats good guess,False,0
"ehhh didnt really click for me, my whole familyhsdfifjuhaiwyUSDOcyhefzSX D?NsDv",ehhh didnt really click whole familyhsdfifjuhaiwyusdocyhefzsx dnsdv,False,0
"I liked this game at the beginning, breath of fresh air.
Now there is too much overpriced paid content, unnecessary battle pass and micro-transactions, core features like mounts locked unless you pay... Amazon and many game editors out there are so greedy they kill nice games
Also, toxic community, not new player friendly.
tldr avoid this game",liked game beginning breath fresh air much overpriced paid content unnecessary battle pas microtransactions core feature like mount locked unless pay amazon many game editor greedy kill nice game also toxic community new player friendly tldr avoid game,False,0
"Combat is kind of easy to learn and idk if its hard to master bc i dont care and im now pvp player.
The setting is new. It's really unique . I dont know any other western rpg that released in the last 10 years .
And they somehow fumbled it.",combat kind easy learn idk hard master bc dont care im pvp player setting new really unique dont know western rpg released last year somehow fumbled,False,0
"I literally just gave the game a try again (played back on release and helped crash the economy) and for some utterly moronic reason the cinematic at the start has the skip button bound to the same button as the 'go back to menu' button. Because, you know, the people who made this game are paid to notice this shit and somehow didn't.

Oh, and at no point during the whole character creation process does the game go out of it's way to make sure you know YOU CANT PLAY THE HARDCORE WORLD WITHOUT THE FUCKING EXPANSION.
So I made a character, watched the dumb ass cinematics, went through a loading screen, spawned into the world, and then instantly the game goes ""Oh, sorry you can't play this character, fuck you"" and kicks me back to the menu anyway.

0/10 this game deserved to die.",literally gave game try played back release helped crash economy utterly moronic reason cinematic start skip button bound button go back menu button know people made game paid notice shit somehow didnt oh point whole character creation process game go way make sure know cant play hardcore world without fucking expansion made character watched dumb as cinematics went loading screen spawned world instantly game go oh sorry cant play character fuck kick back menu anyway game deserved die,False,0
"10/10 game New World gives you a continent and says, “Good luck.”

Best parts; 

{1} Open World Exploration and the world building is 10/10. Each biome is unique in quests, animals, enemies, houses, people and the culture. For Example, Brimstone sands is a massive desert territory with scorpions, coyotes, lions, ect. The Brimstone quests all focus on Ancient Egyptian and Roman mythology and lore. If youre not interested in that, here are some other long questlines built around other mythologies and legends; 
Greek Mythology: Greek mythology can be found within the game's lore. including a boss fight with Medusa.
Viking/Norse Mythology: There are Norsemen characters, such as the Rus' Varangians led by Warlord Varik, who play a role in the island's story, connecting to legendary figures.
Arthurian Legends: King Artorius (King Arthur) and the Knights of the Round Table are featured in the lore, adding elements of British and Arthurian mythology. The amount of effort put into making each region feel unique makes this a game you could easily spend hundreds of hours in without even touching PvP or grinding.

{2} Combat in New World: Aeternum is one of the best in the MMO genre. It's fluid, responsive, and actually skill-based a huge breath of fresh air compared to the usual tab-targeting systems in other MMOs. You have to dodge, aim, block, and time your attacks, which gives every fight a more action RPG feel. Whether you’re swinging a greatsword, firing a musket, or casting void magic, every weapon feels weighty and distinct. It feels like playing an action RPG in a MMORPG setting. There is also a lot of variety with the weapon choices and skills so you can play any way you want. 

{3} PVE PVE PVE PVE I lowkey hated pvp in any MMO before new world and other MMOs put more effort into PVP then unique enemies. enemies in Mew World behave differently depending on faction undead enemies fight very differently than corrupted knights or ancient constructs. Boss fights often require real strategy and positioning, especially in expeditions (dungeons) or elite zones. And in PvP? The combat system makes 1v1s and group battles feel intense, fast-paced, and fair (as long as your build isn’t completely busted, anyway) but PVP is fun asf and not forced theres a Free For All zone with dabloons you collect if you die you lose them, if you get out you keep them. FFA is fun, Outpost Rush is super fun and they added a new map for it. PVE content is amazing theres tons of expeditions, dungeons, elite raids Weekly invasions which are fucking amazing 20 people in a discord VC with someone giving everyone directions on where to go. there is a daily refresh for soul trials so you can do daily solo boss fights for unique rewards. and WEEKLY rotation for Mutated dungeons, and massive world events like Myrk, Siren, Well, and World Tours. 


{4}The trade skills in New World: Aeternum are a full game on their own. This isn’t your typical MMO crafting where you just click “craft” and walk away. Every profession from gathering to refining to crafting has real depth and impact on your character and the game world. There are 17 different trade skills split across gathering, refining, and crafting, and each one has its own leveling path, perks, and unique gameplay loops.
Gathering includes mining, logging, harvesting, skinning, and fishing. Each resource node is placed in the open world, and they don’t just sit in plain sight.
Refining lets you process those raw materials into usable components like turning iron into steel or rawhide into rugged leather. These aren’t throwaway skills either; mastering refining improves efficiency and quality, unlocking rare materials and bonuses.
Crafting is where it all comes together. Whether you're making gear (weapons, armor), consumables (potions, food), or furniture for housing, crafting in New World feels rewarding. There’s a ton of customization, with stats, perks, and even luck modifiers influencing the quality of what you make.
There is also a skill called Music which is what made me get the game originally. Many different instruments to play and tons of songs to play that give buffs to your group. Player Economy, Goated Af this one goes hand in hand with trade skills, anything you craft or even powerful loot you find in a dungeon can be sold on the market or traded between players for Gold or Other items, makes the world feel soooo alive and I truly love this feature.

{5} Fashion in this game is great there is an amazing transmog system and Ive spent hours making new outfits. Any armor you pick up saves that style as a transmogable piece to any armor youre wearing, are you wearing light armor but wanna look like youre in full plate armor to bamboozle players in PvP? easy and you can get transmog tokens in the battle pass or just buy them. 

Theres much more I could say but I'll leave it at this; There’s much more I could say, but I’ll leave it at this: New World: Aeternum is one of the most underrated MMOs out there right now and it deserves your time.",game new world give continent say good luck best part open world exploration world building biome unique quest animal enemy house people culture example brimstone sand massive desert territory scorpion coyote lion ect brimstone quest focus ancient egyptian roman mythology lore youre interested long questlines built around mythology legend greek mythology greek mythology found within game lore including bos fight medusa vikingnorse mythology norseman character ru varangians led warlord varik play role island story connecting legendary figure arthurian legend king artorius king arthur knight round table featured lore adding element british arthurian mythology amount effort put making region feel unique make game could easily spend hundred hour without even touching pvp grinding combat new world aeternum one best mmo genre fluid responsive actually skillbased huge breath fresh air compared usual tabtargeting system mmos dodge aim block time attack give every fight action rpg feel whether youre swinging greatsword firing musket casting void magic every weapon feel weighty distinct feel like playing action rpg mmorpg setting also lot variety weapon choice skill play way want pve pve pve pve lowkey hated pvp mmo new world mmos put effort pvp unique enemy enemy mew world behave differently depending faction undead enemy fight differently corrupted knight ancient construct bos fight often require real strategy positioning especially expedition dungeon elite zone pvp combat system make v group battle feel intense fastpaced fair long build isnt completely busted anyway pvp fun asf forced there free zone dabloons collect die lose get keep ffa fun outpost rush super fun added new map pve content amazing there ton expedition dungeon elite raid weekly invasion fucking amazing people discord vc someone giving everyone direction go daily refresh soul trial daily solo bos fight unique reward weekly rotation mutated dungeon massive world event like myrk siren well world tour trade skill new world aeternum full game isnt typical mmo crafting click craft walk away every profession gathering refining crafting real depth impact character game world different trade skill split across gathering refining crafting one leveling path perk unique gameplay loop gathering includes mining logging harvesting skinning fishing resource node placed open world dont sit plain sight refining let process raw material usable component like turning iron steel rawhide rugged leather arent throwaway skill either mastering refining improves efficiency quality unlocking rare material bonus crafting come together whether youre making gear weapon armor consumables potion food furniture housing crafting new world feel rewarding there ton customization stats perk even luck modifier influencing quality make also skill called music made get game originally many different instrument play ton song play give buff group player economy goated af one go hand hand trade skill anything craft even powerful loot find dungeon sold market traded player gold item make world feel soooo alive truly love feature fashion game great amazing transmog system ive spent hour making new outfit armor pick save style transmogable piece armor youre wearing wearing light armor wanna look like youre full plate armor bamboozle player pvp easy get transmog token battle pas buy there much could say ill leave there much could say ill leave new world aeternum one underrated mmos right deserves time,True,1
"Nah, I'ts much better than Mixed.",nah much better mixed,True,1
"Beautiful world, acceptable game play, but I wish the servers were better.",beautiful world acceptable game play wish server better,True,1
"Overall one of the good MMORPG's. 
The only two things i wish were better are: 1. The Armors, they look bad. There's not even a hint of ""sexy cool"" in the looks. Only the main Villan from the story is allowed to look good.
And 2.  Man, the performance in towns is really bad. It is like that for years now... I know it has something to do with the player count in towns, but i dont know of any fixes yet. Maibe in the next 5 years...",overall one good mmorpgs two thing wish better armor look bad there even hint sexy cool look main villan story allowed look good man performance town really bad like year know something player count town dont know fix yet maibe next year,True,1
"I enjoy the game, and it has a lot of potential, but I cannot in good faith recommend it. It fumbled its release VERY badly and has made a lot of mistakes and terrible decisions, and continues to have many issues, especially in the endgame. HOWEVER, they have a new game lead and seem to be heading in a good direction. So there might be hope for it's future. 

I will also say it's a beautiful game, so there's that.",enjoy game lot potential cannot good faith recommend fumbled release badly made lot mistake terrible decision continues many issue especially endgame however new game lead seem heading good direction might hope future also say beautiful game there,False,0
"It's a good game, but the developers need to make some major changes to make it feel fresh.",good game developer need make major change make feel fresh,False,0
"when this game initially came out it was a bit rough, but it was playable and enjoyable.  I came back a couple years after launch and the game was completely unplayable. The graphics for mobs would fail to load, landscape would fail to load, rubberbanding. at launch I would have given it a 6/10, now however, its not worth playing.",game initially came bit rough playable enjoyable came back couple year launch game completely unplayable graphic mob would fail load landscape would fail load rubberbanding launch would given however worth playing,False,0
"Not going to sit here and say this game is perfect, but I will say it was worth the money invested. If you like wow or any other mmos you will enjoy this game. Great at easing you into the genre without over whelming your mouse. Plenty of builds to explore, Tons of dungeons to raid and pvp to be had. The main problem I find from the game is the lack of weapons given how long the game has been out. And the optimization is not the best.... The devs do really seem to care so come on in and get lost in a New World.",going sit say game perfect say worth money invested like wow mmos enjoy game great easing genre without whelming mouse plenty build explore ton dungeon raid pvp main problem find game lack weapon given long game optimization best devs really seem care come get lost new world,True,1
"Very fun game with a large interactive world, and lots of class customization. interesting ways to engage enemies, and interact with other players.",fun game large interactive world lot class customization interesting way engage enemy interact player,True,1
"If you start on the wrong world, transferring to play with your friends is an additional $15 FIFTEEN DOLLARS. Probably going to keep playing because I have friends here, but I WOULD NOT recommend a purchase. Last dime amazon games gets from me.

The game is pretty boring, at least in the beginning and now I have to do all of the terrible story quests again. It's an endless slog of ""go here and kill things, then come back for a cinematic, then go back to where you just were and kill more things""",start wrong world transferring play friend additional fifteen dollar probably going keep playing friend would recommend purchase last dime amazon game get game pretty boring least beginning terrible story quest endless slog go kill thing come back cinematic go back kill thing,False,0
Not enough iron to mine 8/10,enough iron mine,True,1
"Well, I would love to give this a thumbs up, but unfortunately, as a big fan of female avatars that resemble women rather than men in drag, I cannot. I can honestly say this has to have the worst female avatars that I have seen in a very long time. But do not take my word for it; check out YouTube content creators using the character creator.

Please do not look at the above trailers and think, Hmm, OK, maybe I can create a female character.' It's hard to do, really, really hard in this game to make a woman that looks in any way feminine. Why? you know why.",well would love give thumb unfortunately big fan female avatar resemble woman rather men drag cannot honestly say worst female avatar seen long time take word check youtube content creator using character creator please look trailer think hmm ok maybe create female character hard really really hard game make woman look way feminine know,False,0
This has to be the most Exciting and Entertaining MMORPG i've played in a long time LOVE IT!!!!,exciting entertaining mmorpg ive played long time love,True,1
I Like to cut wood. I like to sell the wood. Im the Home Depot of the New World.,like cut wood like sell wood im home depot new world,True,1
unfortunately they keep making this game worse.,unfortunately keep making game worse,False,0
"WTF! I been waiting for hardcore seasonal to jump back into New World, and it just disconnects me and says my character is locked because I don't own the expansion. What in the Trump America is going on here. Eat my a**",wtf waiting hardcore seasonal jump back new world disconnect say character locked dont expansion trump america going eat,False,0
"I came back to the game after a few years. I bought the DLC because I figured a lot had changed and it was worth playing again. A new season has started, and a hardcore server is about to launch in the coming days. It’s a good time to give it a try. There’s a season pass with an option to buy premium access. That’s fine—many games have something like that. The free rewards are decent too. There’s a new storyline, modified areas, and added mechanics. I got really into it while playing on a fresh start server. There are lots of players. Finally, the HC seasonal server is launching… Everything looks great. I really like the accelerated leveling and item acquisition system.

Hardcore mode means that if your character dies, you can still keep playing, but you lose the ability to earn the seasonal reward given only to those who survive. That’s awesome—a real challenge, and a very difficult one at that.

If your character dies, you still have a chance to earn a different reward, but you have to focus on PvP and defeat players who haven’t died even once. To help with this, you get bonus stats after each death, making the task a bit easier. It’s an interesting and very engaging system that encourages open-world PvP.

And here’s where my enthusiasm ends. Even though I paid a lot of money for the game, in order to unlock rewards from the main seasonal system, I have to buy the premium pass. Without it, there’s no point in even trying to avoid death, because it won’t get you anything. I’m simply excluded from the fun. It’s a low blow and a moral downfall for the game’s developers.
",came back game year bought dlc figured lot changed worth playing new season started hardcore server launch coming day good time give try there season pas option buy premium access thats finemany game something like free reward decent there new storyline modified area added mechanic got really playing fresh start server lot player finally hc seasonal server launching everything look great really like accelerated leveling item acquisition system hardcore mode mean character dy still keep playing lose ability earn seasonal reward given survive thats awesomea real challenge difficult one character dy still chance earn different reward focus pvp defeat player havent died even help get bonus stats death making task bit easier interesting engaging system encourages openworld pvp here enthusiasm end even though paid lot money game order unlock reward main seasonal system buy premium pas without there point even trying avoid death wont get anything im simply excluded fun low blow moral downfall game developer,False,0
"great game. Easy to understand, and thats coming from a gamer who doesn't easily understand how video games work. Really fun to play as well!",great game easy understand thats coming gamer doesnt easily understand video game work really fun play well,True,1
"Its had its moments, but generally its a very good game... I sometimes question why they make some changes that they do, but then I'm just a player, not a dev..",moment generally good game sometimes question make change im player dev,True,1
"Please don't waste your time. I was excited to get back into the game when I saw the ad for a seasonal hardcore server. Made the character, tried to login. The game stops loading and I am taken back to the main menu. Didn't have even a minute of gameplay. No one should play a hardcore server that is unstable. Good luck crashing/disconnecting and dying.",please dont waste time excited get back game saw ad seasonal hardcore server made character tried login game stop loading taken back main menu didnt even minute gameplay one play hardcore server unstable good luck crashingdisconnecting dying,False,0
It's not the best MMO. I think of it more like a social gathering/crafting/PvE/PvP game. The gameplay loop is decent enough. Good game to kill time with and relax.,best mmo think like social gatheringcraftingpvepvp game gameplay loop decent enough good game kill time relax,True,1
Better than when it launched. Still a fun and unique MMO,better launched still fun unique mmo,True,1
"it's good for HardCore MMORPG Gaming, But lack of player",good hardcore mmorpg gaming lack player,True,1
"total cone,trying to make people who already bought the original game buy a DLC for $25 just for mounts",total conetrying make people already bought original game buy dlc mount,False,0
"Even with all the drawbacks and negativity , still is an unique first time experience and a very well made overall MMORPG, exceptional combat system , graphics , lots of bugs and lack of content (somehow ,for 300+ hours players ) , but Overall is a must try mmorpg for a mmorpg lover.",even drawback negativity still unique first time experience well made overall mmorpg exceptional combat system graphic lot bug lack content somehow hour player overall must try mmorpg mmorpg lover,True,1
"Honestly, the fact that I need to pay for a DLC to have a mount and max character lvl is what is holding me back from returning to this game. Even asking friends to join is just too great of an ask, having to dish out about 100$ to play.",honestly fact need pay dlc mount max character lvl holding back returning game even asking friend join great ask dish play,False,0
Has gotten better through the years still my favorite MMO,gotten better year still favorite mmo,True,1
"I really tried to give New World: Aeternum a fair shot, but it’s just not worth it.

This game is not new-player friendly at all. From the moment you step into Aeternum, you're met with confusing systems, poor onboarding, and a community that seems more interested in flaming newbies than helping them. There's no guidance, no welcoming atmosphere—just a constant uphill battle to understand the basics while getting mocked in chat.

The overall vibe is toxic. Whether it’s in global chat, PvP zones, or even some group content, people are constantly rude, dismissive, or flat-out aggressive. It feels like if you didn’t play since launch day, you’re already the enemy.

Visually, the game looks great, and the combat can be fun at times—but none of that matters if the experience makes you feel unwelcome and frustrated.

If you're looking for a game to enjoy casually or as a newcomer, this is NOT it.",really tried give new world aeternum fair shot worth game newplayer friendly moment step aeternum youre met confusing system poor onboarding community seems interested flaming newbie helping there guidance welcoming atmospherejust constant uphill battle understand basic getting mocked chat overall vibe toxic whether global chat pvp zone even group content people constantly rude dismissive flatout aggressive feel like didnt play since launch day youre already enemy visually game look great combat fun timesbut none matter experience make feel unwelcome frustrated youre looking game enjoy casually newcomer,False,0
"Constantly crashing my computer, can not play.  Was having fun today until this started happening.  Fix it and maybe I'll try again.",constantly crashing computer play fun today started happening fix maybe ill try,False,0
"the grind to do anything post max level is to much for new players, to confusing and server populations are way to small..",grind anything post max level much new player confusing server population way small,False,0
It’s fun to play. Lots of stuff to do as you go through it.,fun play lot stuff go,True,1
"Terrible devs, so many bugs u cant even count them, 0 challange, pvp is the only good part about the game if u dont count the bugs änd the fact u cant play it without playing hundreds of hours of pve. Save your self and dont play this game",terrible devs many bug cant even count challange pvp good part game dont count bug nd fact cant play without playing hundred hour pve save self dont play game,False,0
game is fun and all until your realise that the endgame is painfully slow and that someone with slightly better stuff than you will have a huge advantage over you game as potential but balancing is terrible and dev team is non existent dont buy this shit for 80$,game fun realise endgame painfully slow someone slightly better stuff huge advantage game potential balancing terrible dev team non existent dont buy shit,False,0
"Its a fun world to explore, the combat is really engaging, and you have a fair amount of flexibility on how you build your character. The story is rich with layers of lore, and if you pay attention, it may even give you some interesting things to ponder. Worth the buy, and for most, at least a couple hundred hours of gameplay, if not much more.",fun world explore combat really engaging fair amount flexibility build character story rich layer lore pay attention may even give interesting thing ponder worth buy least couple hundred hour gameplay much,True,1
The game is just dead unless you get to end game content. But still the player base is gone unfortunately.,game dead unless get end game content still player base gone unfortunately,False,0
"💬 ""Come for the views, stay for the wars.""

After almost 100 hours in Aeternum, here’s my honest take:

👍 What I Liked:

    Stunning visuals. The world is gorgeous. Forests, ruins, sunsets—this game is pure eye candy.

    Combat feels great. No tab-targeting here—every dodge, block, and swing matters. Very action-oriented.

    Territory wars & PvP. Join a faction, fight for land, and actually influence the game world. Super addictive.

    Crafting is satisfying. You can literally make a living off crafting and gathering. Everything you do matters.

    Exploration is rewarding. Secret spots, rare resources, cool lore—it's easy to get lost (in a good way).

🤔 What Could Be Better:

    Some bugs and balance issues, though they’ve been improving with regular updates.

    PvE content is a bit repetitive early on, but endgame expeditions and seasonal content help a lot.

🔥 Final Verdict:

If you enjoy immersive worlds, skill-based combat, and building your own story in an ever-changing sandbox, New World is worth diving into. It’s not perfect, but it’s growing into something really special.

✅ Recommended",come view stay war almost hour aeternum here honest take liked stunning visuals world gorgeous forest ruin sunsetsthis game pure eye candy combat feel great tabtargeting hereevery dodge block swing matter actionoriented territory war pvp join faction fight land actually influence game world super addictive crafting satisfying literally make living crafting gathering everything matter exploration rewarding secret spot rare resource cool loreits easy get lost good way could better bug balance issue though theyve improving regular update pve content bit repetitive early endgame expedition seasonal content help lot final verdict enjoy immersive world skillbased combat building story everchanging sandbox new world worth diving perfect growing something really special recommended,True,1
"New World is a great game and I enjoyed my time playing. The reason this review is temporarily negative is because despite being sold in Egypt, I cannot log in and play. There is also no official company statement regarding this. I will update this review to positive when this problem is solved and I can continue playing.",new world great game enjoyed time playing reason review temporarily negative despite sold egypt cannot log play also official company statement regarding update review positive problem solved continue playing,False,0
"1. PvP and War are Clan Exploited, Clans just break into 3 and Exploit rewards and decide winners before the Event Starts
2. Game is Dead. 
3. Just dont waste your time, everything in game has been gutted and you can just speed lv everything

",pvp war clan exploited clan break exploit reward decide winner event start game dead dont waste time everything game gutted speed lv everything,False,0
"I love the combat and the lore, but this game was abandoned the development of key features long time ago.",love combat lore game abandoned development key feature long time ago,False,0
"Although the game is pricey, there is no MMO out there at this level.",although game pricey mmo level,True,1
" Great game, except for the insane loading times and poor connectivity issues.",great game except insane loading time poor connectivity issue,False,0
"Alot of people talk trash about this game, it is so good.",alot people talk trash game good,True,1
Came back after a while and they have made this game better! More to improve and more to grow!,came back made game better improve grow,True,1
"Bought and played the game around 2022. Recently returned and played the game on a newly installed hard disk. Aside from my web reader New World (and Steam obviously) were litteraly the only manualled installed programs on my computer.

Nevertheless, approx one hour into the game I got perma banend for ""Cheating: Known Cheat Program Detected"". Appealed the ban, got a genereic automated response. 

In conclusion; the game seem to be the horrible buggy mess it always was. The gameplay is enjoyable, sure, but with the way anti cheating currently works buying the game is basically setting yourself up to be robbed by the developers.",bought played game around recently returned played game newly installed hard disk aside web reader new world steam obviously litteraly manualled installed program computer nevertheless approx one hour game got perma banend cheating known cheat program detected appealed ban got genereic automated response conclusion game seem horrible buggy mess always gameplay enjoyable sure way anti cheating currently work buying game basically setting robbed developer,False,0
"tl;dr: It's worth the price and I've enjoyed my 370hrs in-game, but the game leaves you wanting more, which it unfortunately cannot give. Keep that in mind.

It's an MMORPG that always draws me back from time to time, mainly because of its atmosphere, its sound design, its enjoyable combat and the memorable interactions I've had with other players throughout my several play-throughs. Though,  it's a pity that the devs are trying to mend the game into some theme park MMORPG with endless boring quests, whilst spending resources on voice-acted dialogue and cut scenes. That choice alone makes progressing in this game feel like a big chore.  That's not what makes the game great. I remember the game not because of some main story character or an event, I remember it for the times people arranged town-long ""human centipedes"", the open world ganking with friends and  group and guild pvps, sieges and generally global chat banter. I hate seeing MMORPGs where the devs are trying to make the stories, not the players themselves as it should be in an MMORPG.

This game had (or maybe still has) so much potential, but it's just being over sighted and wasted.

P.S. I hope I won't have to bear seeing Gallahad's hideous character model ever again.",tldr worth price ive enjoyed hr ingame game leaf wanting unfortunately cannot give keep mind mmorpg always draw back time time mainly atmosphere sound design enjoyable combat memorable interaction ive player throughout several playthroughs though pity devs trying mend game theme park mmorpg endless boring quest whilst spending resource voiceacted dialogue cut scene choice alone make progressing game feel like big chore thats make game great remember game main story character event remember time people arranged townlong human centipede open world ganking friend group guild pvps siege generally global chat banter hate seeing mmorpgs devs trying make story player mmorpg game maybe still much potential sighted wasted p hope wont bear seeing gallahads hideous character model ever,True,1
"New World: Aeternum is a visually stunning game that offers a blend of crafting, gathering, and combat. The game's unique atmosphere and stunning landscapes make it a captivating experience. Players can explore lush forests, clear rivers, and ancient ruins, each with its own unique vibe. The gameplay is smooth and action-oriented, making each encounter feel dynamic. Players can easily pick up skills and abilities, but there's still room for character development. The social aspect is appreciated, as teaming up with friends or strangers for quests and battles adds an extra layer of fun. However, server queues can be frustrating during peak times. The crafting system is another highlight, as gathering resources and creating gear keeps players engaged. Leveling up skills provides a sense of progression. Despite its challenges, New World: Aeternum is an enjoyable journey for exploration and a mix of RPG elements. However, players should be prepared for a bit of a wait to get in.",new world aeternum visually stunning game offer blend crafting gathering combat game unique atmosphere stunning landscape make captivating experience player explore lush forest clear river ancient ruin unique vibe gameplay smooth actionoriented making encounter feel dynamic player easily pick skill ability there still room character development social aspect appreciated teaming friend stranger quest battle add extra layer fun however server queue frustrating peak time crafting system another highlight gathering resource creating gear keep player engaged leveling skill provides sense progression despite challenge new world aeternum enjoyable journey exploration mix rpg element however player prepared bit wait get,True,1
"I used to like New World, nothing major new but all in all well done, quest lines were decent. I'm a PvE rather casual player btw and don't mind if I can't have most of the stuff. Now I am stuck on this Daishan or whatever his name quest, he is pretty much one shoting me in his Dojo and that despite me watching videos etc on how to supposedly manage him easily. Nope it is just frustrating and not working at all. I lost count on how often he killed me. And yes, that is normal solo-only quest to proceed in a major questline. 

So obviously I'm by far not ""good enough"" for this game or something is very wrong with the mechanics. Which makes me not play anymore because my spare time is too rare and too precious to waste on such bullshit that is not enjoyable at all. But beyond exploring and doing quests the game only has grind and that gets old very fast. So I am out. And it seems since this ""relaunch"" that the game is all endgame Raid and grind of that anyway. The Raid boss mobs or world boss mobs even seem very challenging and well done. Congrats. But how big is the audience for that? Certainly not for me...",used like new world nothing major new well done quest line decent im pve rather casual player btw dont mind cant stuff stuck daishan whatever name quest pretty much one shoting dojo despite watching video etc supposedly manage easily nope frustrating working lost count often killed yes normal soloonly quest proceed major questline obviously im far good enough game something wrong mechanic make play anymore spare time rare precious waste bullshit enjoyable beyond exploring quest game grind get old fast seems since relaunch game endgame raid grind anyway raid bos mob world bos mob even seem challenging well done congrats big audience certainly,False,0
"Great fun game! The changes that have been made since first release have made a good game fantastic! Great player base, so many new and fun ways to play, and plenty of post level cap missions and adventures to go on! Absolutely worth every penny!",great fun game change made since first release made good game fantastic great player base many new fun way play plenty post level cap mission adventure go absolutely worth every penny,True,1
Main story is about 13 hours long.,main story hour long,True,1
"Wonder why this game is not on the top list of MMORPGs?  Wonder no more I tell you, it is runned by far the most unprofessional team I've ever meet in my 35-40 years carrier as a geek.
It has almost everything to be on the top but, programming is bad, support is bad, manegment is bad, overally lack of real IT skills mean it is resource-hungry too, so expect issues even on mid-range gamer configuration in lower game quality(!!!) too. Too much problems with updates via Steam is just the crown. Do not wonder any longer why devs restarted it several times. It is a pity, because it had potentional but I uninstalled it few minutes before.",wonder game top list mmorpgs wonder tell runned far unprofessional team ive ever meet year carrier geek almost everything top programming bad support bad manegment bad overally lack real skill mean resourcehungry expect issue even midrange gamer configuration lower game quality much problem update via steam crown wonder longer devs restarted several time pity potentional uninstalled minute,False,0
dogshit fucking company everything is either locked behind a paywall or some quest where you have to grind for 60 fucking hours just to be able to touch a fucking symbol on a piece of rock,dogshit fucking company everything either locked behind paywall quest grind fucking hour able touch fucking symbol piece rock,False,0
Interesting and keeps me wanting more,interesting keep wanting,True,1
"kept my levels, attributes, skills, everything- except my fast travels and all my other parts of the map. guess game is officially out now so new map, new story mode, new characters, cant complain!",kept level attribute skill everything except fast travel part map guess game officially new map new story mode new character cant complain,True,1
"I'm having fun with the game, find the weekly mutation rotation is stupid. You should be able to do any mutation when you want, not when AGS decides for you.",im fun game find weekly mutation rotation stupid able mutation want ag decides,True,1
"fun game to play with friends with, still needs work, a lot of work, but fun game if u have friends",fun game play friend still need work lot work fun game friend,True,1
"Overall a good game, I haven't played it since they've updated it recently, but there was a lot to do early on but the end game was lacking a little bit, otherwise loved the world and combat along with the various skills you could level up.",overall good game havent played since theyve updated recently lot early end game lacking little bit otherwise loved world combat along various skill could level,True,1
I played at launch after pre-order and the game was very bad. Came back 2 weeks ago and DAMN this feels polished. If it was in this state at launch the 900k people playing at once might have stayed. They are redeeming themselves and the price of the DLC is just minimal.,played launch preorder game bad came back week ago damn feel polished state launch people playing might stayed redeeming price dlc minimal,True,1
Love the skills system and the breakdown and building of materials and skill trees,love skill system breakdown building material skill tree,True,1
Fun game but there are some connection issues,fun game connection issue,True,1
My friends was uninstal this game cos when that guy  lvling at lvl-25 he meet 4 people afk on Amrine Expedition. Pls fix BOT like this Thankyou!,friend uninstal game co guy lvling lvl meet people afk amrine expedition pls fix bot like thankyou,True,1
"I think the best thing is to form your own opinion about NewWorld in 2025 by playing the current version.
Follow the content that will come in the future ... it looks very good.
I think the game is on the right track.

",think best thing form opinion newworld playing current version follow content come future look good think game right track,True,1
"Disable Steam cookies @ [url]https://store.steampowered.com/account/cookiepreferences[/url]

Steam Support are [b]content[/b] [i](their words)[/i] with the current refund policy that allows devs to update games months/years after ""purchase"" where they can then remove [b][u]advertised features[/u][/b] that you paid for aka [b]bait & switch[/b] with no recourse [i](14day2hr - only exceptions are big backlashes).[/i]

[b]We really have [i]no control[/i] over our own [i]Steam Libraries[/i][/b] and its only a matter of time before it happens to a game [i]you care[/i] about as this becomes more prevalent with more and more games adding launchers years later, requiring 3rd party accounts (to collect and sell our data), updating [i]our[/i] 8+yr old games just to add advertisements for their new games or worse adding kernel-level spyware [i]""anti-cheat""[/i] and as mentioned removing advertised features like OS support, cross-play, or anything else they feel like removing because they can so long as it doesn't result in a big backlash and mass negative reviews - although even that they are already making negative reviews less impactful.

[h3][b]We get no offline installers, no (official) way to stop an update or revert it - not even to the version at time of [i]""purchase"".[/i] Most games are now requiring an always online connection (even for single player) and have no LAN or dedicated server to host our own servers. We have [b]no control over our libraries.[/b]

They want us to own nothing [strike]and be happy.[/strike][/b]

[i]""Buy""[/i] only at [b]high discounts[/b] or [b]DRM free[/b] with [b]LAN/Dedicated Servers.[/b][/h3]",disable steam cooky url steam support bcontentb itheir wordsi current refund policy allows devs update game monthsyears purchase remove buadvertised featuresub paid aka bbait switchb recourse idayhr exception big backlashesi bwe really ino controli isteam librariesib matter time happens game iyou carei becomes prevalent game adding launcher year later requiring rd party account collect sell data updating iouri yr old game add advertisement new game worse adding kernellevel spyware ianticheati mentioned removing advertised feature like o support crossplay anything else feel like removing long doesnt result big backlash mass negative review although even already making negative review less impactful hbwe get offline installers official way stop update revert even version time ipurchasei game requiring always online connection even single player lan dedicated server host server bno control librariesb want u nothing strikeand happystrikeb ibuyi bhigh discountsb bdrm freeb blandedicated serversbh,False,0
I hope you didn't spend a lot of money on that title...,hope didnt spend lot money title,False,0
"It's a fun game to gather, craft and wander around.",fun game gather craft wander around,True,1
"Imagine farming your entire year to collect all the end game gears, stock on material to upgrade them and the game changed the game to the new material to get new players to join and your whole storage is useless.",imagine farming entire year collect end game gear stock material upgrade game changed game new material get new player join whole storage useless,False,0
Even world selection is broken :[,even world selection broken,False,0
Please let this game die. I want to stop being reminded that I payed 60 bucks for this dumpster fire,please let game die want stop reminded payed buck dumpster fire,False,0
"Good-
I think it is really fun and nice to be able to change out classes. It's graphically pretty and the story was great. 

Bad- 
Paying so much to change hair, colours, tattoos is WILD that shouldn't be a cost or it should be in game gold. 
Ever since the last update, I have been crashing every time and my controller ( via PC) no longer works correctly. 
Having to switch builds is easy but you have to pay and change your stats everytime- you should have it when you switch from DPS to Healing the stats change with your gear slot. 

You have to pay for everything and yet nothing new has come into the game. It is becoming Fallout 76 real fast. Same content daily. Still will play though because I do enjoy it lol",good think really fun nice able change class graphically pretty story great bad paying much change hair colour tattoo wild shouldnt cost game gold ever since last update crashing every time controller via pc longer work correctly switch build easy pay change stats everytime switch dp healing stats change gear slot pay everything yet nothing new come game becoming fallout real fast content daily still play though enjoy lol,True,1
fun game with lots to do,fun game lot,True,1
"I've put 85 hours in so far and barely feel like I've scratched the surface. Haven't even gotten into PVP yet which seems like a big draw. Really enjoy the combat and lush world. It also runs good on the steam deck, which makes it the perfect game to sink an hour or two in before bed. 
",ive put hour far barely feel like ive scratched surface havent even gotten pvp yet seems like big draw really enjoy combat lush world also run good steam deck make perfect game sink hour two bed,True,1
Never liked MMO's very much but New World's combat is fun the grind isn't bad and you don't have to spend money on a monthly sub.,never liked mmos much new world combat fun grind isnt bad dont spend money monthly sub,True,1
"You know... It is a great MMO, needs work but for some reason, the devs have been given 3 or 4 chances to keep their player base, but they never make the effort to retain them, and so the player base dwindles. It's a shame.",know great mmo need work reason devs given chance keep player base never make effort retain player base dwindles shame,True,1
Fun first experience. The longer you play the more bugs you encounter. If you don't have a dedicated 25+ man group to participate in wars you will get stomped by the bug abusing / glitching clans. 9/10 times a territory is controlled by real world trading clans selling the gold.,fun first experience longer play bug encounter dont dedicated man group participate war get stomped bug abusing glitching clan time territory controlled real world trading clan selling gold,False,0
"quite fun. worth every penny. if you are looking for something to replace wow, it wont. It will however (in my opinion) replace eso, but dont get me wrong eso has a special place in my heart and is the same with wow. Alas, i can never bring myself to play either of the previously mentioned ever again. That being said my review may be slightly biased.",quite fun worth every penny looking something replace wow wont however opinion replace eso dont get wrong eso special place heart wow ala never bring play either previously mentioned ever said review may slightly biased,True,1
"i really wish this game would run (even remotely smoothly) after years of just thinking i needed to upgrade my pc i finally got a new gpu and decided to try this game out again only to find out it still runs like absolute trash wtf amazon games yall suck fr
Edit: changed my review because i guess i just needed to store the game on an ssd (im stupid)",really wish game would run even remotely smoothly year thinking needed upgrade pc finally got new gpu decided try game find still run like absolute trash wtf amazon game yall suck fr edit changed review guess needed store game ssd im stupid,True,1
"Forgetting its wierd history and coming into this with a fresh mind and attitude its a good game. Solo or not easy to play with or without friends. Lots of things to level up and engage with and the lifeskilling is quite decent. 

I could complain and gripe about bugs and whatnot but its still overall a good game and nothing really lights up as a game killer to me.",forgetting wierd history coming fresh mind attitude good game solo easy play without friend lot thing level engage lifeskilling quite decent could complain gripe bug whatnot still overall good game nothing really light game killer,True,1
"New World is one of the most disappointing MMOs in recent memory. Despite the initial hype, the game quickly revealed itself to be an empty shell with uninspired content and a painfully repetitive gameplay loop. The combat feels clunky and unbalanced, the endgame is a grindy mess and the economy is broken beyond repair. Worse yet, the developers seem more focused on adding flashy cosmetics than fixing core gameplay issues. It’s a textbook example of a game that prioritized marketing over substance. In short, New World is a massive waste of potential and time
mohsen safayi noob sag",new world one disappointing mmos recent memory despite initial hype game quickly revealed empty shell uninspired content painfully repetitive gameplay loop combat feel clunky unbalanced endgame grindy mess economy broken beyond repair worse yet developer seem focused adding flashy cosmetic fixing core gameplay issue textbook example game prioritized marketing substance short new world massive waste potential time mohsen safayi noob sag,False,0
game was fun until an update just stopped me from being able to play without crashing,game fun update stopped able play without crashing,False,0
"Pretty cool, also decently solo friendly i enjoy the artstyle, combat is cool and smooth and the gathering and crafting is pretty satisfying",pretty cool also decently solo friendly enjoy artstyle combat cool smooth gathering crafting pretty satisfying,True,1
Love the environments and the sound of mining and cutting trees in the distance,love environment sound mining cutting tree distance,True,1
"Trash game, sold as 1 time payment and drops paid DLC, no player count, just trash scam game.",trash game sold time payment drop paid dlc player count trash scam game,False,0
"please stop... how do you make a promising title, trash and then the ""FIX"" makes it worse.",please stop make promising title trash fix make worse,False,0
"I’ve got over 4,000 hours in New World: Aeternum, so I’ve been through it all—leveling, grinding, crafting, gearing up, and tackling pretty much every bit of content the game throws at you. And for the most part? It’s a blast. Learning expedition mechanics, pushing into raid content, upgrading gear, leveling weapons—that’s the good stuff. It’s rewarding, it’s challenging, and it’s why I kept coming back for thousands of hours.

The problem? Once you've done all that, there’s not much else to keep you going. Chest runs—aka joining a zerg to loot the same boxes every 24 hours—are straight-up boring. It’s the least engaging form of endgame, and unfortunately, it's one of the few repeatable things left once you're geared out. The game nails a lot of its core systems but really falls short when it comes to variety in late-game content.

Don’t get me wrong—New World is still 100% worth playing. If you’re into PvE, combat depth, or just love the grind, you’ll easily get hundreds or even thousands of hours out of it like I did. But once you hit the ceiling, you’ll definitely start wishing for more meaningful stuff to do on a daily basis.

TL;DR:
Amazing combat and PvE progression keep you hooked for ages, but the endgame could use more variety beyond chest zerging.",ive got hour new world aeternum ive allleveling grinding crafting gearing tackling pretty much every bit content game throw part blast learning expedition mechanic pushing raid content upgrading gear leveling weaponsthats good stuff rewarding challenging kept coming back thousand hour problem youve done there much else keep going chest runsaka joining zerg loot box every hoursare straightup boring least engaging form endgame unfortunately one repeatable thing left youre geared game nail lot core system really fall short come variety lategame content dont get wrongnew world still worth playing youre pve combat depth love grind youll easily get hundred even thousand hour like hit ceiling youll definitely start wishing meaningful stuff daily basis tldr amazing combat pve progression keep hooked age endgame could use variety beyond chest zerging,True,1
"Amazon Games’ New World launched in 2021 with ambition the size of Aeternum’s sprawling wilderness—and baggage just as heavy. What began as a PvP-focused survival sandbox evolved awkwardly into a full-fledged MMO, then struggled under the weight of inconsistent updates, endgame grind, and a bleeding player base.

Now, with New World: Aeternum, Amazon isn’t just trying to patch holes—they’re rebuilding the ship and inviting console players aboard. And while it’s not a flawless rebirth, it’s the most compelling version of New World to date.

The fictional island of Aeternum has always been New World's greatest strength: a hauntingly beautiful, cursed paradise filled with ancient ruins, corrupted creatures, and factions vying for control. Aeternum doubles down on that promise with a more focused narrative structure, voiced dialogue, and expanded lore.

The new story content introduces stronger characters, better pacing, and a sense of purpose that was missing at launch. You still gather resources and level up, but now you’re not just grinding—you’re adventuring.

Combat in Aeternum remains action-oriented—think dodge rolls, timed blocks, and skill-based strikes—but feels significantly more polished. The addition of target locking, improved animation feedback, and controller support make it feel less clunky and more deliberate.

The weapon system (you equip two, switching between them) continues to offer strong build diversity, and classless progression is still a major selling point. Want to be a heavy-armored mage who lobs ice storms while swinging a greatsword? You can.

The PvE content has seen noticeable improvements, and PvP remains an intense affair—especially in large-scale faction wars, which are now more stable and fun to participate in.

Aeternum preserves New World’s deep and rewarding crafting system. Nearly everything you wear, use, or sell can be player-made, and gathering professions feel meaningfully integrated into the world.

Base-building in the form of housing gets expanded utility, offering more than just cosmetic flair—adding real bonuses and customization, especially for solo players. If you like life-sim elements baked into your MMO, this is where Aeternum shines brightest.

With its launch on Xbox Series X|S and PlayStation 5, New World: Aeternum introduces a revamped UI, controller support, and full cross-play. It runs well on console hardware, thanks to engine improvements and streamlined interfaces.

For new players, the onboarding experience is vastly improved. You’re no longer dumped into an overwhelming world without direction. Now, the game guides you with story missions, tooltips, and better pacing.

Aeternum has done a lot right, but it still inherits some of its predecessor’s grindy DNA. Mid-to-late game content can feel repetitive, and while gear progression is smoother, it still requires commitment. Some systems—like territory control—remain complex and time-consuming for casual players.

And while cross-play is a great step forward, the game doesn’t quite bridge the gap between casual MMO fans and hardcore min-maxers. It walks the line—but not without stumbles.

New World: Aeternum is less a sequel and more a soft reboot, but it earns the right to ask for your attention again. The game is more focused, more fun, and far more complete than it’s ever been. It doesn’t reinvent the MMO genre, but it confidently reclaims its place within it—this time with sharper tools and a broader reach.

Whether you’re a returning player or stepping into Aeternum for the first time, there’s finally a compelling reason to make this world your own.

Best For: Fans of action MMOs, crafting-heavy progression, and immersive open worlds

Rating: 8/10",amazon game new world launched ambition size aeternums sprawling wildernessand baggage heavy began pvpfocused survival sandbox evolved awkwardly fullfledged mmo struggled weight inconsistent update endgame grind bleeding player base new world aeternum amazon isnt trying patch holestheyre rebuilding ship inviting console player aboard flawless rebirth compelling version new world date fictional island aeternum always new world greatest strength hauntingly beautiful cursed paradise filled ancient ruin corrupted creature faction vying control aeternum double promise focused narrative structure voiced dialogue expanded lore new story content introduces stronger character better pacing sense purpose missing launch still gather resource level youre grindingyoure adventuring combat aeternum remains actionorientedthink dodge roll timed block skillbased strikesbut feel significantly polished addition target locking improved animation feedback controller support make feel less clunky deliberate weapon system equip two switching continues offer strong build diversity classless progression still major selling point want heavyarmored mage lob ice storm swinging greatsword pve content seen noticeable improvement pvp remains intense affairespecially largescale faction war stable fun participate aeternum preserve new world deep rewarding crafting system nearly everything wear use sell playermade gathering profession feel meaningfully integrated world basebuilding form housing get expanded utility offering cosmetic flairadding real bonus customization especially solo player like lifesim element baked mmo aeternum shine brightest launch xbox series x playstation new world aeternum introduces revamped ui controller support full crossplay run well console hardware thanks engine improvement streamlined interface new player onboarding experience vastly improved youre longer dumped overwhelming world without direction game guide story mission tooltips better pacing aeternum done lot right still inherits predecessor grindy dna midtolate game content feel repetitive gear progression smoother still requires commitment systemslike territory controlremain complex timeconsuming casual player crossplay great step forward game doesnt quite bridge gap casual mmo fan hardcore minmaxers walk linebut without stumble new world aeternum less sequel soft reboot earns right ask attention game focused fun far complete ever doesnt reinvent mmo genre confidently reclaims place within itthis time sharper tool broader reach whether youre returning player stepping aeternum first time there finally compelling reason make world best fan action mmos craftingheavy progression immersive open world rating,True,1
good game if like to grind alot and farm alot,good game like grind alot farm alot,True,1
 I love this game a lot and it is one of the main games that I will play more than any other games,love game lot one main game play game,True,1
"started up seriously in season 7, was enjoying the game for the most part. My build had some counters in PvP and that was fine as I could manage for the most part but the release of season 8 took all the enjoyment out of the game. New ""balancing"" patch was absolutely busted 0 content released everything is always a ""preview"" 1 fix = 20 bugs. Game became completely unplayable for the first 2 weeks then with those fixes the game was at a point where my progress in the last 700 hours amounted to nothing and I could no longer enjoy the game and  no longer over look the countless exploits and gate keeping. Server I play on was 90% one faction so races and world PvP was always leveraged to one side. 

The excessive demand to farm to make insignificant amounts of gold no longer became worth my time and I could see why whole companies opted to just buy their gold instead of doing the PvE as your hour of grinding amounted to 1$ an hour. 
Developers seem to be brain dead and the management seem content with their game not making any real progress in terms of polishing their game to remove ""exploits"". 

The community is mostly toxic pos's who relish bullying anyone who plays a seemingly dead game that keeps condensing its servers. Though this never bothered me its just something you should be aware of as VOIP exists so getting called ""retard"" or some other slur even if you absolutely crush some one is fairly common practice, its like being in a COD lobby but you see the same people everyday instead of being able to get a new lobby every match. 

 There is 1 10m raid that is gatekept [Iv cleared it multiple times, its short and only 1 boss is actually challenging the rest are easier than some M2 bosses, 1 20m raid that no one seems to have done or know how to do outside top companies. You are locked behinds time gates to upgrade that can cost you hours of game time or weeks of waiting for Mutation rotations. The combat is OK  but lacks significant balancing as there is no way to stop a endless CC chain while also no way to mitigate huge AOE damage in larger combat situations, even in 3v3's where it feels better (least in season 7) you have to deal with this issue ontop of how healing is strong in 3v3 content but feels significantly weaker in larger group vs group situations. The class building is irrelevant as 90% of artifacts and builds are simply invalid so you will see 3 main builds for PVE and 5 builds for PvP making the RNG of getting perks tedious as majority of perk combinations are simply shit.
 

I have uninstalled the game knowing that fixes wont come as is the trend with AGS and the next season will simply be the release of this seasons previews with the same bugs with new previews we wont see for another 3-6 months. If you want to play this game, wait 4 more years for 1 more raid and then maybe itll be worth it and wont waste money on a expansion soon to become irrelevant.  You cant craft perfect gear with either 200K gold (1.5mil the gold cap) or 10+ days of grinding endlessly to craft prismatic that are locked to 10 per day but can be boosted to 12per day. (another way the game time gates you) but then again most people buy gold and this is irrelevant to them.",started seriously season enjoying game part build counter pvp fine could manage part release season took enjoyment game new balancing patch absolutely busted content released everything always preview fix bug game became completely unplayable first week fix game point progress last hour amounted nothing could longer enjoy game longer look countless exploit gate keeping server play one faction race world pvp always leveraged one side excessive demand farm make insignificant amount gold longer became worth time could see whole company opted buy gold instead pve hour grinding amounted hour developer seem brain dead management seem content game making real progress term polishing game remove exploit community mostly toxic poss relish bullying anyone play seemingly dead game keep condensing server though never bothered something aware voip exists getting called retard slur even absolutely crush one fairly common practice like cod lobby see people everyday instead able get new lobby every match raid gatekept iv cleared multiple time short bos actually challenging rest easier boss raid one seems done know outside top company locked behind time gate upgrade cost hour game time week waiting mutation rotation combat ok lack significant balancing way stop endless cc chain also way mitigate huge aoe damage larger combat situation even v feel better least season deal issue ontop healing strong content feel significantly weaker larger group v group situation class building irrelevant artifact build simply invalid see main build pve build pvp making rng getting perk tedious majority perk combination simply shit uninstalled game knowing fix wont come trend ag next season simply release season preview bug new preview wont see another month want play game wait year raid maybe itll worth wont waste money expansion soon become irrelevant cant craft perfect gear either gold mil gold cap day grinding endlessly craft prismatic locked per day boosted per day another way game time gate people buy gold irrelevant,False,0
"
I have seriously fallen in love with this game and my friend that introduced this to me!
I was never a gamer before and this is exactly a game that would draw people in to start gaming. 
I ended up being completely immersed in 'New World' and it was such a great change, from the character building, incredible graphics , and the PVP, hot damn!.. it just made my brain think on an entire different level.  I will always and forever be grateful to my best friend that introduced me to the ""real"" world of gaming and helped me truly understand how intelligent games can grow brain cells LOL.. 
You'll never know if you don't give it a shot and trust me , never thought I would say this, but...I LOVE gaming. 
#newgamer
",seriously fallen love game friend introduced never gamer exactly game would draw people start gaming ended completely immersed new world great change character building incredible graphic pvp hot damn made brain think entire different level always forever grateful best friend introduced real world gaming helped truly understand intelligent game grow brain cell lol youll never know dont give shot trust never thought would say buti love gaming newgamer,True,1
"I was kind of dreading writing this review because of this point... it's incredibly hard to put into words why this game is fun. I've asked others to help me describe what makes it fun.. and nobody can really do it. It's a blast! Something in the way the game is designed or maybe somebody traded their soul to make a good game.. I don't know.

The only negatives I can say about this game is the optimizations aren't really that great.. so make sure you have a good computer.",kind dreading writing review point incredibly hard put word game fun ive asked others help describe make fun nobody really blast something way game designed maybe somebody traded soul make good game dont know negative say game optimization arent really great make sure good computer,True,1
I would definitely recommend New World to other gamers. As an ex WoW player I thought it would just be similar and Inferior. However i found it much better and more immersive.,would definitely recommend new world gamers ex wow player thought would similar inferior however found much better immersive,True,1
this game is just stright out amazing!!1,game stright amazing,True,1
"When New World came out the game was very bland. The exploration was great, but the quests were all the same. However it was fun because you learned about all the systems in the game as you went along and wanted to know what was around every corner. But now 3 years later? It's an entirely different game. And not in a good way. The world is so vastly different than at launch I really know nothing about this world. The main cities are cluttered and hard to follow. The enemies you fight that used to offer some level of difficulty and enjoyable gameplay are now super easy to kill and offer no challenge (very diablo esc) and ALL of the fast travel areas I had before are reset so I have to rediscover the ENTIRE world to travel to cities I already discovered. Realistically it feels as though all of my efforts were wiped away and now I have to start from scratch. Also the fun systems I enjoyed like having an ammo limit and NEEDING food are now irrelevant systems in the game. It just lost all of its appeal. All they needed was better quests and more than 2k players per server, but no, reinvent the wheel. smh. Good game wasted. Thanks Amazon.",new world came game bland exploration great quest however fun learned system game went along wanted know around every corner year later entirely different game good way world vastly different launch really know nothing world main city cluttered hard follow enemy fight used offer level difficulty enjoyable gameplay super easy kill offer challenge diablo esc fast travel area reset rediscover entire world travel city already discovered realistically feel though effort wiped away start scratch also fun system enjoyed like ammo limit needing food irrelevant system game lost appeal needed better quest player per server reinvent wheel smh good game wasted thanks amazon,False,0
"What starts out as a decent and refreshing MMO gradually becomes an increasingly frustrating experience. The visuals are great and overall gameplay and combat are solid. The experience of getting to max level is pretty pleasant but once you hit max the experience quickly becomes a boring and relentless grind. Gear is centered around perks and max level gear will have 3 randomly assigned. Your job is to grind as much content as possible in the hopes of finding gear with the perfect combination of perks needed, I imagine several hundred hours would be required to get a full set. Its possible, but prohibitively expensive, to influence one of the perks when upgrading gear. Getting gear with all 3 desired is a very rare occurrence.

Alternatively you might decide to craft gear instead. With crafting you can use randomly dropped items to influence one of the perks, slightly reducing the random chance of getting the gear you need. However, before you're able to craft max level gear you need to max out crafting. Very few people actually accomplish this because the amount of materials needed for levelling are absolutely staggering. To give an idea of just how much grinding is required you will need roughly 850,000 (yes, eight-hundred and fifty thousand) leather alone to level just armouring. With getting between 15-40 resources per node, you'll be skinning, mining, logging, harvesting for several weeks to get just one of the 7 crafting professions maxed out. If that wasn't bad enough the already limited resource nodes scattered throughout the world are often preyed upon by an army of bots and other players masochistic enough to attempt the humiliating grind to max crafting level.

PvP is equally grindy and often completely baffling. Balance is a foreign concept in NW with seemingly minor changes uprooting well established class/builds rendering the current gear grind meaningless in one fell swoop. Some classes are absolutely useless in PvP altogether. Perks again play a major role in being successful in PvP, more so than with PvE. What perks you actually need is a mystery for the average player, the game gives no hint whatsoever as to what might make you survive just a few hits from veteran players. Unleashing your strongest attacks will often barely register on some players and devastate others. Although gear score is normalised for PvP the difference in having perfect gear perks and not is colossal. Unless you're prepared to dedicate your entire existence to min/maxing gear, I'd give the PvP a miss.

The final source of frustration is the prevalence of bugs that just should not be there. The game has been live for over 3 years and still suffers from embarrassingly simple but ultimately annoying glitches. Very often the map might not display everything correctly; the compass (no minimap here) frequently fails to register points of interest or gathering nodes nearby; UI elements get stuck on-screen; sudden crashes to desktop when logging in or an inexplicable failure to connect to the servers unless you do a reboot of your computer and router are common occurrences. Every new update will introduce new and exotic bugs to the experience.

I honestly can't recommend NW to anyone looking for their next long term MMO. If you get it cheap you might enjoy it for the 2-3 weeks before the frustration kicks in but don't expect to stay here long!",start decent refreshing mmo gradually becomes increasingly frustrating experience visuals great overall gameplay combat solid experience getting max level pretty pleasant hit max experience quickly becomes boring relentless grind gear centered around perk max level gear randomly assigned job grind much content possible hope finding gear perfect combination perk needed imagine several hundred hour would required get full set possible prohibitively expensive influence one perk upgrading gear getting gear desired rare occurrence alternatively might decide craft gear instead crafting use randomly dropped item influence one perk slightly reducing random chance getting gear need however youre able craft max level gear need max crafting people actually accomplish amount material needed levelling absolutely staggering give idea much grinding required need roughly yes eighthundred fifty thousand leather alone level armouring getting resource per node youll skinning mining logging harvesting several week get one crafting profession maxed wasnt bad enough already limited resource node scattered throughout world often preyed upon army bot player masochistic enough attempt humiliating grind max crafting level pvp equally grindy often completely baffling balance foreign concept nw seemingly minor change uprooting well established classbuilds rendering current gear grind meaningless one fell swoop class absolutely useless pvp altogether perk play major role successful pvp pve perk actually need mystery average player game give hint whatsoever might make survive hit veteran player unleashing strongest attack often barely register player devastate others although gear score normalised pvp difference perfect gear perk colossal unless youre prepared dedicate entire existence minmaxing gear id give pvp miss final source frustration prevalence bug game live year still suffers embarrassingly simple ultimately annoying glitch often map might display everything correctly compass minimap frequently fails register point interest gathering node nearby ui element get stuck onscreen sudden crash desktop logging inexplicable failure connect server unless reboot computer router common occurrence every new update introduce new exotic bug experience honestly cant recommend nw anyone looking next long term mmo get cheap might enjoy week frustration kick dont expect stay long,False,0
"It was a good MMO at first, but after a while, everything starts to feel the same. The towns, the skills it’s all just mirrored content. Going back to play now doesn’t appeal to me ,there's no sense of discovery left. PvE was enjoyable, especially if you like mastering skills, but it gets repetitive fast. PvP, on the other hand, was a laggy mess and plagued by balance issues. While patches have made some improvements, it’s not enough to bring me back. Just not fun anymore.",good mmo first everything start feel town skill mirrored content going back play doesnt appeal there sense discovery left pve enjoyable especially like mastering skill get repetitive fast pvp hand laggy mess plagued balance issue patch made improvement enough bring back fun anymore,False,0
"I was permanently banned for no reason after reinstalling the game. I hadn’t played in a long time and wanted to check it out again — only to find out I was banned without any warning.

The appeal system gives you one chance, and even that is handled by a bot with a copy-paste rejection. After that, there is no way to reach a human, and customer support refuses to help, always redirecting to the same broken portal.

I have never used cheats or third-party tools, and my account was clean. Yet I was flagged by Easy Anti-Cheat for nothing. No explanation. No review. No justice.

This game punishes loyal players and offers no proper support. Be careful if you're considering spending money on it — you might lose your access overnight and nobody will help you.",permanently banned reason reinstalling game hadnt played long time wanted check find banned without warning appeal system give one chance even handled bot copypaste rejection way reach human customer support refuse help always redirecting broken portal never used cheat thirdparty tool account clean yet flagged easy anticheat nothing explanation review justice game punishes loyal player offer proper support careful youre considering spending money might lose access overnight nobody help,False,0
"I've been starting and quitting games for awhile now, So far currently 83 hours in, i have yet to not play for less than 5 hours a day. I wonder how many hours I will accumulate, Aimhack - Pangea (Florida Highway Patrol Governor).",ive starting quitting game awhile far currently hour yet play less hour day wonder many hour accumulate aimhack pangea florida highway patrol governor,True,1
Pretty fun in its current state. That is all.,pretty fun current state,True,1
"This game should be a prime case study for the industry, PVE GAMES FAIL.

Full loot pvp from the start (like what was promised) would of made this game legendary.

when i hear the servers are turning off will be a celebration :D",game prime case study industry pve game fail full loot pvp start like promised would made game legendary hear server turning celebration,False,0
"Great game so far, brings me back to my fun times in WoW. The game is beautiful, ambiance is spot on. The PvP is different but a breath of fresh air from the normal tab target of old. It seems theyre building on endgame which is a good sign for the longevity of any MMO. There is a cash shop. it is not pay to win but they do lean heavy into the shop. for instance changing your characters appearence is not a doable with in-game currency a ""Barbershop Token"" must be purchased which is about $10.00 USD. there are methods to aquire premium currency in game for free but of course its slow and tedious. other than that the game is extremely good.",great game far brings back fun time wow game beautiful ambiance spot pvp different breath fresh air normal tab target old seems theyre building endgame good sign longevity mmo cash shop pay win lean heavy shop instance changing character appearence doable ingame currency barbershop token must purchased usd method aquire premium currency game free course slow tedious game extremely good,True,1
this game has alot going for it but the bugs and player base is terrible no skill base match up no balancing at all  like they made the game but couldnt give a dam if it playable,game alot going bug player base terrible skill base match balancing like made game couldnt give dam playable,False,0
"LOGIN BLOCKED : SUSPICIOUS SOFTWARE OR CORRUPTED INSTALL DETECTED, the other problem RANDOM BAN WELLL DONE",login blocked suspicious software corrupted install detected problem random ban welll done,False,0
My husband and I love to play this game together and seperately.  I love the open world adventure and crafting and he loves the pvp.  we have very different play styles in general but we both find so much to enjoy in this game! Highly recommend!  As an autistic female in my late 40s and a mostly retired professional mental health professional I find that i am able to enjoy play as an individual with little interaction with others while my husband who is outgoing and socially enthusiastic gets to enjoy all the interactive possibilities of the game.,husband love play game together seperately love open world adventure crafting love pvp different play style general find much enjoy game highly recommend autistic female late mostly retired professional mental health professional find able enjoy play individual little interaction others husband outgoing socially enthusiastic get enjoy interactive possibility game,True,1
"I played this game for over 100 hours, and frankly I can say I don't think I had fun for more than an hour of the gameplay. The game is extremely shallow with little end game content.",played game hour frankly say dont think fun hour gameplay game extremely shallow little end game content,False,0
I can wear pink and ride a bear disguised as a hippo.  5 out of 5 stars.,wear pink ride bear disguised hippo star,True,1
"   Someone bought this for me and it's so bad you literally couldn't pay me to play it. 
",someone bought bad literally couldnt pay play,False,0
This game has a great story line!,game great story line,True,1
"Amazing combat, needs more end game content ideally",amazing combat need end game content ideally,True,1
"I played New World when it first came out.. and soon lost interest cos the quests lacked depth (or much effort, other than a lot of running). I came back a couple of weeks ago and have already clocked up 50 hours. It is so much better. The quests & main story are much better scripted and planned out, the plot makes more sense,, the cut scenes are good. There is soooo much to do and the world is gorgeous. The world rewards exploring (which is my favourite way to play). Mmm; in short, I'm really enjoying it :-)
Yeah, some people are toxic (I have a theory trolls worry that if they stop typing, they'll instantly cease to exist), but you can filter out most of their noise using the social settings. I find that most people just leave you alone to play your way. There are group players and loads of solo players. The wide range of character build options are a bit overwhelming for my ancient brain but there's loads of advice online to help you with that.",played new world first came soon lost interest co quest lacked depth much effort lot running came back couple week ago already clocked hour much better quest main story much better scripted planned plot make sense cut scene good soooo much world gorgeous world reward exploring favourite way play mmm short im really enjoying yeah people toxic theory troll worry stop typing theyll instantly cease exist filter noise using social setting find people leave alone play way group player load solo player wide range character build option bit overwhelming ancient brain there load advice online help,True,1
Playing this through slowly really does make this game shine. When you aren't trying to rush or min max everything it really is a great game.,playing slowly really make game shine arent trying rush min max everything really great game,True,1
"Combat feels solid and satisfying. Movement feels good, especially climbing/vaulting. Weapon options are varied and fun. Environment is amazing, just with the depth of plant life and vistas. The beginning area feels like early North America. 
With almost all of the dialog voice acted it adds an extra touch of hard work that they've put in. 

Definitely a worthwhile MMO to check out and invest time in.",combat feel solid satisfying movement feel good especially climbingvaulting weapon option varied fun environment amazing depth plant life vista beginning area feel like early north america almost dialog voice acted add extra touch hard work theyve put definitely worthwhile mmo check invest time,True,1
Everything is good only PVP if you have high ping your animation will slow down,everything good pvp high ping animation slow,False,0
"fantastic game, lots of fun, beautiful graphics, fresh take on mmo's with the combat system",fantastic game lot fun beautiful graphic fresh take mmos combat system,True,1
Love the game. Having lots of fun.,love game lot fun,True,1
One of the best new player experiences for an MMO. Combat is very fun and diverse with the addition of action combat. Plenty of builds to try with their own variations. Endgame is pretty fun with PVP or PVE. The PVE side can be a little lacking once you have done all the content but it still has some of the best dungeons and raids I have done.,one best new player experience mmo combat fun diverse addition action combat plenty build try variation endgame pretty fun pvp pve pve side little lacking done content still best dungeon raid done,True,1
"Today I thought, ""Hey, why not see if New World is any better?""  Oh man.  Didn't even play the dang game because the servers closest to me US-West all have terrible ping.  In fact, every single server has awful ping.

No point in bothering.",today thought hey see new world better oh man didnt even play dang game server closest uswest terrible ping fact every single server awful ping point bothering,False,0
Combat is boring but game itself looks and feels great,combat boring game look feel great,True,1
"solid game, take a while but its solid now",solid game take solid,True,1
"Get the game on sale, that is the only way I can say its worth it.

The game is fun to play but definitely horribly mismanaged in classic Amazon Games Studio fashion.

The way they have PvP and PvE set up to rely on each other as much as they do really doesn't do the game any favors. They also just don't get certain drop rates right and the crafting systems are not grate. They have improved leveling and stuff so its not nearly as bad as it was previously but don't let that fool you into thinking its good now. It's definitely still bad. I would say one of the biggest ways they could improve it so that you could casually play the game is getting rid of the crafting up system. Having to farm so much of the lowest tier materials to craft up into the max tier is insanely mind numbing and just not worth your time. The structure of the crafting system literally encourages people to buy gold from third party sources which is not a great thing to have to say about a game.

Combat can be really fun though and they have a solid set of Dungeons in the game. Rotating the mutators though instead of just having them all up and then having bonus rewards on a rotating set is kinda dumb. It makes it much harder to get into the game when you have to wait for the Devs to arbitrarily decide you can have a chance of getting the stuff you want finally. This is especially relevant when you take into account that the artifact drop IS NOT guaranteed when you run through a mutated dungeon and you have a limited number of weekly runs.

Its a super solid set of ideas mishmashed into a mess of a game. There have been lots of minor improvements over the years that have gotten me to come back with my friends to have a fun time. Unfortunately bugs will live in the game for months to years or even forever before ever getting fixed. Overall if you can get the game for 50%+ off I would say its worth getting and playing.",get game sale way say worth game fun play definitely horribly mismanaged classic amazon game studio fashion way pvp pve set rely much really doesnt game favor also dont get certain drop rate right crafting system grate improved leveling stuff nearly bad previously dont let fool thinking good definitely still bad would say one biggest way could improve could casually play game getting rid crafting system farm much lowest tier material craft max tier insanely mind numbing worth time structure crafting system literally encourages people buy gold third party source great thing say game combat really fun though solid set dungeon game rotating mutators though instead bonus reward rotating set kinda dumb make much harder get game wait devs arbitrarily decide chance getting stuff want finally especially relevant take account artifact drop guaranteed run mutated dungeon limited number weekly run super solid set idea mishmashed mess game lot minor improvement year gotten come back friend fun time unfortunately bug live game month year even forever ever getting fixed overall get game would say worth getting playing,True,1
If your looking for a fun to play MMO this is a pretty poor example of one.  If you want to play full MMO experience and play against other players you will be open to attack from level 1 by maxed out players both in level and gear.  You cannot get the max level gear without playing in a PvP server and like with most MMO's it is a pay to win setup between monthly subscriptions and paid gear it kind of defeats the purpose of the game.,looking fun play mmo pretty poor example one want play full mmo experience play player open attack level maxed player level gear cannot get max level gear without playing pvp server like mmos pay win setup monthly subscription paid gear kind defeat purpose game,False,0
"still one of the best live-service rpgs out there. Unfortunatly development is slow and bugs stay for a long time. Besides that, awesome game.",still one best liveservice rpgs unfortunatly development slow bug stay long time besides awesome game,True,1
You can't possibly be surprised that Amazon made a bad game. This has to have been something you assumed.,cant possibly surprised amazon made bad game something assumed,False,0
"Leveling experience is incredibly fun, exploration, solo dungeons, life skills, super enjoyable. Been playing MMO-s for last 26+ years and this is in top 3 for sure with new player experience.

I've heard end-game it gets dull pretty quickly unless you're a massive pvp fan but i'd say the fun/money ratio is really good for a playthrough up until that point.",leveling experience incredibly fun exploration solo dungeon life skill super enjoyable playing mmos last year top sure new player experience ive heard endgame get dull pretty quickly unless youre massive pvp fan id say funmoney ratio really good playthrough point,True,1
"great game for everyone. Serious, casual or competitive players",great game everyone serious casual competitive player,True,1
Highly don't recommend this game because it's not fun,highly dont recommend game fun,False,0
"This game was great at launch. 
It's not really worth playing in it's current state.
Seems like there is only a bare bones team up keeping the game. 
Quality of life updates just aren't happening quick enough & it seems like the devs have put their attention elsewhere.

Queue times for dungeons/raids/outpost rush are insane so you can't farm any of the items from those.

The combat & weapons are amazing. Questing is fun. Crafting/farming materials is good (it use to be way more of a grind to craft, some high level crafting items are still way too expensive).

This was the type of game you really had to have played at launch as this game heavily relies on player numbers on your server.

They are doing themselves a disservice by not making any consistent social media content to bring in new players.
They only ever advertise new but uninteresting content updates.

It might be worth it for you to get this game on sale & level up a character. 
It just really falls off after that.",game great launch really worth playing current state seems like bare bone team keeping game quality life update arent happening quick enough seems like devs put attention elsewhere queue time dungeonsraidsoutpost rush insane cant farm item combat weapon amazing questing fun craftingfarming material good use way grind craft high level crafting item still way expensive type game really played launch game heavily relies player number server disservice making consistent social medium content bring new player ever advertise new uninteresting content update might worth get game sale level character really fall,False,0
I adore this game and have enjoyed my time in it! I guess I wish the community was more social. My only true gripe is it feels too easy. And I say that as someone who loves easy games. Still recommend it though!,adore game enjoyed time guess wish community social true gripe feel easy say someone love easy game still recommend though,True,1
"You can have fun sometimes, depending on the game devs, like most other games, up to you",fun sometimes depending game devs like game,True,1
"Fairly standard season based MMO... lots to do, could use some more areas to explore, but overall, pretty good",fairly standard season based mmo lot could use area explore overall pretty good,True,1
"I prefer to solo, 99% of the time and don't really engage with PVP stuff.  Having said that, I am enjoying the game quite a bit.",prefer solo time dont really engage pvp stuff said enjoying game quite bit,True,1
"I love the game but can't play it. Even with my Ryzen 7 9700x, Nvidia RTX 5070Ti this game is a PAIN to run. Even when setting the graphics on low i will skip and studder, even down right freeze or the screen with be basic colors with a black ground at my feet and my character falling through the ground. So i finally said forget it and uninstalled. Not worth the headache of trying to get this to run on a new pc. Amazon... fix your game, too many ppl have problems with it.",love game cant play even ryzen nvidia rtx ti game pain run even setting graphic low skip studder even right freeze screen basic color black ground foot character falling ground finally said forget uninstalled worth headache trying get run new pc amazon fix game many ppl problem,False,0
new update sucks havnt been able to get passed the loading screen before it crashes,new update suck havnt able get passed loading screen crash,False,0
"👍 [b] Pros: [/b]

[u] Fun and Fast-Paced Combat [/u]
The fighting system is smooth and exciting. You can easily switch between weapons and skills, which keeps battles fun and varied. It feels more like an action game than a typical MMO, and that’s a good thing.

[u] Crafting Feels Meaningful [/u]
If you enjoy gathering materials and making things, you’ll love this. Whether it’s cooking, blacksmithing, or woodcutting, crafting is well-designed and makes you feel like you’re progressing even outside of battle.

[u] Beautiful and Immersive World [/u]
The game looks stunning. From glowing forests to misty ruins, the world feels alive and is a joy to explore. It’s easy to get lost in the scenery—in a good way.

👎 [b] Cons: [/b]

[u] Low Player Population [/u]
Servers can feel pretty empty at times. It’s harder to find groups for certain content, and towns can feel a bit like ghost towns. This affects how social and active the game feels.

[u] Endgame Feels a Bit Repetitive [/u]
The early parts of the game are great, but once you hit the high levels, there isn’t as much to do. The endgame content doesn’t have the same excitement and can start to feel a bit samey.

[u] Not Easy for New Players [/u]
Group content can be tough for newcomers. Many experienced players assume you already know the mechanics, so if you're new, you might feel lost or left behind in high-level activities.",pro fun fastpaced combat fighting system smooth exciting easily switch weapon skill keep battle fun varied feel like action game typical mmo thats good thing crafting feel meaningful enjoy gathering material making thing youll love whether cooking blacksmithing woodcutting crafting welldesigned make feel like youre progressing even outside battle beautiful immersive world game look stunning glowing forest misty ruin world feel alive joy explore easy get lost sceneryin good way con low player population server feel pretty empty time harder find group certain content town feel bit like ghost town affect social active game feel endgame feel bit repetitive early part game great hit high level isnt much endgame content doesnt excitement start feel bit samey easy new player group content tough newcomer many experienced player assume already know mechanic youre new might feel lost left behind highlevel activity,True,1
Fun just to mess around on. Killing and farming,fun mess around killing farming,True,1
Always something to do or collect in this game. Hundreds of hours of fun to be had here.,always something collect game hundred hour fun,True,1
"The game was fun at first, but the grind and padding eventually go to be more grating than fun. Of course, then they did a big update and put all the much-needed QOL stuff behind a $30 paywall for a $60 game that should have been free-to-play, full of really expensive cosmetics.

If you're interested in it, definitely wait for it to be at least 50% off. You'll be waiting a long time, but it's the only way it ever comes close to being worth the money.",game fun first grind padding eventually go grating fun course big update put muchneeded qol stuff behind paywall game freetoplay full really expensive cosmetic youre interested definitely wait least youll waiting long time way ever come close worth money,False,0
"As someone who alpha tested, beta tested, and played at launch, I really enjoy this game. Having said that I am not an end game player.  I like it because I can hop in for 30 minutes at a time and still feel like I have accomplished something. I really enjoy the aesthetic of the game also.  To be fair the game has been really rough and I quit playing many times. But when I came back to beta test Aeternum prior to the console launch I was really impressed with how much they had fixed. Is the game niche? Yes. Is it worth the money? Depends on what you want out of it. But overall I think it is a great game.",someone alpha tested beta tested played launch really enjoy game said end game player like hop minute time still feel like accomplished something really enjoy aesthetic game also fair game really rough quit playing many time came back beta test aeternum prior console launch really impressed much fixed game niche yes worth money depends want overall think great game,True,1
New World is amazing! From the wonderful sound design to intricate crafting.  Now that there is swimming its a 10/10 for me!  Highly recommend as the replayability factor is very high!  Stop hating on Amazon and just enjoy a game for once!,new world amazing wonderful sound design intricate crafting swimming highly recommend replayability factor high stop hating amazon enjoy game,True,1
"Game is good, if you think differient or vote negative for server issues you might be gay. just saying. Use it as a sign to maybe go to the gym or get a job or something idk.",game good think differient vote negative server issue might gay saying use sign maybe go gym get job something idk,True,1
"Was shocked, game is actually fun despite the reviews. Make your own opinion and try it out. I'm hooked.",shocked game actually fun despite review make opinion try im hooked,True,1
"Game is dead currently! Bought it on pre-launch, it was nice before, the community was nice, there was a lot of people playing and it'd never be boring. Cause i like to pvp and the game mechanics are pretty nice for it, it basically rewards mechanics instead of leveling or itens. 

So years had gone by, decided to try it again, i liked the additions, the game looks prettier than before, they added new quests and a story which was lacking before. But now they drove the community to the ground. There were so many deflations, so many quests problems, that the game is now almost dead. You never cross many people, when there is someone, you see on the streets afk. Towns are dead, guild wars is like 15x15 players and not more than this. There is no one to do early dungeons with, so you cannot even do by yourself by over leveling. So yeah, you are stuck without doing a lot of things in game cause it requires more players. It is ok for the new story, but shitter if you want a mmo, go for WOW or Guild Wars, forget about this one. This one deserves to be buried for their own greed.

AND i forgot to mention, they made paid mounts. The game is expensive by itself, now they are charging you with if you want mounts. At least Guild Wars 2 is free and if you can get mounts by buying dlc. This greed Amazon has no place in game's business anymore.

Go for Guild Wars 2, people! Or the other new pvpve games being launched",game dead currently bought prelaunch nice community nice lot people playing itd never boring cause like pvp game mechanic pretty nice basically reward mechanic instead leveling itens year gone decided try liked addition game look prettier added new quest story lacking drove community ground many deflation many quest problem game almost dead never cross many people someone see street afk town dead guild war like player one early dungeon cannot even leveling yeah stuck without lot thing game cause requires player ok new story shitter want mmo go wow guild war forget one one deserves buried greed forgot mention made paid mount game expensive charging want mount least guild war free get mount buying dlc greed amazon place game business anymore go guild war people new pvpve game launched,False,0
tons to do tons to have fun with and very well done game at this point! new player friendly and very welcoming community!,ton ton fun well done game point new player friendly welcoming community,True,1
"The game has a unique combat system that makes it very different from any other MMO on the market. If you want to try an MMO with a unique action combat, a beautiful art direction, and amazing music, you must try this game.

Of course, it has some problems, especially because it is a new MMO, so don't expect to spend 1,000 hours into the game without feeling bored or frustated at some point because there's nothing to do, but for the current price (especially because there's no monthly sub), it is totally worth it, at least in my opinion.",game unique combat system make different mmo market want try mmo unique action combat beautiful art direction amazing music must try game course problem especially new mmo dont expect spend hour game without feeling bored frustated point there nothing current price especially there monthly sub totally worth least opinion,True,1
"I played this game once when it first came out and it was so broken. I stopped playing for years. 
Now I am a returning player and honestly, I do like the game. I like the story, the npcs are quite unique and have distinct voices and stories.
Someone once told me if you like RuneScape, WOW, and rust. You’ll like this game. I love leveling up my character and all the skills and trades. 

However, every update breaks something (what game doesn’t have that problem). The game is kind of dead. Yeah there’s like 6k players online at any given moment- but the game isn’t very new player friendly, there’s hardly anyone who will let you join raids for better gear. 
Since it’s hard on new players it can feel pay to win when people pay to get gear, pay others to carry them through dungeons etc. 
Since it’s difficult to find people to join you on raids, it’s hard to get better gear, there’s also “elite” quest lines which basically require 5 people to complete. Good luck asking random people online for help. 
It seems like the game is gearing toward PVP heavily. 
The people in chat are absolutely wild. I mean, I’ve played a lot of different types of games but NW is wild.",played game first came broken stopped playing year returning player honestly like game like story npc quite unique distinct voice story someone told like runescape wow rust youll like game love leveling character skill trade however every update break something game doesnt problem game kind dead yeah there like player online given moment game isnt new player friendly there hardly anyone let join raid better gear since hard new player feel pay win people pay get gear pay others carry dungeon etc since difficult find people join raid hard get better gear there also elite quest line basically require people complete good luck asking random people online help seems like game gearing toward pvp heavily people chat absolutely wild mean ive played lot different type game nw wild,True,1
was kinda great at some point in the past.,kinda great point past,False,0
great MMO love how easy it is to get started.,great mmo love easy get started,True,1
This is just another cashgrab.. amazon games is worse than EA or Ubisoft..  They're making Trion look charitable.,another cashgrab amazon game worse ea ubisoft theyre making trion look charitable,False,0
great game besides the fact they force pvp on artifact missions so yes it gets unplayable,great game besides fact force pvp artifact mission yes get unplayable,False,0
"Play it when it goes free, maybe it's worth it. But probably not.",play go free maybe worth probably,False,0
"I played New world on release and it was fun but ultimately empty with no end game and barely a mid game and the levelling was painfully slow.

A friend recently convinced me to come back and try it again. I came in with little to no expectations and was surprised.

The same fun fluid combat and crafting is all still there, the levelling has been sped up hugely, the game looks to have an end game now (although far less than a game of its age should).

HOWEVER hiding mounts behind a DLC paywall is scummy and without the DLC the end game still looks to be the same vapid lifeless mess. It also seems to get new content at what seems to be a glacial pace, and with the Aeturnum revamps seeming to have little effect on the player base I doubt that will change.

Do i recommend you buy New World? honestly only if u have friends to play with.

But for the 1 million people that have it on steam since release, honestly it is far better than it once was and well worth a shot again.

",played new world release fun ultimately empty end game barely mid game levelling painfully slow friend recently convinced come back try came little expectation surprised fun fluid combat crafting still levelling sped hugely game look end game although far less game age however hiding mount behind dlc paywall scummy without dlc end game still look vapid lifeless mess also seems get new content seems glacial pace aeturnum revamps seeming little effect player base doubt change recommend buy new world honestly friend play million people steam since release honestly far better well worth shot,True,1
"I like the game.  What I don't like is so many problems.  For instance, just now, tossed out of the game due to ""maintenance"".  No warning, just dropped out of the game.  It's very frustrating.",like game dont like many problem instance tossed game due maintenance warning dropped game frustrating,True,1
hi im truly in love with new world .but i cant afford the angry dlcright now.if theres any chance for a gift or support .it would mean the world to me / im a loyal fan and really appreciate your wok,hi im truly love new world cant afford angry dlcright nowif there chance gift support would mean world im loyal fan really appreciate wok,True,1
"Absolutely beautiful graphics, even just as an exploration survival game its cool. But its a full blown MMO with quests. The combat system is unique, and the idea that there are no classes ( except at character creation which is new in eternum ). But you can just put on w/e gear or w/e weapon swap them out and play that weapon. Love it",absolutely beautiful graphic even exploration survival game cool full blown mmo quest combat system unique idea class except character creation new eternum put gear weapon swap play weapon love,True,1
"Good game, lots of things to do and farm .... lost my wife lost my kids because I had to cut them Trees and sell them",good game lot thing farm lost wife lost kid cut tree sell,True,1
A $30 DLC to have any chance to compete in end game content is just absolutely asinine.,dlc chance compete end game content absolutely asinine,False,0
" Great game and combat system! Has what every MMO goes through like bugs after fixes and such. Can be greasy at times like every PVP orientated game. Recently made a new char to check out all the newer PVE story and that's great too. 

 4700+ hours and played since launch. I've burnt out a couple times and got all mad but I came back because the love is there for the game :)",great game combat system every mmo go like bug fix greasy time like every pvp orientated game recently made new char check newer pve story thats great hour played since launch ive burnt couple time got mad came back love game,True,1
"Even with its flaws, its still one of the best MMO out there for PVP, the combact is second to none.",even flaw still one best mmo pvp combact second none,True,1
